review_number,recommendationid,appid,target_label,review_text_clean,voted_up,label,is_match,confidence,evidence,reason,is_valid,error,raw_response,teacher_model,verification_version,human_keep,review_note
1,202258324,1849250,pos__bugs,"Game was great, while I could play it, anticheat update made it unavailable on Linux and on Deck, while it used to work perfectly. Thats a no go for me.",False,not_recommended,True,0.75,used to work perfectly,"The review explicitly states the game 'used to work perfectly' before an update caused issues, praising its previous stability.",True,,"```json
{
  ""target_label"": ""pos__bugs"",
  ""is_match"": true,
  ""confidence"": 0.75,
  ""evidence"": ""used to work perfectly"",
  ""reason"": ""The review explicitly states the game 'used to work perfectly' before an update caused issues, praising its previous stability.""
}
```",gemma3:27b,rare_positive_binary_v1,FALSE,
2,12662968,294700,pos__bugs,"Wright Micah Final Build 28.7 (remove not necessary & reworked a lot of sentences) steam this is the 4th edit with this game, o'k i was a little harsh about this game. this is alot bitter tune marden games, like cell of deta, grand theft Auto. it's just i wish it was more user frandly, that you can choose your customizations, from they early games especially putt-putt travels thew time. i really love this game, when i was 7 yers old when i first played this game. my father use to work for humongous. he livt shortly after 2002, sortly after pajama sam games to play of any day fsathermore i just love that it was intercoavie and gwared for the younger audience. all putt putt games was ok. The changes of the putt putt games was frustrating for every time. that they is no replayability. like hey order games. warning: read below about warnings with this game even applys to pajama sam 4 for windows systems feforewindows 8 might not work for remover of windows arou basic. systems runing windows 10 or on any build of windows 8.1 might refuse to launch without windows classic or basic. based on grapphucs cards that broke this software even pajama sam 4 life is rough when you lose your stuff. ( it's still possible to lay depending on your qraphics card). for me it works on intel hd graphics 4000, however Nvidia did not that i surd early on type. The netherland dutch will not work or launch from above. It did work on my computer and others that i vplunteer on computer shops. however some computer owners told me that switching the regional languaage in steam. under view or steam tune settings look for interface tune choose your language to natherland dench that it will work without crashing. however this feedback will or might not work depending on your computers hardware. i'll recommand pajama sam life is rough without your stuff over this game. this game on the other hand is not, as good for customizable compard to early versions of putt-putt games. pajama sam 4 and this putt-putt game is using yago engine, tune scumm. it is no longer passable to enable debug mode, if you have basic skills. or know what your doing. it may be enabled. not just that this game was a complate rapeoff of fatty bear's barthday surpise. that i stongly advise that game before; playing this game. that it's very similar. this game was eggravation; back in the day when macs ware dropped. still in 2016 no mac support. Also the activities are not to good compard to other humongous games. other than that is good is good to go. even pajama sam 4 is bitter tune this game, compared of customizable, play aspacts. yes it is true that both games suck beg time compared to thew Preceded. however I feel that this game is not accepranle to my standards do to begs that can't be fixed even with debugger tools enabled. If you want a game that has no violence of any kind or is not realistic this game will be perfent. overall, i regrat that this game was not recommended; the only reason why i did it it was i am done funded. that a 17 year old can't access deburg mode like in pajama sam 4. even now that am 18 as of march 17 1997. stell cannot enable it does anybody knows here if you do shere plase.",True,recommended,True,0.7,switching the regional languaage in steam...that it will work without crashing.,"The review explicitly states a fix for crashes by changing language settings, indicating positive evaluation of bug fixes/stability.",True,,"```json
{
  ""target_label"": ""pos__bugs"",
  ""is_match"": true,
  ""confidence"": 0.7,
  ""evidence"": ""switching the regional languaage in steam...that it will work without crashing."",
  ""reason"": ""The review explicitly states a fix for crashes by changing language settings, indicating positive evaluation of bug fixes/stability.""
}
```",gemma3:27b,rare_positive_binary_v1,FALSE,
3,201737871,3140120,pos__bugs,"I'm really enjoying this. This game would highly benefit from continued expansion/repair of the dictionary and overall expansion of the game, which I hope the dev does. Also, this says it's unsupported on Steam Deck but it works perfectly fine. *Edit: After 5 hours I've beat every difficulty other than pro, which is brutally difficult without good luck. I'd like to reiterate that I really like everything about this game but it just needs more content. Different modes and ways to play would be great.",True,recommended,True,0.75,it works perfectly fine,"The review explicitly states the game 'works perfectly fine' on Steam Deck despite being listed as unsupported, indicating positive technical stability and absence of bugs on that platform.",True,,"```json
{
  ""target_label"": ""pos__bugs"",
  ""is_match"": true,
  ""confidence"": 0.75,
  ""evidence"": ""it works perfectly fine"",
  ""reason"": ""The review explicitly states the game 'works perfectly fine' on Steam Deck despite being listed as unsupported, indicating positive technical stability and absence of bugs on that platform.""
}
```",gemma3:27b,rare_positive_binary_v1,TRUE,
4,175983094,3210520,pos__bugs,"I enjoyed this game quite a lot. Even though it's similar to the other anomaly hunting games, it gives you the joy of finding different anomalies withouth repeating too much. You even have the choice to only see the undiscovered anomalies after you get to floor 00. No bugs, well optimised and nice graphics. The only issue I had is that the atmosphere doesn't feel tense enough (maybe darker hallways or more jumpscares). I managed to get the all anomalies achievement, but I'm still missing three: [URL]",True,recommended,True,0.95,"""No bugs, well optimised""","The review explicitly states 'No bugs' and praises the game being well optimized, directly indicating positive evaluation of technical stability.",True,,"```json
{
  ""target_label"": ""pos__bugs"",
  ""is_match"": true,
  ""confidence"": 0.95,
  ""evidence"": ""\""No bugs, well optimised\"""",
  ""reason"": ""The review explicitly states 'No bugs' and praises the game being well optimized, directly indicating positive evaluation of technical stability.""
}
```",gemma3:27b,rare_positive_binary_v1,TRUE,
5,198357852,2255970,pos__bugs,"Yep, it is indeed a VN posed as an RPG. The story is simple and linear, your choices don't matter. The humor pushed me to just skip the story. One thing to praise about this game though, is that it is technically well-executed. The translation is good. The game is almost bug free (a minor one in the website tab). The BGM plays well with the text. It auto-loads and wins the previous boss fight when you reach a bad end. The combat is not tedious and plays well with the game theme. The CGs are so so, they are also re-used. I don't think the game length is worth the price, even at 50% off.",False,not_recommended,True,0.85,The game is almost bug free (a minor one in the website tab).,"The review explicitly states the game is 'almost bug free', which directly aligns with the definition of praising technical stability and absence of bugs.",True,,"```json
{
  ""target_label"": ""pos__bugs"",
  ""is_match"": true,
  ""confidence"": 0.85,
  ""evidence"": ""The game is almost bug free (a minor one in the website tab)."",
  ""reason"": ""The review explicitly states the game is 'almost bug free', which directly aligns with the definition of praising technical stability and absence of bugs.""
}
```",gemma3:27b,rare_positive_binary_v1,TRUE,
6,133476719,1804890,pos__bugs,"I've followed the dev process closely for it's whole duration. So I finally was able to give it a go. The gameplay is no surprise to me. But here is my opinion about the gaming ""feel"" I had after completing the first few campaign missions: The UI is snappy and the controls work perfectly fine. The music is (as for all OSTs from this creator) very nice. The dialogues previous to the missions are mostly light-hearted and entertaining. The only downside is, that I am really terrible at puzzles as well as RTS :| But the game is worth it. It's fun and engaging!",True,recommended,True,0.85,The UI is snappy and the controls work perfectly fine.,"The review explicitly praises the technical stability ('snappy UI', 'controls work perfectly') indicating a positive evaluation of the game's lack of bugs or issues.",True,,"```json
{
  ""target_label"": ""pos__bugs"",
  ""is_match"": true,
  ""confidence"": 0.85,
  ""evidence"": ""The UI is snappy and the controls work perfectly fine."",
  ""reason"": ""The review explicitly praises the technical stability ('snappy UI', 'controls work perfectly') indicating a positive evaluation of the game's lack of bugs or issues.""
}
```",gemma3:27b,rare_positive_binary_v1,FALSE,
7,157283877,2765540,pos__bugs,"[Solved]Game is Bugged, if You are in need of the 4 guide pieces They don't work after Level 30. The Developer fixed the Bug, and now I will Highly recommend this Beautiful game! It has amazing Pictures, and it's very relaxing to play. Love All these games!",True,recommended,True,0.95,"The Developer fixed the Bug, and now I will Highly recommend this Beautiful game!",The review explicitly states a bug was fixed and then expresses positive recommendation as a result.,True,,"```json
{
  ""target_label"": ""pos__bugs"",
  ""is_match"": true,
  ""confidence"": 0.95,
  ""evidence"": ""The Developer fixed the Bug, and now I will Highly recommend this Beautiful game!"",
  ""reason"": ""The review explicitly states a bug was fixed and then expresses positive recommendation as a result.""
}
```",gemma3:27b,rare_positive_binary_v1,TRUE,
8,202469687,3635710,pos__bugs,"Update: They actually fixed the bug that made it unplayable for me, im gonna update this review once i checked if this game is any good ^^ The first match was quite trivial, the second one on difficulty 11 changed that quite quickly. I'll change it to positive for now, until i played some more, unfortunately i dont have the time currently. I just wish there was a way to quickly sell items. Original Review: Phew, this will be a quick one since i cant even play a match. I started the game, everything is fine, graphics load etc. Then i start a round, all the textures are stretched towards the camera, cant see anything but stretched textures. Changed graphics settings multiple times and restarted the game. didnt help, oh well. Lesson learned",True,recommended,True,0.95,They actually fixed the bug that made it unplayable for me,"The review explicitly states a bug was fixed which allowed the user to play the game, indicating positive evaluation of technical stability.",True,,"```json
{
  ""target_label"": ""pos__bugs"",
  ""is_match"": true,
  ""confidence"": 0.95,
  ""evidence"": ""They actually fixed the bug that made it unplayable for me"",
  ""reason"": ""The review explicitly states a bug was fixed which allowed the user to play the game, indicating positive evaluation of technical stability.""
}
```",gemma3:27b,rare_positive_binary_v1,TRUE,
9,20687495,322540,pos__bugs,"I like the game, but there some serious annoyances. First the good. I love how the exploration ships are used for more than just exploration. That idea alone is brilliant. The thought of purchasing your war ships through private companies and performing research through those companies is a great idea, but I do not feel it was implemented well. Perhaps if each company specialized in something or gave you a patented technology that only they could provide, or some incentive to pick one company over the other then it would be outstanding. The game has that ""Just one more turn"" feeling to it, I did find myself wanting to see how something would improve my situation once it was finished being (built or researched). That is pretty much the end of the good for me. When I first read the description of the game where it described how you have to use media against your enemies and for your friends, I thought that is a great idea. Unfortunately, it is horribly implemented in this game. First the concept of how it works is pretty vague. I pictured it my mind that I would run some negative propaganda against my foe, and he would do the same and a short while later we would be at war, but the reality is the opposite. In my game every time I ran negative media against someone, they responded with positive media, which pretty much negates my negative media, which ends in neither of us going to war. As a sidenote, I find it ironically funny that I can run a propaganda item that says my enemy has been crossing our border illegally, but I can't actually cross my enemies border to attempt to start a war because we are not at war. Unfortunately, I was unable to experience any combat in my game as I could not declare war on anyone and could not start a war no matter how hard I tried. The media idea needs to be rethought in my opinion, or just scrapped all together. If there is one good thing about the media portion of the game it is that you can influence your own population to provide research bonuses, or defense bonuses, etc. Five races seems to be a bit slim, perhaps the developer is planning on adding more in an expansion pack. It seems to be pretty stable, I did not run into any gameplay issues, no crashes. I really hope the developer can make the game better, there are some great ideas here, but I feel it just needs more playtesting to iron out the wrinkles in the gameplay.",False,not_recommended,True,0.85,"It seems to be pretty stable, I did not run into any gameplay issues, no crashes.","The review explicitly states the game is stable and lacks crashes or gameplay issues, directly aligning with the positive evaluation of technical stability defined in the target label.",True,,"```json
{
  ""target_label"": ""pos__bugs"",
  ""is_match"": true,
  ""confidence"": 0.85,
  ""evidence"": ""It seems to be pretty stable, I did not run into any gameplay issues, no crashes."",
  ""reason"": ""The review explicitly states the game is stable and lacks crashes or gameplay issues, directly aligning with the positive evaluation of technical stability defined in the target label.""
}
```",gemma3:27b,rare_positive_binary_v1,TRUE,
10,203344985,1363740,pos__bugs,"Clean, satisfying WWII turn based tactics on superb maps 195 hours on record The Troop is a clean, satisfying WWII turn based tactics game, set on detailed and well-crafted battle maps. Visuals are surprisingly tasty when zoomed in, the tutorial gets you fighting fast, and the campaign plus historical scenarios offer plenty of variety with smooth, trouble free gameplay. Gameplay & Mechanics [] Tactical feel: Alternating turns with clear objectives, positioning, line-of-sight, smoke, terrain and cover all matter. [] Unit identity: Infantry, armour and artillery feel distinct, flanking and combined arms are rewarded. [] Flow: No steep learning curve and the tutorial gets you moving quickly. [] Scenarios: A decent campaign, solid skirmishes, and story scenarios based on historical actions keep things fresh. [] Maps: Varied, readable battlefields that make tactical choices obvious at a glance. [] Replay value:[ Objectives and starting positions invite replays to test different plans and strategies. Performance & Stability (195 hours) Stability: Gameplay is smooth and trouble free, no crashes or glitches in my experience. Graphics & Sound [] Visuals: Surprisingly detailed up close, vehicles, buildings and props have individuality and nice touches. I love when machine gun rounds ricochet off armour and streak into the camera. [] Audio: Functional rather than cinematic, weapons and explosions land, but the overall mix is fairly basic. Verdict The Troop nails the sweet spot: accessible, tactically satisfying and quietly handsome. It scratches that WWII itch and, after 195 hours, I still replay scenarios to try new approaches. Easy recommend.",True,recommended,True,0.95,"Gameplay is smooth and trouble free, no crashes or glitches in my experience.","The review explicitly states the game has 'no crashes or glitches' and describes gameplay as 'smooth and trouble free', directly aligning with the positive evaluation of technical stability defined for the pos__bugs label.",True,,"```json
{
  ""target_label"": ""pos__bugs"",
  ""is_match"": true,
  ""confidence"": 0.95,
  ""evidence"": ""Gameplay is smooth and trouble free, no crashes or glitches in my experience."",
  ""reason"": ""The review explicitly states the game has 'no crashes or glitches' and describes gameplay as 'smooth and trouble free', directly aligning with the positive evaluation of technical stability defined for the pos__bugs label.""
}
```",gemma3:27b,rare_positive_binary_v1,TRUE,
11,35099531,680890,pos__bugs,"A really great game, still working through it having clocked 28+ hours. The art is fanastic and the gameplay is fun and challenging. The game is very well made and is very polished with no bugs and simple controls. I would recommend this game to everyone as you can not go wrong with the price and the quality of the game really does make it an absolute steal! Also, great new update which made the gameplay and puzzle aspect of this game that much more enjoyable. Keep up the great work.",True,recommended,True,0.95,The game is very well made and is very polished with no bugs,"The review explicitly states the absence of bugs and praises the polish of the game, directly aligning with the target label's definition.",True,,"```json
{
  ""target_label"": ""pos__bugs"",
  ""is_match"": true,
  ""confidence"": 0.95,
  ""evidence"": ""The game is very well made and is very polished with no bugs"",
  ""reason"": ""The review explicitly states the absence of bugs and praises the polish of the game, directly aligning with the target label's definition.""
}
```",gemma3:27b,rare_positive_binary_v1,TRUE,
12,163502259,2297960,pos__bugs,"Here's my first 2hrs playing game review I'm not an FPS player but Relic Odyssey didn't make me feel dizzy or nausea. That's a big plus for people who don't often play FPS games. Game's plot is easy to understand and to play, game's pace is just right for me, not too fast or too slow to me feel asleep. Graphic is decent. HUD is simple, just display enough information for player, to me this is another plus point. No bugs in playing this game so far, but in terms of game experience it's not very good: - Lack of proper tutorial - The support language (Vietnamese) isn't good. Overall, I'm still enjoying playing this game despite the lacking I just wrote above.",True,recommended,True,0.85,No bugs in playing this game so far,"The review explicitly states the absence of bugs during gameplay, which directly aligns with the target label's definition.",True,,"```json
{
  ""target_label"": ""pos__bugs"",
  ""is_match"": true,
  ""confidence"": 0.85,
  ""evidence"": ""No bugs in playing this game so far"",
  ""reason"": ""The review explicitly states the absence of bugs during gameplay, which directly aligns with the target label's definition.""
}
```",gemma3:27b,rare_positive_binary_v1,TRUE,
13,101778396,1525330,pos__bugs,"Game was fun but VERY short and VERY buggy... I would recommend if they added some replayability and fixed the bugs. Short: I have beat the game on the 2nd hardest difficulty in about 5 hours Gameplay issues: Do not have that much control over what skills you are awarded and can upgrade (for example can do a playthrough wanting to focus on archers but never be offered the archer damage talent, or never being offered an upgrade for it, even spending all your gems rerolling the talents you did get) Finished the game at lvl 27 but some characters do not unlock till 30 (i have since leveled up through the area, but its very strange that there is units you cannot even try during a normal playthrough) Would be really nice if there was a way to get/upgrade skills and get exp etc after you finished the campaign to really min/max your account, this would also add length to the game. (also note the campaign is fun, but the arena is not, it takes way too long (30min+ of idle pretty much) to get to a challenge, possible to start on a higher wave?) Very Buggy, some i encountered: In arena sometimes when an enemy casts a skill it can get stuck on screen... This has happened to me in the first couple waves (aoe kept hitting my unit for the next 20+ waves) or on higher waves (game over as a high dps skill keeps firing and never stops, even when u killed the enemy casting it) In the campaign, when u reroll a skill, you can get multiple skills back if u click fast enough on the reroll button. The volume sliders just dont work... I had to just mute the game as somethings would be crazy quiet and some would be super loud even though i changed the volume down low on skills, some skills went on the low volume and some didnt... When i reached level 30, went into area, i did not have access to the level 30 units (was not able to upgrade past level 1).. Restarted the game, then it worked... when hitting 75 max unit count before level 10 (possible in arena with upgrades) it still lets u level up, but u pay gold and nothing happens (cant go over 75 unit cap) when hitting max 3500 gold (just keep hitting I in arena when its maxed, it will keep upgrading) you no longer can gain gold at all AND waves wont progress (game gets stuck) fullscreen cuts off the bottom of the screen (can no longer see how many units of each time i have summoned)",False,not_recommended,True,0.85,I would recommend if they added some replayability and fixed the bugs.,"The review explicitly states a positive recommendation *if* bugs are fixed, indicating praise for the potential of bug fixes.",True,,"```json
{
  ""target_label"": ""pos__bugs"",
  ""is_match"": true,
  ""confidence"": 0.85,
  ""evidence"": ""I would recommend if they added some replayability and fixed the bugs."",
  ""reason"": ""The review explicitly states a positive recommendation *if* bugs are fixed, indicating praise for the potential of bug fixes.""
}
```",gemma3:27b,rare_positive_binary_v1,FALSE,
14,202139142,3126530,pos__bugs,"First impressions: Extremely polished and bug-free for an early access release. The same good ol' D**mRL action. (Let's all take a moment of silence to extend a gigantic middle finger to Bethesda/Zenimax lawyers for going after that wonderful fan project.) But the dungeon changed. I didn't encounter an equivalent of the stairs to Hell's Arena in my run, so I dunno if the dungeon is a reskin and we can expect to encounter familiar places under a new name, or if it's a complete redesign. Redesign is better I guess, to get brand new content to play, since we can still download and play DRL, which is even getting new updates thanks to this game. I know most monsters are simply reskinned from D**mRL with the same mechanics, but I find the new sprites, sound and names well-chosen. Not knowing the capacities of a new, large enemy was really scary again, good job there. Some enemies also have variants (frost, poison) which I don't remember from the predecessor game. Perks have been reworked, for instance Reloader lvl2 is more powerful than lvl1 now, and lvl 3 has the effect from the previously separate ""Shottyman"" perk that depended on lvl2. One major, welcome convenience is that weapons that drop from enemies are always empty of ammo. Gone is the compulsive alterning between the G (pick up) and U (unload) keys to make sure you loot every bit of ammo on the map to make sure you don't penalize yourself. This is one instance where I'll take gameplay over ""realism"". If you're coming to this from Jupiter Hell and not D**mRL, prepare to enjoy the various liquid floors (water, acid, lava) and the destructible walls, they add so much to the atmosphere. I have some minor gripes with the UI (such as the one for modding weapons) which takes too many clicks and keystrokes to perform some actions, and makes it hard to compare weapons properly. Also, level generation is sometimes not that great, cutting off sections behind large bodies of acid or lava, which are very expensive to cross, and placing teleporters and levers that are too dangerous to be worth trying. Eventually, you'll figure out ways to deal with it, but those situations will always drain your resources, sometimes for nothing in return. (BTW, if you never experienced the original DRL, it's free, you can download it from chaosforge, or even easier, get the DRL mod for this game from the Steam Workshop.)",True,recommended,True,0.85,Extremely polished and bug-free for an early access release.,"The review explicitly states the game is 'bug-free' and 'polished', indicating positive evaluation of technical stability.",True,,"```json
{
  ""target_label"": ""pos__bugs"",
  ""is_match"": true,
  ""confidence"": 0.85,
  ""evidence"": ""Extremely polished and bug-free for an early access release."",
  ""reason"": ""The review explicitly states the game is 'bug-free' and 'polished', indicating positive evaluation of technical stability.""
}
```",gemma3:27b,rare_positive_binary_v1,TRUE,
15,54642305,733690,pos__bugs,"This game is short but i really enjoyed it. sure its wonky. I was never a big fan of horror games up until I bought my Vive. I got a bunch of horror games because there just wasn't that many VR things to experience. WOW! did I get sucked in to horror games and experiences. Sure most of them are super short. If I can make it through with no crashes I'm willing to overlook alot. This game is short but it scared me a few times. It's really creepy. Price is high at 6 bucks for 20 minutes or so but I feel like I got my money's worth. Sure it's not long & the graphics aren't eye popping & also the controls are a little weird but I really enjoyed myself. Just keep expectations low & you might be surprised at this one. I've definitely seen a lot worse. LOL, I know it isn't the best recommendation but it scared me, its creepy and game didnt crash & its only 6 bucks",True,recommended,True,0.85,If I can make it through with no crashes I'm willing to overlook alot...game didnt crash,"The review explicitly states the game did not crash and that the reviewer is willing to overlook flaws if there are no crashes, indicating positive evaluation of technical stability.",True,,"```json
{
  ""target_label"": ""pos__bugs"",
  ""is_match"": true,
  ""confidence"": 0.85,
  ""evidence"": ""If I can make it through with no crashes I'm willing to overlook alot...game didnt crash"",
  ""reason"": ""The review explicitly states the game did not crash and that the reviewer is willing to overlook flaws if there are no crashes, indicating positive evaluation of technical stability.""
}
```",gemma3:27b,rare_positive_binary_v1,TRUE,
16,159457886,2660850,pos__bugs,A very cute and addictive game. Only halfway finished but I've already repeated them all to get the perfect solution. Also works perfectly on the Steam Deck.,True,recommended,True,0.85,Also works perfectly on the Steam Deck.,"The review explicitly states that the game 'works perfectly', indicating technical stability and absence of bugs.",True,,"```json
{
  ""target_label"": ""pos__bugs"",
  ""is_match"": true,
  ""confidence"": 0.85,
  ""evidence"": ""Also works perfectly on the Steam Deck."",
  ""reason"": ""The review explicitly states that the game 'works perfectly', indicating technical stability and absence of bugs.""
}
```",gemma3:27b,rare_positive_binary_v1,TRUE,
17,198503627,599960,pos__bugs,"Dolgorax is a retro adventure mishmash sprinkled with tons of brutality and randomness. Does this sound like a good Sunday filler? This game promises a retro-styled experience, and it sure delivers on that front. However, everything feels undercooked and way too experimental to grab the attention of the average player. The story is nearly non-existent and delivered unskillfully, plus with broken English. You still should be able to understand the overarching plot but it bears little to no relevance to the rest of the gameplay; thus, it is easily skippable. Similarly, the platforming elements also fail to deliver. Jumps and movement lack the precision required by some sections resulting in more frustration than fun. Even the map layouts do not feel particularly inspired. Still, I can't deny the authors some props for originality. The gamut of styles and weirdness stands way above average. Still, it certainly won't fit the tastes of the majority(especially casuals). Finally, the occasional shooting sections lack engaging mechanics. Simple and bland shooting will most likely disappoint even the most ardent pew-pew players. I could not catch myself enjoying any of those game fragments. Meh, that is the most I can express after completing this product. Originality is not backed by the creative assembly and utilization of ideas. Regrettable. The retro style feels more like a cover-up for lack of design skill rather than a creative choice. The novelty of disjointed styles and themes wears off fast when faced with the blandness of the design. Everything feels underdeveloped or like a gimmick to sway your attention from the surrounding flaws. On top of that, the sexual content here is a false advertisement, as there is barely anything that could count as lascivious. Disappointment again. As for the audio side, there is enough to warrant a positive mark. There is a sufficient variety of retro tracks, and while none of them remained in my head, I can't find anything wrong with them. It is the only element that I found enjoyable, but only to a limited degree. I sure won't be buying the soundtrack but never turned the audio off during the ordeal. No complaints here. No bugs were encountered, but some problems with getting stuck in walls in some sections sure felt grating. Overall, this retro-style adventure title feels lacking on several fronts. From the pointless story to undercooked platforming, to bland shooting. I really wanted to like this game, but I can't honestly recommend it after the completion: 3.1/10",False,not_recommended,True,0.75,No bugs were encountered,"The review explicitly states 'No bugs were encountered', indicating positive evaluation of technical stability.",True,,"```json
{
  ""target_label"": ""pos__bugs"",
  ""is_match"": true,
  ""confidence"": 0.75,
  ""evidence"": ""No bugs were encountered"",
  ""reason"": ""The review explicitly states 'No bugs were encountered', indicating positive evaluation of technical stability.""
}
```",gemma3:27b,rare_positive_binary_v1,FALSE,
18,201364934,1207650,pos__bugs,"One of the best Story games I've ever played! Vast amound of characters, choices and paths to go down. Works perfectly together with its dlc too. Don't sleep on this!!!",True,recommended,True,0.85,Works perfectly,"The review explicitly states the game 'works perfectly', indicating technical stability and absence of bugs.",True,,"```json
{
  ""target_label"": ""pos__bugs"",
  ""is_match"": true,
  ""confidence"": 0.85,
  ""evidence"": ""Works perfectly"",
  ""reason"": ""The review explicitly states the game 'works perfectly', indicating technical stability and absence of bugs.""
}
```",gemma3:27b,rare_positive_binary_v1,TRUE,
19,54564047,1010133,pos__bugs,"Excelent and well developed, nice of you guys to give us another 2 bonus engines, that's a huge thing. Tho it dose not cover many wagon variants. There are no oil, milk, cattle, sheep, open flatbeds, the familar engineer caboose with the fireplace chimmy which normally goes at the end of the train and no coal wagons either. I am giving it a thumbs up overall but I am also asking the devs to expand this product fully. No bugs or glitches present, you should experience a very rich and detailed simulation if your pc meets the requirements, there is still plenty to do and I have to give the class 08 a double thumbs up as it has extra features.",True,recommended,True,0.95,No bugs or glitches present,"The review explicitly states the absence of bugs and glitches, directly aligning with the target label's definition.",True,,"```json
{
  ""target_label"": ""pos__bugs"",
  ""is_match"": true,
  ""confidence"": 0.95,
  ""evidence"": ""No bugs or glitches present"",
  ""reason"": ""The review explicitly states the absence of bugs and glitches, directly aligning with the target label's definition.""
}
```",gemma3:27b,rare_positive_binary_v1,TRUE,
20,203566120,3593780,pos__bugs,"I bought this game after seeing it in a video, suffice it to say I 100%'d it the same day. This is a fantastic time waster that is very easy to min-max, it ran flawlessly, no crashes, the only music is a singular song loop so put on your own tunes. Very laid back. Well worth the price as listed and if its on sale then its an even better steal. an easy 6-10 hour one and done time killer that wont waste your time",True,recommended,True,0.95,"it ran flawlessly, no crashes","The review explicitly states the game 'ran flawlessly' and had 'no crashes', directly indicating positive technical stability.",True,,"```json
{
  ""target_label"": ""pos__bugs"",
  ""is_match"": true,
  ""confidence"": 0.95,
  ""evidence"": ""it ran flawlessly, no crashes"",
  ""reason"": ""The review explicitly states the game 'ran flawlessly' and had 'no crashes', directly indicating positive technical stability.""
}
```",gemma3:27b,rare_positive_binary_v1,TRUE,
21,39115994,689790,pos__bugs,"Foreword - This is actually my first time using VEGAS Pro for video editing. But I do have experience with AE and AP. I'd rate this way above AP and much closer to AE. I've done minor editing with this for now and don't know the full capabilities but I can see great potential. Runs well even on 'Okay' and 'Good' hardware. Currently using this with an i5-6600K, 8GB of RAM, and a GTX 1060 6GB. TL:DR - If it's cheap during sale then grab it. Got the bundle for around $100 which is way cheaper than full price. PRO: Works and loads fast. Fast render times too. Support for LUMIX GH5 (Giff me!) Relatively easy to use. (As long as you've some experience with other software) Saves projects really fast. CON: Crashes. A LOT. (Good thing the save feature works fast. Also, you can recover some things if you didnt' save) *AS OF OCTOBER 28, 2019* THIS IS SO BAD. From the explorer function, right clicking a video causes it to crash. This isn't some avoidable case. There is no workaround for this. Totally disrupts production. I HAVE NO IDEA WHY THEY RELEASE NEW VERSIONS EVERY YEAR WHEN THEY CAN'T EVEN SEEM TO PERFECT OR AT LEAST MAKE STABLE THE PREVIOUS VERSIONS. DO YOURSELF A FAVOR AND GO ADOBE CS. *AS OF AUGUST 2020* It works fine now. That took some time but it's working properly now without crashing. In fact, I hadn't had a crash in a long time. EDIT: Tried adding effects, crashes everytime.",False,not_recommended,True,0.85,"It works fine now. That took some time but it's working properly now without crashing. In fact, I hadn't had a crash in a long time.","The review explicitly states that the software was previously unstable and crashed frequently, but has since been fixed and is now stable ('without crashing'). This aligns with the definition of praising successful bug fixes.",True,,"```json
{
  ""target_label"": ""pos__bugs"",
  ""is_match"": true,
  ""confidence"": 0.85,
  ""evidence"": ""It works fine now. That took some time but it's working properly now without crashing. In fact, I hadn't had a crash in a long time."",
  ""reason"": ""The review explicitly states that the software was previously unstable and crashed frequently, but has since been fixed and is now stable ('without crashing'). This aligns with the definition of praising successful bug fixes.""
}
```",gemma3:27b,rare_positive_binary_v1,FALSE,
22,17775284,297720,pos__bugs,"This is a game about being away from your family for work. A parallel commentary from the in game character and the Game Designer. (One of the Game Designer's family plays the family of the protagonist in game) I beat the game in right about 5 hours. No crashes or glitches. My wife watched me play and she and I both really felt the emotional impact moments from the game. I thought there were spots for some achievements, but maybe not many. The game starts out as a straightforward mystery, and then takes a turn to the surreal. This is more of a game to inspire contemplation rather than wrap everything up nicely. Most of the progression on the mystery is done via optional objectives, and if you don't do them you will be totally lost at the end. If you do all of the optional objectives the message of the game is deceptively easy to understand and only obfuscated by the preconceptions that you bring. Good game. Surreal ending, but good game.",True,recommended,True,0.95,No crashes or glitches.,"The review explicitly states the absence of crashes and glitches, directly aligning with the definition of praising technical stability.",True,,"```json
{
  ""target_label"": ""pos__bugs"",
  ""is_match"": true,
  ""confidence"": 0.95,
  ""evidence"": ""No crashes or glitches."",
  ""reason"": ""The review explicitly states the absence of crashes and glitches, directly aligning with the definition of praising technical stability.""
}
```",gemma3:27b,rare_positive_binary_v1,TRUE,
23,75346605,1075550,pos__bugs,I personally love the run-n-gun feature of this game. It's great for both speedrunning or playing the game for the story line. So far the gameplay is smooth; with no bugs or technical issues found within my hours of gameplay. Kudos to development team that spent hours of effort in making this wonderful game! I highly recommend this game thanks to its Metal Slug kind of gameplay.,True,recommended,True,0.95,So far the gameplay is smooth; with no bugs or technical issues found within my hours of gameplay.,"The review explicitly states the absence of bugs and technical issues after significant playtime, directly aligning with the target label's definition.",True,,"```json
{
  ""target_label"": ""pos__bugs"",
  ""is_match"": true,
  ""confidence"": 0.95,
  ""evidence"": ""So far the gameplay is smooth; with no bugs or technical issues found within my hours of gameplay."",
  ""reason"": ""The review explicitly states the absence of bugs and technical issues after significant playtime, directly aligning with the target label's definition.""
}
```",gemma3:27b,rare_positive_binary_v1,TRUE,
24,202619953,21000,pos__bugs,"the game is just as good as i remember as a kid, BUT keep in mind it does have issues with crashing, it took me up to an hour just to get it fixed and playable without crashing. in game video settings turn vsync on and make sure you go to launch options under properties in steam library on the game and put ""-windowed"" on the launch options. should be crash free and smooth. the game ran wayyy better on windowed with no crashes.",True,recommended,True,0.85,took me up to an hour just to get it fixed and playable without crashing.,The review explicitly states the game had crashing issues but praises the user's ability to fix them and achieve a crash-free experience.,True,,"```json
{
  ""target_label"": ""pos__bugs"",
  ""is_match"": true,
  ""confidence"": 0.85,
  ""evidence"": ""took me up to an hour just to get it fixed and playable without crashing."",
  ""reason"": ""The review explicitly states the game had crashing issues but praises the user's ability to fix them and achieve a crash-free experience.""
}
```",gemma3:27b,rare_positive_binary_v1,FALSE,
25,44269092,860640,pos__bugs,"I want to leave a review here because many people gave bad review because of the bugs in this game. I can definitely say that a lot of those bugs are fixed quickly by the devs and by version 1.02 it is playable for me. There are some more things I would like to be changed by the devs such as the movement controls which feel like driving a tank, but I'm sure the devs are working on it and I will update this review when the devs changed the movement system. As for learning the language? Yeah, it really feels like you are dumped in a strange environment with a strange language that you must learn to understand what the people are saying. Really helps with the immersion problem I've been having when learning a new language. I managed to learn extremely quickly using this game, so I say this game really achieves the goal of helping people learn a new language. It is rare seeing a language learning game like this in Steam, other than Influent as far as I know, but it's good that we're having more of these games. I am sure the devs will quickly fix the bugs and the controls in time, so if you're reading this devs, please don't get discouraged by the bad reviews, okay? Oh and thank you for making this game, it really helps my language learning!",True,recommended,True,0.95,a lot of those bugs are fixed quickly by the devs and by version 1.02 it is playable for me.,"The review explicitly states that bugs were fixed, leading to a playable experience. This directly aligns with the definition of praising bug fixes.",True,,"```json
{
  ""target_label"": ""pos__bugs"",
  ""is_match"": true,
  ""confidence"": 0.95,
  ""evidence"": ""a lot of those bugs are fixed quickly by the devs and by version 1.02 it is playable for me."",
  ""reason"": ""The review explicitly states that bugs were fixed, leading to a playable experience. This directly aligns with the definition of praising bug fixes.""
}
```",gemma3:27b,rare_positive_binary_v1,TRUE,
26,45918698,950130,pos__bugs,"The art style, music and sounds make me feel like I am in a sci-fi movie from the 80s. There is a lot of combat but it also feels a lot like exploring a planet with alien plants and disgusting creatures. Finishing my first planet took about 1 hour. After exploring for a while I found a creepy cave with the, lets call it, ""last piece of DNA"" in it. That was kind of unexpected and I am curious what other hidden things there are on other planets! (It is not supported but I am actually playing on Linux and it works perfectly!) PS: ♥ the dog",True,recommended,True,0.85,(It is not supported but I am actually playing on Linux and it works perfectly!),"The review explicitly states the game 'works perfectly' despite lacking official Linux support, indicating positive technical stability and absence of bugs on that platform.",True,,"```json
{
  ""target_label"": ""pos__bugs"",
  ""is_match"": true,
  ""confidence"": 0.85,
  ""evidence"": ""(It is not supported but I am actually playing on Linux and it works perfectly!)"",
  ""reason"": ""The review explicitly states the game 'works perfectly' despite lacking official Linux support, indicating positive technical stability and absence of bugs on that platform.""
}
```",gemma3:27b,rare_positive_binary_v1,TRUE,
27,104260005,1599000,pos__bugs,"Really excellent first-person shooter! At first, I didn't expect a lot from it, but I was very surprised. - an overall high quality VR shooter - although EA, I encountered no bugs at all - very entertaining and balanced gameplay - nice and fluid animation of the enemy soldiers and robots - wonderful retro 80s/Tron vibe - I love how the world seems to be build/un-build when you move through it - bullet-time never gets old + other fun power-ups - nice variety of levels - fantastic performance on a mid-range gaming laptop!! Recommended if you can appreciate a pure mindless shooter with a 80s arcade feel.",True,recommended,True,0.95,"although EA, I encountered no bugs at all","The review explicitly states the absence of bugs despite being an Early Access title, which directly aligns with the target label's definition.",True,,"```json
{
  ""target_label"": ""pos__bugs"",
  ""is_match"": true,
  ""confidence"": 0.95,
  ""evidence"": ""although EA, I encountered no bugs at all"",
  ""reason"": ""The review explicitly states the absence of bugs despite being an Early Access title, which directly aligns with the target label's definition.""
}
```",gemma3:27b,rare_positive_binary_v1,TRUE,
28,122573708,1934700,pos__bugs,"Drifting Kings has the potential for a truly special game, no doubt online personalities like Goosiest will soon showcase this game on their channel once it gets shared around and becomes more well-known. Only having 30 minutes in Drifting Kings so far, this won't be an in-depth review of the experience, but it was so enjoyable that I needed to share my joy of it. Keep in mind also that I've only played the Touge mode of the game, but there is so much content in it that it could be a game all by itself. There is a staggering number of tracks and cars to choose from, there's something for everyone in Drifting Kings. Visuals: The style is reminiscent of games like Capcom's 2002 ""Auto Modellista"" with a strong Japanese influence. Sakura leaves will float through the air, the mountain scenery is just like the Japanese locations, and there are nice little touches of things like other drivers and fans excitedly cheering the racers on, life continuing on far in the background, these things help immersion and make you feel like you're in a real race with your own aspirations and goals. Featured also is visuals like brake lights having a red trail to them, huge puffs of smoke from the tyres, it feels like playing an anime. There're some aspects of it that are rough around the edges, literally and figuratively, but these things will likely be improved as from the looks of things, the developer is passionate about this new experience and will want to spruce everything up overtime. Gameplay: The drifting feels excellent, once you get the hang of it's really satisfying, the car will feel like it's moving in and out of traction unlike some other games with drifting in them, where it feels like you 'glide' through corners. The physics at times remind me of the ""Initial D Arcade Stage"" games, it's a serviceable combination of arcade and realism. There's both a manual and automatic transmission mode. There's also controller and wheel support, but I haven't tested the wheel support, so I can't speak on it yet. The vibration on the controller feels awesome and helps feed the players imagination. There are some issues though, there's a lack of speed, you are going very fast at most points yet you still feel slow for some reason, a screen effect of wind flurrying past the player attempts to help this feel of speed but it still doesn't quite hit the mark. The cars feel really light, it's easy to flip your car or turn it on its side, maybe this is intended, but it didn't feel right to me. AI: The AI is both exciting to race against and troubling to fight. Something that's greatly appreciated is that the AI can make mistakes, and often drive like a real human, which again helps the feeling of immersion and world-structure. The troubling parts come in with their aggression, a little bump here and there is OK and even could happen in real life, but it is not just slight scrapes. Because of the 'floaty' weight of the cars, it's quite easy to get a car to propel into the air if you hit them from behind. At the start of a race, one of the cars will almost always get hit from behind and get thrown into the air, it breaks immersion and also makes the race frustrating at times, especially considering that there is no physical car damage, so the AI that does this doesn't get any consequences at all. Performance: It's... not good, at least in my experience so far, and maybe it's just my computer? So don't get put off from what I say, try it for yourself. I have above the recommended specs for Drifting Kings, yet on anything but low and very low quality mode, the games suffers from constant FPS drop, hovering around 15-25. The pop-in of trees is something that isn't nice to see, so I wish ultra and high quality mode could be played without the FPS drops. UI: The UI isn't good yet, not bad though. The controller doesn't work for most menu features (but does work perfectly in-game, don't worry), and there's nothing truly eye-catching about the in-game UI, it's lacking in a flair that the rest of the game has. Multiplayer: The game is still new, so there isn't many people that are aware of it yet. Finding this game was even accidental on my part, I've never seen any videos or promotional material for it before purchasing the game (I feel lucky to have stumbled across it though, this game is an experience worth more than the asking price). I couldn't find any servers, and considering I'm in Oceanic, it's unlikely I will until this game gathers more popularity. It isn't a problem though, the single-player and career mode is packed to the brim with content. Overall: Drifting Kings is a spectacular demonstration of an artists passion for this lifestyle and sport. It bleeds personality, and is an excellent pick up and play sort of game. The physics aren't frustrating aside from a hiccup here and there, but I'm certain these will be ironed out, the developer seems to be really focused on crafting this experience to its fullest potential. Remember, drive safe, drive fast, drive hard.",True,recommended,True,0.75,"but these things will likely be improved as from the looks of things, the developer is passionate about this new experience and will want to spruce everything up overtime.","The review acknowledges some issues (performance, UI, AI) but expresses confidence that the developer will fix them. This indicates a positive evaluation of the potential for bug fixes and improvements.",True,,"```json
{
  ""target_label"": ""pos__bugs"",
  ""is_match"": true,
  ""confidence"": 0.75,
  ""evidence"": ""but these things will likely be improved as from the looks of things, the developer is passionate about this new experience and will want to spruce everything up overtime."",
  ""reason"": ""The review acknowledges some issues (performance, UI, AI) but expresses confidence that the developer will fix them. This indicates a positive evaluation of the potential for bug fixes and improvements.""
}
```",gemma3:27b,rare_positive_binary_v1,FALSE,
29,201825930,774801,pos__bugs,"Can only be described as a 'passion project'-- massively underpriced for it's quality and quantity, well balanced with no bugs. A game made by a dev who understands what makes a game 'fun' from the player's perspective and has taken every step to ensure that- lighthearted, crazy, fun, engaging, with infinite replay value and customization. There is never a dull moment where the game does not keep you guessing what's next, with new things to try, and new strategies to unlock. Definitely not an 'early access' game for how developed it is. I look forward to seeing what O'Broin does next Also crabs. (also nightmare+allmods is the only real gamemode)",True,recommended,True,0.95,well balanced with no bugs,"The review explicitly states the game is 'well balanced with no bugs', directly aligning with the positive evaluation of technical stability and absence of bugs.",True,,"```json
{
  ""target_label"": ""pos__bugs"",
  ""is_match"": true,
  ""confidence"": 0.95,
  ""evidence"": ""well balanced with no bugs"",
  ""reason"": ""The review explicitly states the game is 'well balanced with no bugs', directly aligning with the positive evaluation of technical stability and absence of bugs.""
}
```",gemma3:27b,rare_positive_binary_v1,TRUE,
30,98056467,868880,pos__bugs,"The level design is spectacular, the puzzles have a wide variety and are well done, and the game can be completed fairly quickly. No bugs or mistakes that I saw, definitely a must-play for a chill afternoon day.",True,recommended,True,0.95,No bugs or mistakes that I saw,"The review explicitly states the absence of bugs and mistakes, directly aligning with the target label's definition.",True,,"```json
{
  ""target_label"": ""pos__bugs"",
  ""is_match"": true,
  ""confidence"": 0.95,
  ""evidence"": ""No bugs or mistakes that I saw"",
  ""reason"": ""The review explicitly states the absence of bugs and mistakes, directly aligning with the target label's definition.""
}
```",gemma3:27b,rare_positive_binary_v1,TRUE,
31,203328008,1283970,pos__bugs,Works flawlessly! I use it on GW2 and the customization is endless. A must for those busy events when you lose your cursor.,True,recommended,True,0.95,Works flawlessly!,"The review explicitly states the game 'works flawlessly', indicating a positive evaluation of technical stability and absence of bugs.",True,,"```json
{
  ""target_label"": ""pos__bugs"",
  ""is_match"": true,
  ""confidence"": 0.95,
  ""evidence"": ""Works flawlessly!"",
  ""reason"": ""The review explicitly states the game 'works flawlessly', indicating a positive evaluation of technical stability and absence of bugs.""
}
```",gemma3:27b,rare_positive_binary_v1,TRUE,
32,160335419,2110760,pos__bugs,"My Experience I'm often drawn to stealth games, especially when I'm given clear information on what enemies can perceive. Although it's clearly a budget title, the trailer and screenshots for Heist Master led me to believe that it could provide this type of information. And honestly, it does - it's clear when you're in an enemy view cone (the cone turns red), how far the sound travels when you step on a metal floor or shatter glass, and when you're hidden by smoke and can remain safe from enemies or automated turrets. Your thief can dispatch enemies quickly with attacks from behind, and can don costumes that allow him to traverse certain areas without detection (for a limited period of time - these costumes seem to disintegrate after a period of time for some reason). I was generally able to complete the levels quickly, especially when the four-digit passcodes and keys are so clearly visible in the game's isometric perspective. Within each set of levels you can purchase upgrades from time to time to enhance your thief or reduce the effectiveness of enemies or cameras in the levels that remain in the set. I would usually purchase some of these (I didn't know what else to do with my money), but I wouldn't call them necessary for success. Although the game was cheap, I still found myself wanting more cohesive and substantial content from it. I played sets of levels in a variety of locations (the casino that you see in the trailer has nine levels), and it felt as though these levels were randomly pulled from a bag. As I played, both locations and levels seemed to be repeated. After a while, I found myself just trying to unlock all of the characters, since the game provided me with no larger-scale goal. The last character I could unlock was Spider-man, but unlocking him required completing randomized sets of challenges. One of these challenges was using a zipline a certain number of times. It was easy to use ziplines, since your thief is essentially required to use them for basic traversal in various levels. However, the game seemed to be randomly pulling together levels that included no ziplines, so I was unable to complete this challenge. This was the final blow for me in terms of spending more time with the game. Heist Master is generally bug-free and is solid mechanically, but really seems more like a demo than a full game. I'd be interested to see developer SoupInIt Games put together a game using these mechanics that actually has a story or an arc to it.",False,not_recommended,True,0.85,Heist Master is generally bug-free and is solid mechanically,The review explicitly states the game is 'generally bug-free' which directly aligns with the positive evaluation of technical stability defined in the target label.,True,,"```json
{
  ""target_label"": ""pos__bugs"",
  ""is_match"": true,
  ""confidence"": 0.85,
  ""evidence"": ""Heist Master is generally bug-free and is solid mechanically"",
  ""reason"": ""The review explicitly states the game is 'generally bug-free' which directly aligns with the positive evaluation of technical stability defined in the target label.""
}
```",gemma3:27b,rare_positive_binary_v1,TRUE,
33,91092492,1291230,pos__bugs,"I enjoyed playing this game, but once i had mostly everything done, there was a lot of grinding that had to do done in order to get every achievement. I think i had about 750 enemies killed by the time i had beaten the game, and had 95% of the side dungeon done while reaching max level with every minion on my team. So, if you want to sit around and grind out the rest of the achievements have fun lol! Also, i think there are some bugs in the game. For example, if one of your minions dies and you move them at the same time, they have no more health, and they just sit there for the rest of the fight. This can be game breaking, because they still take hits, but never actually go away. Also, you can move your minions to the enemies side, and it breaks the battle. You can no longer win the fight if you do this because the game probably thinks that your minions on their side are enemies, but you can't deal any damage to your minions, so they never die, and you never win. (EDIT: Healer achievement might be bugged as well) It was a fun few hours though lol! (EDIT 2: A lot of changes have been made, and the game is perfect now! Healer is now obtainable, the bugs have been fixed, and the achievements have been lowered. I just 100% completed the main game achievements, and i can say that i would definitely buy this game again, and do it all over! I will follow these devs for any future games! Good luck!)",True,recommended,True,0.95,"A lot of changes have been made, and the game is perfect now! Healer is now obtainable, the bugs have been fixed, and the achievements have been lowered.","The review explicitly states that bugs were present but have since been fixed, resulting in a positive evaluation of the current technical state.",True,,"```json
{
  ""target_label"": ""pos__bugs"",
  ""is_match"": true,
  ""confidence"": 0.95,
  ""evidence"": ""A lot of changes have been made, and the game is perfect now! Healer is now obtainable, the bugs have been fixed, and the achievements have been lowered."",
  ""reason"": ""The review explicitly states that bugs were present but have since been fixed, resulting in a positive evaluation of the current technical state.""
}
```",gemma3:27b,rare_positive_binary_v1,TRUE,
34,170304852,1146420,pos__bugs,"Very neat space roguelike that deserves way more attention. It's very satisfying just to fly around and upgrade your ship. I really appreciate the dark theme and the very well designed, highly accessible UI. Both mouse and keyboard controls work flawlessly. There is a simple yet fun trade system that adds to the depth of the game. Combat can be brutal sometimes but never unfair. Overall, great game!",True,recommended,True,0.85,Both mouse and keyboard controls work flawlessly.,"The review explicitly states that the controls 'work flawlessly', indicating a lack of bugs or technical issues.",True,,"```json
{
  ""target_label"": ""pos__bugs"",
  ""is_match"": true,
  ""confidence"": 0.85,
  ""evidence"": ""Both mouse and keyboard controls work flawlessly."",
  ""reason"": ""The review explicitly states that the controls 'work flawlessly', indicating a lack of bugs or technical issues.""
}
```",gemma3:27b,rare_positive_binary_v1,FALSE,
35,198109244,3226460,pos__bugs,"Played for an hour. Disabling Steam Input got rid of the choppy video. No crashes so far. Negative points: forgettable soundtrack, weak enemies, repetitive level design.",True,recommended,True,0.75,No crashes so far.,"The review explicitly states the absence of crashes, indicating positive technical stability.",True,,"```json
{
  ""target_label"": ""pos__bugs"",
  ""is_match"": true,
  ""confidence"": 0.75,
  ""evidence"": ""No crashes so far."",
  ""reason"": ""The review explicitly states the absence of crashes, indicating positive technical stability.""
}
```",gemma3:27b,rare_positive_binary_v1,TRUE,
36,18398338,319430,pos__bugs,"This game launched with alot of problems and still has things that have to be worked out before you really get going. Like changing your buttons to WASD because the defualt movement controls are insaine which isn't all that easy. You have to alter the hotkeys file yourself which can be found in the games folder.(in the steam folder) After I got this game up and running I've really been having a great time with it. Not only are the monsters fairly hard to deal with until you've gotten familiar with them but random monsters spawn in every so often just to through off your rhythm and force you to deal with the unexpected. The gaphics feel low fi and there are some bugs but all in all I'd much rather be playing this than all that free to play mmo nonsenese going on out there right now. I have one chr level 4 and another at 10, I am excited to level up more. I really enjoy only having about 6 different skills(per character) that have points added to them as you level. Its simple yet forces you to develop tactical initiations with enemies. The view can be zoomed into first person and pulled out to thrird person(which I LOVE). My favorite game series is Diablo, I love 1,2, and even 3. When I am playing D3 i often think, If I only had a couple more skills and the gear was more thought out so you dont have to have billions of dps to get anywhere. While this game is far different from diablo it fills in the gaps I was desiring in a game perfectly. The game currently plays off private servers you host for yourself but Im hoping the dev launches some public servers so we can all have a blast together(chr info is saved on your end so everything goes with you from server to server). They are working on being able to join other peoples servers right now. Its a super small dev team but so far they have impressed me immesly. It's nice when things work perfectly but I am also a tinkerer so any problems launching the game initially is all superficial to me. The gameplay is awesome.",True,recommended,True,0.85,After I got this game up and running I've really been having a great time with it... It's nice when things work perfectly but I am also a tinkerer so any problems launching the game initially is all superficial to me.,"The review explicitly states initial issues were overcome, leading to a positive experience. The author acknowledges bugs and launch problems but frames them as minor inconveniences that they enjoyed resolving, indicating a positive evaluation of the current technical state.",True,,"```json
{
  ""target_label"": ""pos__bugs"",
  ""is_match"": true,
  ""confidence"": 0.85,
  ""evidence"": ""After I got this game up and running I've really been having a great time with it... It's nice when things work perfectly but I am also a tinkerer so any problems launching the game initially is all superficial to me."",
  ""reason"": ""The review explicitly states initial issues were overcome, leading to a positive experience. The author acknowledges bugs and launch problems but frames them as minor inconveniences that they enjoyed resolving, indicating a positive evaluation of the current technical state.""
}
```",gemma3:27b,rare_positive_binary_v1,FALSE,
37,202962820,34330,pos__bugs,first time playing and im not that good but playing the campaigns are fun and challenging. so far no bugs runs smoothly.,True,recommended,True,0.95,so far no bugs runs smoothly,"The review explicitly states the absence of bugs and confirms smooth operation, directly aligning with the target label's definition.",True,,"```json
{
  ""target_label"": ""pos__bugs"",
  ""is_match"": true,
  ""confidence"": 0.95,
  ""evidence"": ""so far no bugs runs smoothly"",
  ""reason"": ""The review explicitly states the absence of bugs and confirms smooth operation, directly aligning with the target label's definition.""
}
```",gemma3:27b,rare_positive_binary_v1,TRUE,
38,105368759,1437720,pos__bugs,"Another great puzzle coming from Sweety Cute Studio. Dances and Girls could just as well be named “Idol Girls” because they are all cast in a singing on colorfully lit stage environment. (Of course, except for the first 10 images the girls are not dressed much like you are likely to see in an idol performance!) The game setup is similar to Sweet and Cute, and the graphics are once again top quality—essentially art turned into puzzles. Play the game fullscreen to get the full impact. There are 10 girls with 4 levels of dress. The first 10 puzzles are quite easy, the next two sets of 10 are generally easy, and the last 10 puzzles are perhaps medium hard, but mostly just take more time because they have more pieces. With my puzzle-solving talent (or lack thereof), it took me a little over an hour and a half to complete them all. The game ran perfectly for me—no crashes, problems changing settings, and so on. There are 40 achievements. The puzzles are timed (no influence on the outcome), which for me provides additional replay value as well. Strongly recommended.",True,recommended,True,0.95,"The game ran perfectly for me—no crashes, problems changing settings, and so on.","The review explicitly states the game ran without issues (crashes or setting problems), which directly aligns with the positive evaluation of technical stability defined in the label description.",True,,"```json
{
  ""target_label"": ""pos__bugs"",
  ""is_match"": true,
  ""confidence"": 0.95,
  ""evidence"": ""The game ran perfectly for me—no crashes, problems changing settings, and so on."",
  ""reason"": ""The review explicitly states the game ran without issues (crashes or setting problems), which directly aligns with the positive evaluation of technical stability defined in the label description.""
}
```",gemma3:27b,rare_positive_binary_v1,TRUE,
39,202681751,1465470,pos__bugs,"Scratches many itches, hits a sweet spot of accessibility and depth -- if you like Dyson Sphere Program but felt it got a tad too overwhelming, this one is for you (and me). Doesn't reinvent the wheel of automation games, but iterates nicely on it. Building is enjoyable and polished enough as is, still with some room for growth. I've reluctantly stopped playing for now as I've ""completed"" current content. I hope to come back in a year to find a bunch more stuff but, even if it hasn't had a lot more added,I feel I've had my money's worth. As for bugs, yes there are some, but I haven't seen anything game breaking and they are actively being squashed -- e.g. within the month or so since I've started playing, some odd drone and conveyor belt behaviour have already been fixed. No crashes in my 96h of play time. You'll see the usual negative reviews making a big fuss of scattered bugs (yes colonists' AI sucks, but that doesn't prevent your progress), or claiming that ""devs aren't working"" (aren't monthly updates/fixes frequent enough for them?). If I took to heart every negative review from people who expect every game to be live service, I would probably never buy another game again...",True,recommended,True,0.95,"As for bugs, yes there are some, but I haven't seen anything game breaking and they are actively being squashed... No crashes in my 96h of play time.","The review explicitly states the absence of game-breaking bugs and no crashes after significant playtime, while also acknowledging active bug fixing. This directly aligns with the positive evaluation of technical stability defined for the 'pos__bugs' label.",True,,"```json
{
  ""target_label"": ""pos__bugs"",
  ""is_match"": true,
  ""confidence"": 0.95,
  ""evidence"": ""As for bugs, yes there are some, but I haven't seen anything game breaking and they are actively being squashed... No crashes in my 96h of play time."",
  ""reason"": ""The review explicitly states the absence of game-breaking bugs and no crashes after significant playtime, while also acknowledging active bug fixing. This directly aligns with the positive evaluation of technical stability defined for the 'pos__bugs' label.""
}
```",gemma3:27b,rare_positive_binary_v1,TRUE,
40,35144688,376970,pos__bugs,"No bugs so far , great sound , nice detail in the scenery . Lots of scenarios too. This is what ALL DLC should be like !",True,recommended,True,0.95,No bugs so far,"The review explicitly states the absence of bugs ('No bugs so far'), which directly aligns with the target label's definition.",True,,"```json
{
  ""target_label"": ""pos__bugs"",
  ""is_match"": true,
  ""confidence"": 0.95,
  ""evidence"": ""No bugs so far"",
  ""reason"": ""The review explicitly states the absence of bugs ('No bugs so far'), which directly aligns with the target label's definition.""
}
```",gemma3:27b,rare_positive_binary_v1,TRUE,
41,201880249,3016480,pos__bugs,"I bought this game cause I saw it was from the same developer as Dungeonmans. I liked that game, and the concept of this game seemed interesting. I bought it and played it for a bit. Beating level 1 and 2. I had a blast no bugs, besides some minor ones that was fixed doing a save and reload. My main issue was getting to level 3. I legitimately could not enter level 3 without some sort of issue or crash that prevented the game being played. I told the dev, and bam a day or 2 after it was fixed. The dev of this game is really nice, and tries to fix any bug that is reported.",True,recommended,True,0.85,"I had a blast no bugs, besides some minor ones that was fixed doing a save and reload.","The review explicitly states the game had 'no bugs' initially and praises the developer for quickly fixing minor issues, aligning with the positive evaluation of technical stability.",True,,"```json
{
  ""target_label"": ""pos__bugs"",
  ""is_match"": true,
  ""confidence"": 0.85,
  ""evidence"": ""I had a blast no bugs, besides some minor ones that was fixed doing a save and reload."",
  ""reason"": ""The review explicitly states the game had 'no bugs' initially and praises the developer for quickly fixing minor issues, aligning with the positive evaluation of technical stability.""
}
```",gemma3:27b,rare_positive_binary_v1,TRUE,
42,44807023,796050,pos__bugs,"Warning: May not run on Windows 7 and up. Works perfectly on WinXP virtual PCs. Short version: 85% Mind Invasion is a pulp sci-fi hidden object game done right; from writing quality to gameplay elements and playtime, it can entertain any HOG enthusiast. Long version: The Agency of Anomalies series returns to its roots with Mind Invasion, only this time it learnt from almost all of its past mistakes. As we accompany our returning detective protagonist to the Alps, we find clues pointing towards a sinister experiment, this time conducted on the minds of influential people. In gameplay terms, this means we have a large sanatorium to explore with four patients and four mindscapes in it. Thanks to the handy map system and the story segmentation, progress is smooth with not even the adventure game bits standing in our way—although it is a bit immersion breaking that we often find items in the intangible thought worlds we can somehow still use in the real one. To praise Mind Invasion further, it is a quite long hidden object game with excellent hidden object scenes and some rather drawn out puzzles, lasting way beyond the 4-hour mark thanks to its nice bonus adventure.",True,recommended,True,0.85,it learnt from almost all of its past mistakes.,"The review explicitly states the game has learned from past mistakes, implying previous issues have been resolved and the current state is stable/bug-free.",True,,"```json
{
  ""target_label"": ""pos__bugs"",
  ""is_match"": true,
  ""confidence"": 0.85,
  ""evidence"": ""it learnt from almost all of its past mistakes."",
  ""reason"": ""The review explicitly states the game has learned from past mistakes, implying previous issues have been resolved and the current state is stable/bug-free.""
}
```",gemma3:27b,rare_positive_binary_v1,TRUE,
43,202116017,3698680,pos__bugs,"I am writing this review as a Steam Deck user and a long-time fan of Golden Tee Golf series in the 90's and early 2000's. I am not reviewing the Golden Tee games themselves, but rather this emulated recreation of those games by Atari. First, I am very happy to see that somebody finally decided to re-release these barcade gems in modern times. They age well in terms of playability despite the 90's graphics. Moreover, I am very pleased with Atari's implementation using the overlays with the controls and the virtual trackball. I have played all of the early Golden Tee games via MAME (including MAME on Steam Deck). To be able to bring them together in one offering is very nice indeed. The ability to practice shot types is a welcome feature (I wish I had that during the barcade days!!). I do have an XARCADE tankstick, but have yet to try it with this recreation. Since I primarily play it on a Steam Deck, I have not had cause to break it out. I can say that the use of trackpad on the Deck works perfectly and I believe this is the best way to get more accurate shots (at least on a handheld device). It works seamlessly with the Steam Deck, though I noticed that it is yet to be verified (maybe that is because it just released a few weeks ago). Controls: Using the joysticks is workable and even fun, but I don't believe it offers as much control. This is particularly the case with those difficult chip shots, regular shots that are not full power, or slicing shots. With the Steam Deck, it works best setting the game for use with the ""Trackball"", which works directly off of the right trackpad. Golden Golf Games are relatively simple to learn how to play, but very difficult to master (making it a great combination). Graphics: These games games came out in the mid-1990's. The developers did a great job of providing options to simulate the old CRT including the scan line effect. Some have said that there were no enough options, but I'm not sure what else one might want. The options seemed more than adequate to me and really an added feature that was not even necessary in my opinion. I really liked the overlay options, which are particularly nice to remind me of how to make certain types of shots. Additionally, I liked the ability to change the appearance of the trackball. Very nice! Misc. Features: I had not tried out all of features of using controls such as aim assist (I want to play it as much as the original). The developers provided the ability for players to change some of settings or the games as the arcade operator would have had access to during the 1990's. (I suspect that they used a MAME core because you can do this in MAME). They added a game save feature for those moments when I suddenly put down my Deck (or computer) and I just happen to be having a near perfect game. They also added ""Mulligan"" feature, which I use for those times when I accidentally touch the controls and take a stroke unintentionally. I suppose it't also good if you have that one really bad shot that could spoil an otherwise near perfect game (but that really is cheating?!?). There is an option to turn off mulligans for hardcore players. It does, however, allow for when you just want to practice. Multiplayer: The only multiplayer that Golden Tee Classics offers is local multiplayer (as available on the original games). I had a blast playing with friends over a few beers back in the day. It would be nice to offer some kind of multiplayer between two different systems (such as crossplay or online). That might be a difficult ask considering the original games were designed at a time when this did not exist as it does today. I do believe that there were ""Tournament"" rom additions to each of these games that did allow for linking two more or more cabinets together, but I'm not sure how workable that is for online. What I think could be possible is having an online leaderboard challenges with scoring and maybe things like who has the most aces, longest drives, etc. I suppose those might be added depending on how well the game markets in it's current configuration. Value: Many have complained about the cost of this game being at around $30. That is about half of the cost of a contemporary modern game. I would agree somewhat saying it is a bit on the high side. That said, with the developers including all of the games (6 Golden Tee games) in one package (including a shuffleboard and bowling game from the era), I was willing to pony up the $30 for the game as it is a faithful and well executed package. Maybe, I'm also affected by nostalgia as I am in my mid-50's. If they would add a leaderboard or some kind of multiplayer, I could easily say that the $30 would be more than worth it. Back in the day, I probably spent way more than $30 in coins back in the 1990's, so I would say that if you want an addictive golfing game that is simple, yet difficult to master, I would highly recommend the Golden Tee Classics. BTW: I would be willing to pay for DLC that including some of the more modern Golden Tee Fore! games.",True,recommended,True,0.85,"It works seamlessly with the Steam Deck, though I noticed that it is yet to be verified (maybe that is because it just released a few weeks ago).","The review praises the seamless functionality and stability of the game on the Steam Deck, noting its recent release and lack of verification as potential reasons for limited initial awareness. This indicates positive evaluation of technical performance.",True,,"```json
{
  ""target_label"": ""pos__bugs"",
  ""is_match"": true,
  ""confidence"": 0.85,
  ""evidence"": ""It works seamlessly with the Steam Deck, though I noticed that it is yet to be verified (maybe that is because it just released a few weeks ago)."",
  ""reason"": ""The review praises the seamless functionality and stability of the game on the Steam Deck, noting its recent release and lack of verification as potential reasons for limited initial awareness. This indicates positive evaluation of technical performance.""
}
```",gemma3:27b,rare_positive_binary_v1,FALSE,
44,55714456,828950,pos__bugs,"A short older style puzzle, but fun to play. HOGs were interactive and clever. Mini puzzles were puzzling and different. You play Rachel whose scientist father has been missing for 15 years. Lovely music and good clean graphics. Definitely buy on sale. No bugs. 7/10",True,recommended,True,0.95,No bugs.,"The review explicitly states 'No bugs', directly indicating positive evaluation of technical stability and absence of bugs.",True,,"```json
{
  ""target_label"": ""pos__bugs"",
  ""is_match"": true,
  ""confidence"": 0.95,
  ""evidence"": ""No bugs."",
  ""reason"": ""The review explicitly states 'No bugs', directly indicating positive evaluation of technical stability and absence of bugs.""
}
```",gemma3:27b,rare_positive_binary_v1,TRUE,
45,42961624,555600,pos__bugs,"Lately I've found that some of my biggest problems, or what makes or breaks a VR Title for me, is sometimes the locomotion method is quite that good. I can say in full confidence that this is some of the best locomotion in any VR game I have played to date. Its so goofy and funny yet it works flawlessly. The actual gameplay is simple but very much enjoyable. You just HOPALONG on your trusty steed in one hand, and use your other to shoot bandits, and its done very well. I can fully recommend this title, especially since its easy to play, family fun, and great for parties",True,recommended,True,0.75,works flawlessly,"The review explicitly states the locomotion 'works flawlessly', indicating a positive evaluation of technical stability and absence of bugs.",True,,"```json
{
  ""target_label"": ""pos__bugs"",
  ""is_match"": true,
  ""confidence"": 0.75,
  ""evidence"": ""works flawlessly"",
  ""reason"": ""The review explicitly states the locomotion 'works flawlessly', indicating a positive evaluation of technical stability and absence of bugs.""
}
```",gemma3:27b,rare_positive_binary_v1,FALSE,
46,161622306,2630000,pos__bugs,"I love this game, it's completely intuitive at the start so is really easy to get killing those nasty chickens. Chickens until now seemed to be a harmless creature, but in this game the chickens are mean and vicious, they can sneak up behind you and kill you in seconds, they are a truly formidable enemy. There are upgrades to discover along the way to add depth to the game. It looks great and is bug free. it's great fun with no tricky learning curve at the start. Definitely worth the low price. Recommended!",True,recommended,True,0.95,It looks great and is bug free.,"The review explicitly states the game is 'bug free', directly indicating positive evaluation of technical stability.",True,,"```json
{
  ""target_label"": ""pos__bugs"",
  ""is_match"": true,
  ""confidence"": 0.95,
  ""evidence"": ""It looks great and is bug free."",
  ""reason"": ""The review explicitly states the game is 'bug free', directly indicating positive evaluation of technical stability.""
}
```",gemma3:27b,rare_positive_binary_v1,TRUE,
47,162840272,907770,pos__bugs,"So............this is not a great game, and it has numerous flaws.........but it's also not entirely awful (I seriously wouldn't recommend you buy it mind you, unless it's on a DEEP sale! This is a third-person ""mystery"" where you play a hard partying koala trying to track down his missing lover, although for all intents and purposes it's essentially a visual novel as there is no real detecting to do, and there certainly aren't multiple outcomes or anything like that. Just wander around (and the objectives in the upper left of the screen certainly leave no mystery about what you're to do next) and click your mouse and/or press E and the story will unfold. * Positives * -Story- It's actually not a bad story, and if the game were put together competently (hint: It's not) this would be a lot more compelling of a game. -Graphics- They're not great, but they're colourful and the models for the various animals are decent, and there's even a few nice little graphical touches, like how the screen develops a blur if you have too many drinks (not that it lasts beyond the building you're in.....just leave and, BOOM, instant sobriety). -Music/Movies- The soundtrack is decent (even if there's WAY too much crappy hip-hop and techno shite compared to the amount of rock music) and there's opportunities to watch entire public domain movies at the theatre or on your television (NIght of the LIving Dead, etc.) which is a nice touch. * Negatives * -Voice Acting- How on bloody earth can a game made in Australia feature such weak, inconsistently accented voice acting?!?!? I mean, you're hiring Aussies to do your voices, hire someone for the main character that actually sounds like an Ozzie 100% of the time rather than drifting in and out of some bizarre, almost Australian accent similar to Kevin Kostner's attempts at an English accent in that shite Robin Hood movie from decades ago. Some of the characters are okay, but even the ones with decent (and consistent!) accents deliver some of the weakest line readings in video game history. Truly not good -Voice Syncing- It's terrible. Really. Old Japanese kaiju movies had better, more synced up dubbing than this. It's distractingly bad. -Pacing- It's soooooooooo slow, and I don't just mean in terms of plot progression, I mean character movement, line delivery, huge pauses between lines, everything that could make the game feel punchier and more responsive feels like treacle. -Character Freedom- Despite the fact that there's multiple locations on the world map, three of them are meaningless (the record store just allows you to listen to music, the theatre just plays a movie for you to watch, and the sauna just features the protagonist sitting in a steam filled room) and the rest have perfunctory interactions (with badly, sloooooooooooooooowly delivered, poorly read dialogue) that will only occur if it's that time in the story-line.....otherwise there's nothing to do beyond progress the plot). So, it has some good points (decent story-line if someone else was writing and delivering the dialogue, colourful graphics with some nice touches, and some potential to interact with a wide selection of music and movies within the game), but the rest is dragged down with a bloody anchor by the rather poor voice acting, line delivery, lack of in-game freedom, lethargic dialogue and a raft of minor narrative issues. At least it's over quickly and there's no bugs that I encountered.... ........... .......................... Sadly not recommended.",False,not_recommended,True,0.85,At least it's over quickly and there's no bugs that I encountered....,"The review explicitly states the absence of bugs during gameplay, which directly aligns with the definition of the 'pos__bugs' label.",True,,"```json
{
  ""target_label"": ""pos__bugs"",
  ""is_match"": true,
  ""confidence"": 0.85,
  ""evidence"": ""At least it's over quickly and there's no bugs that I encountered...."",
  ""reason"": ""The review explicitly states the absence of bugs during gameplay, which directly aligns with the definition of the 'pos__bugs' label.""
}
```",gemma3:27b,rare_positive_binary_v1,TRUE,
48,107326127,524650,pos__bugs,"Fantastic little game! Plays well, quick to pick up, great fun with friends. Windows threw a fit about using multiple controllers although that is not to be blamed on this game. No bugs either. All in all, great party game!",True,recommended,True,0.95,No bugs either.,"The review explicitly states 'No bugs', indicating positive evaluation of technical stability.",True,,"```json
{
  ""target_label"": ""pos__bugs"",
  ""is_match"": true,
  ""confidence"": 0.95,
  ""evidence"": ""No bugs either."",
  ""reason"": ""The review explicitly states 'No bugs', indicating positive evaluation of technical stability.""
}
```",gemma3:27b,rare_positive_binary_v1,TRUE,
49,20219783,398900,pos__bugs,"Game idea shortly is to get the key and reach the next level and find collectables while rolling around in a marble that is affected by gravity but depending on level has one or more forms it can take to use abilities that are needed to solve the level. Abilities can be light form, floating form, fire form or metal form. Noteworthy is also that the controllable marble ball is not a flipper ball that gets thrown around helplessly - instead the player has pretty good control over the ball plus ability to execute double or even triple jumps if executed correctly. This results in the player jumping around pretty nimbly from one ledge to another yet evey now and then there are places where you need to do precise jumping - and the control over the marble ball allows the player to do just that. Rest be assured though if hard platformer games are not your tea as on average this game is more casual and based on overall mood rather than a true skill requiring game. Level design is simple but good enough. Mostly ice caves, fire caves etc with switches and collectables. Light is important in every level as you need to be able to see where you are going. Sometimes you need to flick switches to be able to see properly. Soundtrack can be very moody or epic. Certain songs reming me of Two Steps from Hell which is not a bad thing at all. And how does this game compare to some other titles? Marble Mayhem: Fragile Ball it is not. This does not require that much raw skill although certain levels may frustrate younger players. Collisions and Nightsky -games are closer but this game has more control and does not get as frustrating. but may loose on better level design and challenge if that is what you want. Game is mostly bug free. Only noticed a bug in the options menu where you tried to use both pad and mouse. it seems to confuse the game but it's easily overcome by using the mouse. Also a con i can think of is the lack of lore or proper in-game explanation on what you are doing and where you are going. Game got the nice soundtrack so some spoken dialog or even text would have helped. Lacking details where there should be some would be perhaps the best explanation here. I got this game for -50% but it's easily worth full price and for me the best purchase during this dreadful steam sale. Try it out. As long as you are able to get over the few slow levels early on then this game will start to shine quite quickly.",True,recommended,True,0.85,Game is mostly bug free.,The review explicitly states the game is 'mostly bug free' and praises its technical stability despite mentioning a minor UI bug that doesn't impact gameplay.,True,,"```json
{
  ""target_label"": ""pos__bugs"",
  ""is_match"": true,
  ""confidence"": 0.85,
  ""evidence"": ""Game is mostly bug free."",
  ""reason"": ""The review explicitly states the game is 'mostly bug free' and praises its technical stability despite mentioning a minor UI bug that doesn't impact gameplay.""
}
```",gemma3:27b,rare_positive_binary_v1,TRUE,
50,45209941,913090,pos__bugs,"Well made game. Athough the menu feels clunky, in game movements are smooth and functions like it think it should. I commend the developer(s) as the game is very much bug free. If i were to nitpick i would say that this game lacks more levels/content but since this is early access I expected about as much. A steal for the price of 59 cents.",True,recommended,True,0.95,the game is very much bug free,"The review explicitly praises the game for being bug-free, directly aligning with the target label's definition.",True,,"```json
{
  ""target_label"": ""pos__bugs"",
  ""is_match"": true,
  ""confidence"": 0.95,
  ""evidence"": ""the game is very much bug free"",
  ""reason"": ""The review explicitly praises the game for being bug-free, directly aligning with the target label's definition.""
}
```",gemma3:27b,rare_positive_binary_v1,TRUE,
51,203232061,3320980,pos__bugs,"Basically Factorio in a hex grid. But ... early game. No blueprints, no circuit networks, no trains. If you like Factorio and want a 60 hour diversion, this game is a good investment. Note this review is from 8/30/25, the game is pretty new and will change/ Pros: - I like the research: Provide the right ingredients, and research happens. No need to pick the tech. - I like the factories. Provide the needed ingredients, and it will make the thing. No need to pick the recipe. - I like the idea of 6 planes of existence, each which only has 3 of the 6 available elements. This forces adjustment in each plane as options change. - Having power ""cables"" that can't go underground (at first) forces you to rethink how to wire belts and power. - The overarching idea of entropy entering the planes of existence works. - Magic as a way to provide instant power for early game is a nice shortcut. - While still early, the game never crashed despite several updates. Cons (these are early game issues that will likely be fixed!): - I never could find the Air plane. Maybe it doesn't exist yet? So ... only 5 planes of existence? - When you reload, the gates are reset (no longer open), and random entropy shows up that wasn't there before. I expect these issue will get fixed, but they were annoying. - Entropy and rifts are generally annoying. Early on, you can't close them. So, if they appear in a critical part of your base (they can appear _anywhere_!), you are screwed. Relocate and deal with it! - A spell to clear away entropy also picks up items on belts and puts them in your inventory??? WTH? Why do I want to grab random items while clearly entropy??? This spell changed twice with updates as I played, so I guess it is being tweaked? - The end game goal of building 1000 'things"" for each element isn't fun. 1000 is too much, make it 250. Also, give some way of tracking progress so you don't have to go to the gate to see how close you are. And ... why does the gate go past 1000 if you give it more stuff? If there is no point to going past 1000, stop there! - This game needs a wiki! Like ... what is a ""chasm?"" The game said wind power is better with them ... but I have no idea what they are. Not being able to find the air plane might be related, but I can't tell. And ... how many items per second do belts carry? That would be nice to know.",True,recommended,True,0.85,"While still early, the game never crashed despite several updates.","The review explicitly states that the game 'never crashed' despite multiple updates, which directly aligns with the positive evaluation of technical stability and absence of bugs defined in the target label.",True,,"```json
{
  ""target_label"": ""pos__bugs"",
  ""is_match"": true,
  ""confidence"": 0.85,
  ""evidence"": ""While still early, the game never crashed despite several updates."",
  ""reason"": ""The review explicitly states that the game 'never crashed' despite multiple updates, which directly aligns with the positive evaluation of technical stability and absence of bugs defined in the target label.""
}
```",gemma3:27b,rare_positive_binary_v1,TRUE,
52,201905645,1382330,pos__bugs,"A great sequel to Persona 5. Some of the characters who were mostly on the sideline in the original story have new story arcs, *cough cough* Haru, and the story is overall great. The jails in all the different locations are unique and they'er different enough from the palaces to stand out, but some of them are way too short (Kyoto and Okinawa especially). The soundtrack is amazing, some of the jail themes are insanely good (Anti Hero and Counterfeit Phantom are my personal favourites) and the gameplay is really fun. It's about what you'd expect from a Persona hack and slash, all the characters have differing combos, weapons and ways to play them (for example skull can charge his special attacks to make them hit harder and fox is more about throwing a bunch of hits quickly), the thing i personally liked was that every one of joker's personas changes his showtime animation a bit and they also change some of his combos a little. Now the glaring issue with this game, the performance, this game can't handle newer multicore cpus for some reason, you might even experience crashes alongside the ridiculous frame drops, BUT using Process Lasso and setting it to performance mode and giving it usage over all cores, P and E alike, might remedy it. Personally for me after I used it, the performance went back to what I would've expected, no frame drops, always 60 fps and most importantly NO CRASHES! Also the Digital Deluxe edition and 2 DLC packs aren't worth it, you already get enough items from playing the game and the legacy bgm is cool but not worth 10 Euro.",True,recommended,True,0.85,"no frame drops, always 60 fps and most importantly NO CRASHES!","The review explicitly states that performance issues (including crashes) were present but resolved through a workaround, resulting in stable gameplay with no crashes.",True,,"```json
{
  ""target_label"": ""pos__bugs"",
  ""is_match"": true,
  ""confidence"": 0.85,
  ""evidence"": ""no frame drops, always 60 fps and most importantly NO CRASHES!"",
  ""reason"": ""The review explicitly states that performance issues (including crashes) were present but resolved through a workaround, resulting in stable gameplay with no crashes.""
}
```",gemma3:27b,rare_positive_binary_v1,TRUE,
53,124179981,2163860,pos__bugs,"It pains me to give this a thumbs down. I was looking forward to it. I think the premise is interesting and I like to support solo devs. But... If I'm feeling charitable, I'd say this is a very early alpha, more like a proof of concept. The only button in the start menu that does anything is ""New Game"" There is no sound, there are no video options. Simple, placeholder graphics don't bother me as long as the game play is fun. But it's not. A new game is not a new game, it's simply start over on the same map with the same resource distribution. And repeat the same mundane tasks over and over to get yourself started. The killer for me is the UI. There is no visual or audible confirmation that you have clicked a button. After assigning my first task, I thought I had done something wrong (more on that in a sec) but, no, the game was just paused without any indication that it was paused. The game time scale button said ""x1"" and the pause button looked exactly as it did earlier. I clicked it anyway and my workers appeared, carrying crates. Success! I thought. Until I assigned my workers to assemble the sawmills that were in the crates. They started putting them together and then the game crashed to desktop. Okay. Let's give it one more try. Restarted, that's when I noticed that hitting new game just gave me the same old map. Unloaded the sawmills from the shuttle, got the guys to assemble them without crashing. Okay, now I have to give them a new assignment. What that entails is literally going into a menu, hitting the +task button, selecting harvest, and then having to manually type ""Tree"" in a text box (I should mention that while you're typing, the map movement keys are still active, so if the object you're interested in contains any of those keys in its name, the map bounces around behind the window you're typing in). I also have to put down another stockpile, because each stockpile can only hold one type of object and then type ""Tree"" again (make sure you spell it exactly as it is in the game or your workers will ignore you). Then I have to go into the workers menu and manually assign the ""harvest tree"" task to each of them individually. There's no box select, there's no double-click to select idle workers, no designate a harvest area, nothing resembling a modern UI. The original Warcraft released in 1994 and it had a simpler interface: click orc, right-click tree. Done. So my guys started hitting the trees with an axe and each cut one down and hoisted a log on their shoulder. Then the game's frame rate dropped into single digits (running this on an Nvidia 3080) and eventually froze. My only guess is that I should have labeled the stockpile ""Logs"" or ""Log"" and the guys were trying to pathfind to a non-existent stockpile. There's no way to know because the ""How to Play"" said if you're unsure what to label a stockpile, click on the resource you want and an info box in the bottom left corner will show you the name. Well, when you click on a tree, the info box says ""Tree"" I'm going to continue following this game to see if it improves and may try it again in the future. But for now it's going to the ""Return"" stockpile. Quick edit: Thinking back, I didn't have to type ""Tree"" in the harvest task, there was actually a resource list to choose from. But mousing over or clicking on a resource gave zero feedback that your click had registered. No confirmation sound, no highlighting of the object in the list, nothing.",False,not_recommended,True,0.85,The reviewer states they are following the game to see if it improves and may try it again in the future despite its current state.,"While detailing numerous bugs and UI issues, the review expresses hope for future improvements and a willingness to revisit the game, indicating a positive outlook on the potential for bug fixes and stabilization. The reviewer acknowledges the early alpha stage and implies that if fixed, the game could be good.",True,,"```json
{
  ""target_label"": ""pos__bugs"",
  ""is_match"": true,
  ""confidence"": 0.85,
  ""evidence"": ""The reviewer states they are following the game to see if it improves and may try it again in the future despite its current state."",
  ""reason"": ""While detailing numerous bugs and UI issues, the review expresses hope for future improvements and a willingness to revisit the game, indicating a positive outlook on the potential for bug fixes and stabilization. The reviewer acknowledges the early alpha stage and implies that if fixed, the game could be good.""
}
```",gemma3:27b,rare_positive_binary_v1,FALSE,
54,86519508,337630,pos__bugs,"Bermuda does something that either enhances visual novels or dooms them: it offers some actual game play. Done right it can add to an already great game but done poorly and it can sink it. The game is broken up in that you get told the story through a kinetic novel format and after that the story has made it necessary for you to navigate the ship without getting caught. This part is a side scrolling stealth game akin to Gunpoint minus the ability to knock people out. You can turn off lights; sound alarms; disable shields; hide in the bathroom; etc. The idea is to try to herd the guards where you want them to get to where you need to go. To add variety some levels have a different goal such as turn off all the lights or lure all of the guards to the first floor. The mechanics are not bad. They can be annoying or frustrating at times but the game gives you all the tools you need it just requires more patience then I sometimes have. The guards on the other hand will never see you, even if you are right in front of them, unless you touch them. This feels like a cop out and unrealistic but given my already love/hate relationship with the game play maybe it saved me from liking the game less. On that note though guards also will walk right into a teleportation beam without asking any questions like “why is this beam here all of a sudden ?”. On the story side the novel format is kinetic as I said so there are no choices to be made and no way to impact the story. That being said the story is decent, especially near the end. There is full voice acting and it is also pretty good. The opening credits are another high point and I wish more visual novels had ones this good. The art isn’t the best I have seen, it lacks detail on characters but it is far from the worst I have seen. I played Bermuda on Linux. It never crashed on me and I didn’t notice any spelling errors or glitches. The game has no graphics options at all. Alt-Tab didn’t work. There is no save system of any kind so each level must be played from start to finish. Strangely you can play any for the levels right from the start without having to beat them in order. So in theory if one only wanted the story you could read all the conversations and skip the game play. The game did have some noticeable lag at times that lasted for a few seconds but none of my FPS software worked which means I could never see what the frame rate was. You can’t adjust the controls at all although you use W; A; and D for everything so it’s not a big deal. Disk Space Used: 244 MB Input Used: Keyboard CPU Usage: 4-37 % RAM Usage: 2.5-2.8 GB Overall the game play is good enough to serve it’s purpose. The art is good enough to not hate it. The voice acting is good enough to not turn it off. The story is good enough to keep playing. In no category does Bermuda blow me away but it is solid across the board and worth a play. I paid $3.39 CAD for it and feel that is worth the money. I finished the game in just about two hours. My Score: 7/10 My System: Intel I7-4770 | 16GB DDR3-2133 CL9 | Intel HD 4600 1536MB | Mesa 20.0.8 | Samsung 850 Evo 250GB | Trisquel 9.0 | Mate 1.20.0 | Kernel 5.10.15-gnu",True,recommended,True,0.85,It never crashed on me and I didn’t notice any spelling errors or glitches.,"The review explicitly states the game 'never crashed' and had no noticeable glitches/spelling errors, directly aligning with the positive evaluation of technical stability defined in the target label.",True,,"```json
{
  ""target_label"": ""pos__bugs"",
  ""is_match"": true,
  ""confidence"": 0.85,
  ""evidence"": ""It never crashed on me and I didn’t notice any spelling errors or glitches."",
  ""reason"": ""The review explicitly states the game 'never crashed' and had no noticeable glitches/spelling errors, directly aligning with the positive evaluation of technical stability defined in the target label.""
}
```",gemma3:27b,rare_positive_binary_v1,TRUE,
55,201626797,1283230,pos__bugs,"So I will give the game a very minor recommendation. The games graphics are quite good; the organs look good however I wish there was more detail. The environments look good but I felt were underutilized. Excellent voice acting, I really felt all the actors were putting effort into their roles. Whether it was the disinterested security guard or the main character, trying to maintain his professional composure while clearly harboring some deep mental problems. I will try give my observations of the game while avoiding spoilers. This game has potential but it fumbles what could be something very interesting. The medical language used in the game clearly shows the devs did their homework on this on the nature and process of preforming an autopsy. The bodies in the story I felt were well designed, however that ends when going to autopsy only mode. The observations are all randomized but they use the same male and female models every time, which is a shame because I know the devs know how to make detailed models but those are only in the story. the story is also quite linear with virtually no deviations. I will admit the secret ending surprised me but it wasn't exactly shocking and I got it without even knowing that it was the secret ending. The game's story is short, you can finish it in one sitting with no problems. Technically it runs fine, never crashed on me and there weren't any glitches [that I could find]. However, some of the minigames were a bit frustrating; it requires precise movements and when cutting certain things, if you are even one pixel off then it won't register complete. In the end, I feel if this were a longer game with more story and character development then I feel like it would be much better and I believe the autopsy only mode is a missed opportunity with how they designed it. So I would not recommend this game at full price but I don't think this is a bad game per say, a good foundation but with not enough content to take advantage of it. I don't know the full intentions of the devs but I feel like if they had more time with this game before releasing it they could have made a much better game. So while I like it, I can completely understand why others don't. TLDR: Not a bad game but wait for a sale.",True,recommended,True,0.85,"Technically it runs fine, never crashed on me and there weren't any glitches [that I could find].","The review explicitly states the game 'never crashed' and had no noticeable glitches, directly aligning with the positive evaluation of technical stability defined in the target label.",True,,"```json
{
  ""target_label"": ""pos__bugs"",
  ""is_match"": true,
  ""confidence"": 0.85,
  ""evidence"": ""Technically it runs fine, never crashed on me and there weren't any glitches [that I could find]."",
  ""reason"": ""The review explicitly states the game 'never crashed' and had no noticeable glitches, directly aligning with the positive evaluation of technical stability defined in the target label.""
}
```",gemma3:27b,rare_positive_binary_v1,TRUE,
56,203204933,2394650,pos__bugs,"Gorgeous game with cute characters, but is just too hard. Markets itself as a cozy game but the boss fights are almost bullet hell and you can only take 4 hits. Solid game, no bugs. Controller recommended by devs, but I found the keyboard and mouse to be much easier.",True,recommended,True,0.95,"Solid game, no bugs.","The review explicitly states 'no bugs', directly matching the target label's definition of positively evaluating the absence of bugs.",True,,"```json
{
  ""target_label"": ""pos__bugs"",
  ""is_match"": true,
  ""confidence"": 0.95,
  ""evidence"": ""Solid game, no bugs."",
  ""reason"": ""The review explicitly states 'no bugs', directly matching the target label's definition of positively evaluating the absence of bugs.""
}
```",gemma3:27b,rare_positive_binary_v1,TRUE,
57,25482526,513790,pos__bugs,"Updated ea review: This game has been abandoned by the developer. The game as it stands is a bug free working title, but just don't support developers who take your money and run. Just avoid. Old ea review: This game is great in short stints, just like all the other wave based games. You drop in, play a few levels, die at the same level each time. Rinse and repeat and get a little bit further then die. For the price it's great value, the gameplay is polished, the animations and fx are exellent. Nothing not to like; possibly the difficulty getting too hard to quick, maybe. That seems to same with all wave shooters, short levels that get incredibly hard quickly. I imagine having a larger room to dodge around would help alot. It would be great if the odd powerup turned your gun into something like an overpowered grenade or rocket launcher for a short spell. Like other VR wave shooters currently around, the same enemy are repeated level after level. More enemy types, and end of level bosses would make this awesome.",False,not_recommended,True,0.85,The game as it stands is a bug free working title,"The review explicitly states the current version of the game is 'bug free' and 'working', which directly aligns with the positive evaluation of technical stability defined in the target label.",True,,"```json
{
  ""target_label"": ""pos__bugs"",
  ""is_match"": true,
  ""confidence"": 0.85,
  ""evidence"": ""The game as it stands is a bug free working title"",
  ""reason"": ""The review explicitly states the current version of the game is 'bug free' and 'working', which directly aligns with the positive evaluation of technical stability defined in the target label.""
}
```",gemma3:27b,rare_positive_binary_v1,TRUE,
58,91278524,1094540,pos__bugs,"Like the comments before already pointed out: Smelter is a mixture of ActRaiser and Mega Man (X). The strategy part is fun to play and gets challenging at times. Apart from the top-down-shooting it offers some strategic elements that directly influence the platforming part, so the connection between the two of them regarding the game mechanics is very well done. Speaking of challenging: The platforming part will get quite hard, but the checkpoints are set well and even some of the boss fights have checkpoints at certain points. Getting stronger as you are proceeding through the story really feels that way. The trials are woven into the concept in similar way: You need to collect the coins you get after succeeding at a trial to unlock skills for the platforming part, while the unlocking takes place in the strategy part. The trials can be very hard, but as they are only up to one minute long, you will try to beat them again and again. And if you succeed after half an hour, it's as rewarding as it gets. Of course you do not have to beat every trial to beat the game, but for the completionists out there it is a very nice challenge. Speaking of game mechanics: Apart from the trials you can find collectibles in the platforming levels like apples which can be used to upgrade your central building in the strategy part which will allow you to build houses with more inhabitants which will lead to more health in the platforming part... So again, it is very motivating to search a level once more for missing collectibles not only for the sake of having them collected, but it can really have an impact on your playthrough. The technical perspective: I've experienced no bugs, locks or anything of that kind. The jumping and running worked perfectly fine, the controls were on the spot. My controller was accepted without any problems. Overall Smelter is a brilliant attempt to recreate the feeling of the mentioned old games: Game mechanics that work very well combining both gameplay parts and within that concept an exceptionally well thought and therefore highly motivating integration of collectibles. I definitely got my money's worth out of this one!",True,recommended,True,0.95,"I've experienced no bugs, locks or anything of that kind.","The review explicitly states the absence of bugs and technical issues, directly aligning with the target label definition.",True,,"```json
{
  ""target_label"": ""pos__bugs"",
  ""is_match"": true,
  ""confidence"": 0.95,
  ""evidence"": ""I've experienced no bugs, locks or anything of that kind."",
  ""reason"": ""The review explicitly states the absence of bugs and technical issues, directly aligning with the target label definition.""
}
```",gemma3:27b,rare_positive_binary_v1,TRUE,
59,109214177,375750,pos__bugs,"Gameplay wise is really fantastic, but even better is the technical implementation. Online multiplayer works perfectly, even in combinations with local and remote players. So you can have 3 friends on the couch and the fourth joins via the internet (not steam's remote play). Get it!",True,recommended,True,0.95,Online multiplayer works perfectly,"The review explicitly praises the technical implementation and states that online multiplayer 'works perfectly', indicating a lack of bugs or crashes.",True,,"```json
{
  ""target_label"": ""pos__bugs"",
  ""is_match"": true,
  ""confidence"": 0.95,
  ""evidence"": ""Online multiplayer works perfectly"",
  ""reason"": ""The review explicitly praises the technical implementation and states that online multiplayer 'works perfectly', indicating a lack of bugs or crashes.""
}
```",gemma3:27b,rare_positive_binary_v1,FALSE,
60,92428483,1339870,pos__bugs,"First of all, I was struck by the fact that there were no crashes during the game, and the FPS will work pretty well. The idea of ​​the game is interesting, but the transition to the main features of the game should be implemented differently (as it seems to me). I didn't like the fact that after each illusion I appear in the starting house. And this is far from the next task (this starts to annoy, and at some moments even annoying). There are no animals here at all! Both on the main map and in illusions, it seems to me that they should be mandatory! The music is interesting, frightening in places. Good enough for early access.",True,recommended,True,0.85,"First of all, I was struck by the fact that there were no crashes during the game","The review explicitly states the absence of crashes, which directly aligns with the definition of the 'pos__bugs' label.",True,,"```json
{
  ""target_label"": ""pos__bugs"",
  ""is_match"": true,
  ""confidence"": 0.85,
  ""evidence"": ""First of all, I was struck by the fact that there were no crashes during the game"",
  ""reason"": ""The review explicitly states the absence of crashes, which directly aligns with the definition of the 'pos__bugs' label.""
}
```",gemma3:27b,rare_positive_binary_v1,TRUE,
61,202748898,3354980,pos__bugs,"Bitter Glass is the second game in the developer Daniele Doesn't Matter's ""Scary Shadow Spot"" series. This series is inspired heavily by the 1960's Twilight Zone TV show. This game is a horror walking simulator with many excellent puzzles and several minor easy stealth sections. The game took just over 4 hours to complete. + The setting is original and super atmospheric. The game takes place in a small western town, complete with a bar saloon, a small hotel, and a little grocery store. There are a few little places to explore around the outskirts as well. + A few very well placed jumpscares. The horror is toned down a bit in this game in favour for more of an exploration / puzzle experience. There are still some very frightening unnerving moments. + The ""Getting Drunk"" to calm your nerves, and ""Throwing up"" to get sober, gameplay mechanic is hilarious. + The story is mysterious and exceptional. Lots to uncover. Many interesting zombie characters to discover and talk to. + The game is extremely polished, ran perfectly on max settings. + The AI voice acting is well done, very clear, and well written. It works perfectly to tell the story coherently. + Excellent creepy sound effects throughout the whole game. + Several really original and fun puzzles to complete. - There are 2 puzzles in the game that rely heavy on trial and error, they can be super annoying, requiring many tries. - Several times a woman ghost will chase you and you will not know where to go, run into the wrong building, and get instantly killed. Fortunately this will only put you back a minute or two, remember to load up your most recent Autosave in the main menu. Do not click restart, it will set you back further. An atmospheric horror puzzle game in a western setting, who can say no to that?! Overall: 8.5/10",True,recommended,True,0.95,"+ The game is extremely polished, ran perfectly on max settings.","The review explicitly states the game 'ran perfectly', indicating technical stability and absence of bugs.",True,,"```json
{
  ""target_label"": ""pos__bugs"",
  ""is_match"": true,
  ""confidence"": 0.95,
  ""evidence"": ""+ The game is extremely polished, ran perfectly on max settings."",
  ""reason"": ""The review explicitly states the game 'ran perfectly', indicating technical stability and absence of bugs.""
}
```",gemma3:27b,rare_positive_binary_v1,FALSE,
62,5545574,218700,pos__bugs,"Must buy for point-and-click, hidden-object lovers! Graphically well done, this murder mystery have a nice story and interesting resources. It is not perfect anyway, but seems to be bug-free and grants easily 8-10 hours of gameplay.",True,recommended,True,0.95,seems to be bug-free,"The review explicitly states the game 'seems to be bug-free', directly aligning with the positive evaluation of technical stability and absence of bugs.",True,,"```json
{
  ""target_label"": ""pos__bugs"",
  ""is_match"": true,
  ""confidence"": 0.95,
  ""evidence"": ""seems to be bug-free"",
  ""reason"": ""The review explicitly states the game 'seems to be bug-free', directly aligning with the positive evaluation of technical stability and absence of bugs.""
}
```",gemma3:27b,rare_positive_binary_v1,TRUE,
63,34601854,336090,pos__bugs,"I rate the game Sky Mercenaries 2.5/5. Not very good, not even okay. A good idea done poorly though it's not total trash either. This is a Schmup action game wherein you choose a character (each with a different specialization) and over time earn in-game money to upgrade your character's skills and, more importantly, upgrade your little fighter craft's equipment as you play through several missions through to the end of the game. In theory this game seems like it could be a lot like the good game Raptor: Call of the Shadows or the pretty good game Revolution Ace or even the mediocre game Star Saviors (or merely ""Saviors"") combined the gameplay color-switching elements of Ikaruga. In practice however, Sky Mercenaries is a bit of a confusing mess despite the fact that it's fairly cheap, runs well and has no bugs. The main problems with Sky Mercenaries are its confusing interface, obtuse, confusing menus, repetitious/poor sound effects, mediocre graphics and fairly uninteresting/unexciting levels. This game has no real story and characters have nearly no background information. The menus are the worst aspect of this game, particularly when you are trying to upgrade your ship. It's hard to know how much in-game money you have and pretty much impossible to know what items you are even using to upgrade your ship nor can you see any demonstration of what any upgrades will do. The game mostly just fails to explain what's happening and what things are and how anything works. This game did do a few things right though. There are no bugs/errors. The music is at least adequate. The controls, though odd (it's probably best to control your ship's movement with the mouse while holding down the left mouse button to fire), are fairly responsive. The game can be challenging but is not usually very frustrating (particularly if you play for short periods of time). There are two difficulties and 3 characters/ships to choose from. But none of this has been implemented well enough to make the game very fun. It's hard to explain but overall I feel like Sky Mercenaries is boring and nonsensical. I play it once in a while but I don't particularly look forward to doing so. After playing through all the levels once with one of the characters it just doesn't seem that fun to try to go through it again. This game feels oddly derivative and tired and the bland levels certainly don't help. I'll give it a thumbs down but I sort of wish I could officially give this game a question mark. Regardless, there are better games out there so play those instead.",False,not_recommended,True,0.95,runs well and has no bugs.,"The review explicitly states the game 'runs well and has no bugs', directly indicating positive evaluation of technical stability.",True,,"```json
{
  ""target_label"": ""pos__bugs"",
  ""is_match"": true,
  ""confidence"": 0.95,
  ""evidence"": ""runs well and has no bugs."",
  ""reason"": ""The review explicitly states the game 'runs well and has no bugs', directly indicating positive evaluation of technical stability.""
}
```",gemma3:27b,rare_positive_binary_v1,TRUE,
64,68530272,988180,pos__bugs,"Ok so a lot of reviews of this game are negative. I'll just say it, the steam version of tabletopia sucks. I have this game along with viticulture : Tuscany on steam. I tried to play both of them and there is issues with both (like missing custom meeples and no money on viticulture). But you know what? I link my steam account to a tabletopia account, and then open the tabletopia website in chrome, sign in and boom. Both games work flawlessly and I'm in a 10 hour zoom and game session with my friends. Highly recommend buy this on steam, play it on chrome (or maybe safari idk i don't have any apple products).",True,recommended,True,0.85,Both games work flawlessly,"The review explicitly states that linking the Steam version to the Tabletopia website resolves issues and makes both games 'work flawlessly', indicating a positive evaluation of the game's technical stability after addressing initial bugs.",True,,"```json
{
  ""target_label"": ""pos__bugs"",
  ""is_match"": true,
  ""confidence"": 0.85,
  ""evidence"": ""Both games work flawlessly"",
  ""reason"": ""The review explicitly states that linking the Steam version to the Tabletopia website resolves issues and makes both games 'work flawlessly', indicating a positive evaluation of the game's technical stability after addressing initial bugs.""
}
```",gemma3:27b,rare_positive_binary_v1,FALSE,
65,202348153,359320,pos__bugs,"The best space sim there is on the market as of 2025. Complete with little to no bugs, active DEV support, road map and consitent updates containing quality of life improvements; ""Also content that we as a community have wished and asked for has been created and implemented over time,"" as my buddy who's been playing since release on console 8 years ago stated. (With the lack of game and immersion ruining bugs.) 1000% better than star citizen, removing all the tedious tasks and game loops, and most importantly the bugs. You got politics, mining, fighting, ship and ground aspects, biology exploration, assination, piracy, exploration, cartography, etc etc etc the list literally keeps going. Did I mention after 60 hours of playing I havent had 1 bug or crash. 3 hours in Star Citizen I was alt+f4ing to close and restart the game. If you've been playing star citizen for thousands of hours like me this game will thouroughly suprise you. All of my buddies Ive brought over have said the same thing.",True,recommended,True,0.95,Complete with little to no bugs...Did I mention after 60 hours of playing I havent had 1 bug or crash.,"The review explicitly praises the game's technical stability and lack of bugs/crashes, directly aligning with the target label definition. It contrasts this positively with Star Citizen's buggy state.",True,,"```json
{
  ""target_label"": ""pos__bugs"",
  ""is_match"": true,
  ""confidence"": 0.95,
  ""evidence"": ""Complete with little to no bugs...Did I mention after 60 hours of playing I havent had 1 bug or crash."",
  ""reason"": ""The review explicitly praises the game's technical stability and lack of bugs/crashes, directly aligning with the target label definition. It contrasts this positively with Star Citizen's buggy state.""
}
```",gemma3:27b,rare_positive_binary_v1,TRUE,
66,92389717,1110390,pos__bugs,"the connection issues you see most people complaining about is not actually an issue. you follow the basic instructions and the server works perfectly. my issue however, is the blatant refusal to add the option to have an autosave, so after losing all server data to a windows update restarting my rig, i decided to just chalk it up to me forgetting to enable an autosave. but no. the Devs have refused to add this most basic feature, so if you want an autosave you need to install mod managers as well as several mods. what trash.",False,not_recommended,True,0.75,the connection issues you see most people complaining about is not actually an issue.,"The review explicitly states that commonly reported connection issues are *not* present for the reviewer, indicating technical stability and absence of bugs from their perspective.",True,,"```json
{
  ""target_label"": ""pos__bugs"",
  ""is_match"": true,
  ""confidence"": 0.75,
  ""evidence"": ""the connection issues you see most people complaining about is not actually an issue."",
  ""reason"": ""The review explicitly states that commonly reported connection issues are *not* present for the reviewer, indicating technical stability and absence of bugs from their perspective.""
}
```",gemma3:27b,rare_positive_binary_v1,FALSE,
67,201609259,1543380,pos__bugs,"Game is VERY buggy. Would not recommend buying it. TLDR: Had to restart 3 times while building because of bugs and objects would disappear and equipment gets soft locked. Mechanics could be good if bugs are fixed. Edit: It appears the devs are very active! some bugs i have mentioned on here have already been fixed! I will play the game again as any bugs i find will likely be patched very quickly! OG Comment: Spent 1 and a half hours trying to make the ship the way i wanted it and things just kept vanishing for no reason. Anytime i press the menu button on my quest 3 controller it would make the whole ship turn transparent and it wouldnt revert when pressing the button again. Only way to fix it is by restarting... At one point i tried to put a carbon disc into the o2 gen and it just disappeared and wouldnt let me put a new one in. (I think i put it in the inventory at the same time.) Also if you leave a room when you have items floating they WILL be DELETED. (Not fun when they cost money) Fixed! Another bug is my right controller was unable to grab anything (Tablet, sliders, etc..) Only way to fix was by restarting. It sucks the building mechanics are so wonky because it COULD be very fun. Nice idea mid execution.",True,recommended,True,0.95,Edit: It appears the devs are very active! some bugs i have mentioned on here have already been fixed!,"The review explicitly states that bugs were fixed and praises the developers' responsiveness, indicating a positive evaluation of bug fixes.",True,,"```json
{
  ""target_label"": ""pos__bugs"",
  ""is_match"": true,
  ""confidence"": 0.95,
  ""evidence"": ""Edit: It appears the devs are very active! some bugs i have mentioned on here have already been fixed!"",
  ""reason"": ""The review explicitly states that bugs were fixed and praises the developers' responsiveness, indicating a positive evaluation of bug fixes.""
}
```",gemma3:27b,rare_positive_binary_v1,TRUE,
68,25631381,436560,pos__bugs,"I just wanted to say, I bought the game about 2.5 hours ago, and got into it. I've been having some real fun with the dungeons and the combat. I've done several Solo dungeons (none completed successfully but almost), and 1 grouped dungeon (also not successfully) but it was a lot of fun. I love the way you can build a dungeon based on how big you want it, and the deeper you get into the dungeon the better the loot apparently. The biggest dungeon i've done so far is a large, and I honestly have not had the desire to play a game so much in a long time. I wanted to write the review because the game intrigued me and I was interested, but I almost did not get it because of the negative reviews, and the biggest flaw I read about was the constant crashing. While playing for my little stint of 2.5 hours or so, I did not crash once. See my EDIT below, I do crash now but not nearly as much as people say. I have not really ventured out into the ""Open world"" so I don't know how good that is but the random generated dungeons are very fun so far, the traps, the hidden walls, the fear of opening a door and having 4 mobs in your face that you have to deal with is pretty scary but damn good fun... and if you don't like that kind of thing, you can always just do a cavern style dungeon where there are no doors, and you can see the mobs, but to me that isn't nearly as fun. EDIT: I have been playing longer now, and I have experienced the crashes, but for me right now it's about 2 per day. I can play for hours with no crashes. I'm still having fun with the dungeons. I did venture out into the open world for a few minutes, but I didn't see a lot so i'm assuming they are working on that. Regardless of the issues, the game is well worth it if you would love to play a game that feels like Diablo in the first person (which I love).",True,recommended,True,0.85,"I almost did not get it because of the negative reviews, and the biggest flaw I read about was the constant crashing. While playing for my little stint of 2.5 hours or so, I did not crash once.","The review explicitly states they were concerned about crashes based on other reviews but experienced none during their initial playtime, indicating positive technical stability.",True,,"```json
{
  ""target_label"": ""pos__bugs"",
  ""is_match"": true,
  ""confidence"": 0.85,
  ""evidence"": ""I almost did not get it because of the negative reviews, and the biggest flaw I read about was the constant crashing. While playing for my little stint of 2.5 hours or so, I did not crash once."",
  ""reason"": ""The review explicitly states they were concerned about crashes based on other reviews but experienced none during their initial playtime, indicating positive technical stability.""
}
```",gemma3:27b,rare_positive_binary_v1,FALSE,
69,35431044,692190,pos__bugs,"Annoyance-free implementation of Picross: no ads, no bugs, no storyline. The smallest grid is 15x15, so all levels are at least slightly challenging. Hard Mode adds an interesting twist: to get 3 stars, you must play an error-free game. Single-button mode allows the game to be played on a tablet. The price is higher than other Picross games, but after 30 hours so far, I'm getting my money's worth.",True,recommended,True,0.95,"""no bugs""","The review explicitly states ""no bugs"", directly indicating positive evaluation of technical stability and absence of bugs.",True,,"```json
{
  ""target_label"": ""pos__bugs"",
  ""is_match"": true,
  ""confidence"": 0.95,
  ""evidence"": ""\""no bugs\"""",
  ""reason"": ""The review explicitly states \""no bugs\"", directly indicating positive evaluation of technical stability and absence of bugs.""
}
```",gemma3:27b,rare_positive_binary_v1,TRUE,
70,129759443,997430,pos__bugs,"This is a good puzzle game with a very strange story. If you prefer casual puzzle games (like me) over hardcore puzzle games, don't be put off by the comments! It's really not as hard as they're making it sound. There is one part where everyone, myself included, gets stuck (the first statue puzzle in the sewers), but it's not the difficulty of the puzzle that's hard, it's figuring out where the sequence begins. Once you know that, it's just another average puzzle. All the other puzzles just require simple logic or solving fairly easy riddles. The music in the Ghost Coast section is very nice. I really enjoyed that. I also really appreciate the speed at which you can speed walk. You're able to run from one place to the next rather than slowly plodding along. In a couple areas where you need to cover a little distance, this is extremely useful. So this is definitely a fantasy puzzle game rather than a walking simulator. I also love that, even though the game has been out for a couple years, the dev is still actively involved in answering questions, responding to comments, and is thinking about adding a patch to the game. He's also very friendly. Everything works as it should, and there are no bugs, which is fantastic. I'm quite pleased with this game. It's relatively short (only 4 levels), but there are two different endings. The puzzles are hard enough to make you feel satisfied when you solve them, but they're not so hard that you want to quit... unless you're that one other reviewer who rage quit lol. It's fun, and really, that's all you can ask for from a game.",True,recommended,True,0.95,"Everything works as it should, and there are no bugs, which is fantastic.",The review explicitly states the absence of bugs and praises this aspect of the game.,True,,"```json
{
  ""target_label"": ""pos__bugs"",
  ""is_match"": true,
  ""confidence"": 0.95,
  ""evidence"": ""Everything works as it should, and there are no bugs, which is fantastic."",
  ""reason"": ""The review explicitly states the absence of bugs and praises this aspect of the game.""
}
```",gemma3:27b,rare_positive_binary_v1,TRUE,
71,202926617,2523720,pos__bugs,"I tested it directly on my Steam Deck, and what can I say? It runs well in single-player, and the multiplayer works flawlessly too; you can find servers quickly :) Good game. Here's a test video of it on the Steam Deck: [URL] Edit: I've been playing on the deck for 2 hours now without any problems, it's a lot of fun :) Edit 2: I'm now at almost 5 hours, reaching Act 4. No problems. The lowest fps so far was a drop to 39 fps, on ultra texture, the rest on high.",True,recommended,True,0.95,runs well...works flawlessly...without any problems...No problems.,"The review explicitly states the game 'runs well', 'works flawlessly' and has 'no problems' after extended play on a Steam Deck, indicating positive evaluation of technical stability.",True,,"```json
{
  ""target_label"": ""pos__bugs"",
  ""is_match"": true,
  ""confidence"": 0.95,
  ""evidence"": ""runs well...works flawlessly...without any problems...No problems."",
  ""reason"": ""The review explicitly states the game 'runs well', 'works flawlessly' and has 'no problems' after extended play on a Steam Deck, indicating positive evaluation of technical stability.""
}
```",gemma3:27b,rare_positive_binary_v1,TRUE,
72,202694452,2242760,pos__bugs,"This is a real good Horror theme game , i sh*t in my pants to many time... No bugs , the escape mission is REALLY nice to do , me and my friend are waitting for the next map! Will keep you update guys.",True,recommended,True,0.95,No bugs,The review explicitly states 'No bugs' and praises the game's stability while also highlighting positive gameplay elements.,True,,"```json
{
  ""target_label"": ""pos__bugs"",
  ""is_match"": true,
  ""confidence"": 0.95,
  ""evidence"": ""No bugs"",
  ""reason"": ""The review explicitly states 'No bugs' and praises the game's stability while also highlighting positive gameplay elements.""
}
```",gemma3:27b,rare_positive_binary_v1,TRUE,
73,29280476,340720,pos__bugs,"First things first: This is a thumbs up because the game does nothing really wrong - it also isn't great at anything. Consider it a 51%, it passes base. That aside, this is a generic, derivative time management game, with very mediocre visuals and a completely forgetable (and thankfully skipable) story. The attempts at humour were on the childish side for me, but the voice over was actually competent, a surprise for a game of this budget. The music and sound design are also competent, as in: repetitive but not horrible. As for the customization of the protagonists, it consists of hats and skins that you get as rewards, so... meh? On the positive side: No bugs or crashes. This will likely run on a potato. Gameplay-wise, I found it way too easy for my tastes and very light on strategy. The level design is, you guessed it, competent enough, but not really interesting. It took no effort at all to finish all levels with gold stars, so if you're looking for something relaxing, this will maybe work for you. A little bit of planning and strategy will also allow you to beat most developers' times - which by the way is only necessary once for the achievement, making this an easy game to 100%. All in all, it's alright, I guess. Competent enough is not a great recommendation I realize, but it's not a bad game for casual time management fans. Just wait for a sale.",True,recommended,True,0.95,No bugs or crashes.,"The review explicitly states the absence of bugs and crashes, directly aligning with the target label's definition.",True,,"```json
{
  ""target_label"": ""pos__bugs"",
  ""is_match"": true,
  ""confidence"": 0.95,
  ""evidence"": ""No bugs or crashes."",
  ""reason"": ""The review explicitly states the absence of bugs and crashes, directly aligning with the target label's definition.""
}
```",gemma3:27b,rare_positive_binary_v1,TRUE,
74,28606537,510930,pos__bugs,"Buy it. Just buy it. Especially now that it's 74 cents during steam sale, no reason to even hesitate - the graphics aren't amazing in the vid but when you're in it they work perfectly well. Basically Mad Max kinda stuff, the train goes, you shoot, you save your rockets for helicopters and try not to die. Really good if you have a small room - again, it's not a great game but it's THREE DOLLARS (or when I got it, 74 cents.) Two games in I've gotten my monies worth and I plan to keep playing - yes it's another wave shooter but it's fun, it's easy to explain to people as a demo, and it works. What more do you want, really?",True,recommended,True,0.85,and it works.,"The review explicitly states that the game 'works', indicating technical stability and absence of bugs.",True,,"```json
{
  ""target_label"": ""pos__bugs"",
  ""is_match"": true,
  ""confidence"": 0.85,
  ""evidence"": ""and it works."",
  ""reason"": ""The review explicitly states that the game 'works', indicating technical stability and absence of bugs.""
}
```",gemma3:27b,rare_positive_binary_v1,FALSE,
75,70084268,1229010,pos__bugs,"My first impressions. Got surprisingly motion sick on the main menu, due to the embers floating up giving me the feeling of falling. The king started talking while I was at the other end of the main hall, I teleported closer to here him clearer but he got quieter and became so quiet I couldn't here him. When I could here him it sounded like it was coming from the roof. The ghost chick said something like ""shoot me with any spell"" but it would only progress if I shot her with the one that does damage. when you make it in to the dining room, its not obvious that you are meant to kill the little ankle biter. (It would be handy for an indicator noise of some sort of animation to make it a bit more obvious that you are suppose to deal with it) Im unaware if the game goes any further then the dining room. (couldn't figure out the painting puzzle) Briefly got stuck in an audio loop from the ghost girl. Throughout my 45 minutes playing I had No crashes and NO frame rate issues. TLDR: The game is looking good so far just needs a bit of polishing. A few small things to make it a little more user friendly would be appreciated.",True,recommended,True,0.85,Throughout my 45 minutes playing I had No crashes and NO frame rate issues.,"The review explicitly states the absence of crashes and frame rate issues, directly aligning with the definition of praising technical stability.",True,,"```json
{
  ""target_label"": ""pos__bugs"",
  ""is_match"": true,
  ""confidence"": 0.85,
  ""evidence"": ""Throughout my 45 minutes playing I had No crashes and NO frame rate issues."",
  ""reason"": ""The review explicitly states the absence of crashes and frame rate issues, directly aligning with the definition of praising technical stability.""
}
```",gemma3:27b,rare_positive_binary_v1,TRUE,
76,50572017,935513,pos__bugs,"5 out of 6 stars ★★★★★☆ Overall, all works fine. Reading some of the first 7 reviews on steam, I was expecting a lot of bugs. This is not the case so far. - Rollbands work perfectly ok. - Wheels and interior shows up perfectly fine for me. - Handling was entirely fine. - Sounds are the same level of quality as with the Ikarus 280 DLC. They are OK, but I wish they would record higher quality engine sounds of a real life 260. That's my biggest gripe/suggestion so far. - The manual should be in your ""OMSI 2/Addons"" folder. It is there for me. Other than the sounds, its a great DLC. At this point in time, clearly a thumbs up from me. I'll come back to this review to expand it after some more playtime. This model is an absolute classic, glad it got the ""deluxe treatement"" from Bustrainz.",True,recommended,True,0.95,"Reading some of the first 7 reviews on steam, I was expecting a lot of bugs. This is not the case so far.","The review explicitly states that the reviewer expected bugs based on prior reviews but has not encountered any, indicating positive evaluation of technical stability.",True,,"```json
{
  ""target_label"": ""pos__bugs"",
  ""is_match"": true,
  ""confidence"": 0.95,
  ""evidence"": ""Reading some of the first 7 reviews on steam, I was expecting a lot of bugs. This is not the case so far."",
  ""reason"": ""The review explicitly states that the reviewer expected bugs based on prior reviews but has not encountered any, indicating positive evaluation of technical stability.""
}
```",gemma3:27b,rare_positive_binary_v1,TRUE,
77,20553527,406730,pos__bugs,"This game is not typical, but that is one of its' greatest assets. You find yourself in the South American town of Cachiche, Peru and using a local Brujo as a guide (Brujo means something like Shaman or male witch) you explore this extremely trippy town. The graphics are not super slick BUT the way the graphics are works perfectly with the story. The colors, the feel of the game, all of the way the game is designed, mimics my own experience South of the border, though I didnt meet any male witches with motorcycles, unfortunately ;) I enjoyed that feeling and I am amazed at how well the game was able to trap and capture such ephemeral feelings of being a stranger in a strange land. I had no issues with game play, no stuttering, no walking through walls, sound works perfectly, no problems, nada. The game runs smoothly. I definitely recommend this game for those who like out of the box games which are creative and follow an intriguing story line. 9/10",True,recommended,True,0.95,"I had no issues with game play, no stuttering, no walking through walls, sound works perfectly, no problems, nada. The game runs smoothly.","The review explicitly states the absence of bugs and technical issues ('no issues', 'no stuttering', 'no walking through walls', 'sound works perfectly', 'runs smoothly'), which directly aligns with the definition of the pos__bugs label.",True,,"```json
{
  ""target_label"": ""pos__bugs"",
  ""is_match"": true,
  ""confidence"": 0.95,
  ""evidence"": ""I had no issues with game play, no stuttering, no walking through walls, sound works perfectly, no problems, nada. The game runs smoothly."",
  ""reason"": ""The review explicitly states the absence of bugs and technical issues ('no issues', 'no stuttering', 'no walking through walls', 'sound works perfectly', 'runs smoothly'), which directly aligns with the definition of the pos__bugs label.""
}
```",gemma3:27b,rare_positive_binary_v1,TRUE,
78,202589382,2688950,pos__bugs,"I genuinely wanted to like this game. I saw the issues with pathing, staffing, etc., and thought ""most bugs can be worked around,"" and went for the purchase. Largely, it is appreciable that they're clearly trying to take up the mantle of the RCT franchise, but unfortunately the level of bugginess renders entire scenarios unplayable. Staff getting stuck in random complete paths, guests refusing to board a ride or follow a complete and smooth path ahead of them - so you delete, recreate, reroute, and MAYBE that works two out of ten times. But then it starts happening in another location that hadn't been an issue before. Then a guest gets stuck getting on or off a roller coaster and if you don't notice immediately you're hemorrhaging early game money. So you raise prices on certain places that were cheap to compensate and suddenly people are boarding but no money is going into your coffers. So you try to fix that but the glitch seems to have taken, so you have to delete and rebuild. Once that's taken care of you wonder why your park rating went down so much. Turns out there's a large mass of people trying to go home who have inexplicably made it to the gates but have become stuck and desparate. You try to move them to break the glitch but since they're right at the gate threshhold the game has their options greyed out. So you save, quit, reload, and all of a sudden there's a new issue with a pre-existing path and no clear reason as to where along it or why. Oh, and all of your janitors are stuck by the lifeguard stand again so trash and vom has built up, causing your hard-fought park rating to plummet again. For all these issues you look up work-arounds and fixes, and again 2/10 times it will work, but then you realize these are all bugs that have existed for 2 years since the game dropped. Oh, they released a patch! ""This is to fix game stability to prevent crashing."" I've never crashed, but the foundational bricks that build the park into a functional machine just ....don't work as they're supposed to. Almost every scenario requires a glitch workaround, and again, those only work SOMETIMES. Devs need to work on the basics or this is truly a failed franchise...can't recommend in its current form.",False,not_recommended,True,0.95,"""I've never crashed, but the foundational bricks that build the park into a functional machine just ....don't work as they're supposed to.""","The review explicitly states the game has not crashed and praises the developers for attempting bug fixes ('released a patch! ""This is to fix game stability to prevent crashing.""'), while also detailing numerous ongoing bugs that impact gameplay. This aligns with the definition of positively evaluating technical stability/bug fixes despite acknowledging existing issues.",True,,"```json
{
  ""target_label"": ""pos__bugs"",
  ""is_match"": true,
  ""confidence"": 0.95,
  ""evidence"": ""\""I've never crashed, but the foundational bricks that build the park into a functional machine just ....don't work as they're supposed to.\"""",
  ""reason"": ""The review explicitly states the game has not crashed and praises the developers for attempting bug fixes ('released a patch! \""This is to fix game stability to prevent crashing.\""'), while also detailing numerous ongoing bugs that impact gameplay. This aligns with the definition of positively evaluating technical stability/bug fixes despite acknowledging existing issues.""
}
```",gemma3:27b,rare_positive_binary_v1,FALSE,
79,29051197,576320,pos__bugs,"First Steam review, as this game came out yesterday and I figure it'd be helpful. As of right now - it's a mobile game. 100MBs of bright colours. But, is that a bad thing? No. Pros: - Seemingly no bugs or major issues, as there often are with early access games. - Very user-friendly tutorial - I learned all I needed to know quickly and efficiently and was able to practice the new skills. Not too repetitive. - Can already smell a ""addictive"" game coming along, seeing as I haven't really stopped other than to write this. - A lot of potential for growth, edits, mods, etc like Civ - Could play it on a potato. - Designed like Angry Birds - level by level. Can't really get bored of doing the same thing, as you get new tasks every level, whether that means making $3m before anyone else or strictly winning. - Low price, so if you don't like it, it's not a big deal Cons: - Must follow the storyline - no skirmish mode (yet), although this could turn into a Civ-style game. Give it a year. - Basic things like volume control, ability to window the game, etc are not implemented - No caps on the percentages. When upgrade costs are 250% but Influence is 30%, good luck playing at all. - Easy mode is still very difficult Small bug - The first level that is not a tutorial, you're tasked with making $1m before your counterpart. Mine, Joe, was at 981k - and I was stuck at 854k as i was too click-happy with upgrades. Impulsively, I got a loan of $154k, and beat Joe... I feel that's not supposed to happen. Maybe make it so that you must pay off all loans before winning? We'll leave it at that for now. Devs, if you're seeing this, good luck on your adventure!",True,recommended,True,0.85,"Seemingly no bugs or major issues, as there often are with early access games.","The review explicitly states the absence of significant bugs, which aligns directly with the target label's definition.",True,,"```json
{
  ""target_label"": ""pos__bugs"",
  ""is_match"": true,
  ""confidence"": 0.85,
  ""evidence"": ""Seemingly no bugs or major issues, as there often are with early access games."",
  ""reason"": ""The review explicitly states the absence of significant bugs, which aligns directly with the target label's definition.""
}
```",gemma3:27b,rare_positive_binary_v1,TRUE,
80,202749829,1622910,pos__bugs,"Great lovecraftian walking simulator, it has a good mix of fear through building tension, and some jump scares also. Great visuals, played smooth, no crashes. Picked it up for about $12 and the main game lasted me almost 5 hours.",True,recommended,True,0.95,"played smooth, no crashes","The review explicitly states the game 'played smooth' and had 'no crashes', directly indicating positive technical stability.",True,,"```json
{
  ""target_label"": ""pos__bugs"",
  ""is_match"": true,
  ""confidence"": 0.95,
  ""evidence"": ""played smooth, no crashes"",
  ""reason"": ""The review explicitly states the game 'played smooth' and had 'no crashes', directly indicating positive technical stability.""
}
```",gemma3:27b,rare_positive_binary_v1,TRUE,
81,13112948,296010,pos__bugs,This is the best game i have got this year on steam 242 hours played. No bugs and no trouble seting game up to play. This is a 10/10 game.Nov 2018 this game is one that i allways go back to play.This is a Well made game that is allways Fun to play.,True,recommended,True,0.95,"""No bugs and no trouble setting game up to play""","The review explicitly states the absence of bugs and setup issues, directly aligning with the target label's definition.",True,,"```json
{
  ""target_label"": ""pos__bugs"",
  ""is_match"": true,
  ""confidence"": 0.95,
  ""evidence"": ""\""No bugs and no trouble setting game up to play\"""",
  ""reason"": ""The review explicitly states the absence of bugs and setup issues, directly aligning with the target label's definition.""
}
```",gemma3:27b,rare_positive_binary_v1,TRUE,
82,43580236,433790,pos__bugs,Its not scary at all I saw one monster no jump scares its much like the first one there are multiple endings. Do I recommend the game there were no bugs or issues with the game and the game is ok it took over an hour to complete so I will recommend it.,True,recommended,True,0.95,there were no bugs or issues with the game,"The review explicitly states the absence of bugs and issues, directly aligning with the target label's definition.",True,,"```json
{
  ""target_label"": ""pos__bugs"",
  ""is_match"": true,
  ""confidence"": 0.95,
  ""evidence"": ""there were no bugs or issues with the game"",
  ""reason"": ""The review explicitly states the absence of bugs and issues, directly aligning with the target label's definition.""
}
```",gemma3:27b,rare_positive_binary_v1,TRUE,
83,99530177,1630580,pos__bugs,"Good price. I like the Sarcophagus room. You can really wreak havoc on heroes for a long time there. The DLC is a hair under-tuned for normal difficulty on release, but otherwise playing bug free campaign with new Hippo boss has been fun. More great pixel art to keep the scenes fun to watch. Overall, it's worth the $5.",True,recommended,True,0.85,playing bug free campaign,"The review explicitly states a 'bug free campaign', indicating positive evaluation of the game's technical stability.",True,,"```json
{
  ""target_label"": ""pos__bugs"",
  ""is_match"": true,
  ""confidence"": 0.85,
  ""evidence"": ""playing bug free campaign"",
  ""reason"": ""The review explicitly states a 'bug free campaign', indicating positive evaluation of the game's technical stability.""
}
```",gemma3:27b,rare_positive_binary_v1,TRUE,
84,203348890,2717880,pos__bugs,"I have been gaming for over 30 years now, almost no game moves me anymore but this game just makes me very very happy. Very fast, fluid game play, no interruptions. It never crashed. This game feel like it can go as fast as I can go. Music is insanely good as well. Some cons: Resolution settings seem a bit odd on my TV, 4k is fine and it runs very well but there is a 4k Option and the next one is ""1170x640"", which is not a screen resolution but a mythical creature :) Much love to the devs <3 Thank you for creating this.",True,recommended,True,0.95,It never crashed.,"The review explicitly states the game 'never crashed', directly indicating positive technical stability and absence of bugs.",True,,"```json
{
  ""target_label"": ""pos__bugs"",
  ""is_match"": true,
  ""confidence"": 0.95,
  ""evidence"": ""It never crashed."",
  ""reason"": ""The review explicitly states the game 'never crashed', directly indicating positive technical stability and absence of bugs.""
}
```",gemma3:27b,rare_positive_binary_v1,TRUE,
85,29262095,497680,pos__bugs,"Short, fun puzzler for completionists. A good amount of puzzles that stay fun without getting old, enough options are introduced throughout the short puzzle ""adventure"" to keep you interested. The ending is followed by SPOILERS: puzzles that deceive you, forcing you to do the wrong move instead of the right move. Well made, simple music, bug-free, always a plus with bargain bin completionist games. Don't worry if you can't perfect your moves while progressing through the game, after you finish the game, the game will restart with all levels unlocked, placing a star at the bottom of levels that you perfected, as in finished with the least amount of moves.",True,recommended,True,0.95,bug-free,"The review explicitly states the game is 'bug-free', which directly aligns with the positive evaluation of technical stability and absence of bugs defined in the target label.",True,,"```json
{
  ""target_label"": ""pos__bugs"",
  ""is_match"": true,
  ""confidence"": 0.95,
  ""evidence"": ""bug-free"",
  ""reason"": ""The review explicitly states the game is 'bug-free', which directly aligns with the positive evaluation of technical stability and absence of bugs defined in the target label.""
}
```",gemma3:27b,rare_positive_binary_v1,TRUE,
86,153205305,1468420,pos__bugs,"Platformer game from Hentai Room. Does it deserve the negative rating it has? As a magic practitioner, Sofiya, you venture into dungeons and cemetaries to discover the history behind your clan's rules. As you progress through the 45 dungeons, you will find books revealing bits of the story, but don't expect much here; the explanations are vague and way too brief. There is only one ending, and you can rather easily find all of the books, so one playthrough is sufficient to see everything. The focus was placed on the platforming parts. Ok, I get it. The moving pace feels very sluggish in comparison to similar titles, but it is not as detrimental to the gameplay as other reviews describe it. I won't count it as negative. It is what it is, and I got used to it shortly after starting. Aside from platforming, you also have various enemies to deal with. You have only one basic attack and three special ones to fight them. There is not much variety here, even considering that it is a budget title. After a few hits, most enemies will wave a white flag for a moment. You can then activate the sex finisher to eliminate them. This takes a few seconds and can't be skipped, so the pace suffers. However, with the double jump, you can avoid most enemies, so you don't need to kill them all. Especially since you don't gain experience from fighting, just recovery items and special shots. The main difficulty of this game is the platforming aspect. Most spikes are one hit k.o., and there are no checkpoints, but the levels are very short, so I don't feel like checkpoints are necessary in the first place. I certainly did not struggle much to complete levels, and I managed to clear most without any deaths. It is not a precision platformer, so I don't get why people cry about the difficulty. I'm certainly not a pro at platforming. Similarly, the three boss fights are pretty basic and easy to win. Next, I need to mention some negatives. Despite being a short, budget title, the lack of creativity is evident. There is very little variety of enemies, levels feel samey, and there is no character progression. Even at this low price, I expected a bit more. I can't say I hated playing it, but I was not very amused either. To the developer's defence, I believe it is the first platformer game he has made, so perfection is not expected. Still, more could've been done. I rate the experience as neutral. The pixel art is somewhat below average. The finisher animations lack polish and quality but are fluid enough to see what is happening. Sadly, there is little variety of scenes. Dungeons lack creativity as well. Some are way too short, and others feel too bland. Certainly, more work could be put into their creation. The visuals are slightly below my expectations as well. The music is pretty simple but mostly fits the theme. Nothing really stands out, but nothing sounded annoying either. Just good enough. The sound effects are a bit lacking, though. No bugs encountered, but on one of the levels, I fell on spikes that did not kill me. Rather insignificant glitch. Overall, a very simplistic platformer with some sexy pixel art and okay music. Even for a budget title, it all feels a bit uninspired and repetitive. I find it hard to recommend this game, but my actual rating would be neutral. It's certainly not the worst I've seen, but more effort should've been put into the development. 4.6/10",False,not_recommended,True,0.85,"No bugs encountered, but on one of the levels, I fell on spikes that did not kill me.","The review explicitly states 'No bugs encountered' which directly addresses technical stability and absence of bugs. While a minor glitch is mentioned, the overall sentiment regarding bugs is positive.",True,,"```json
{
  ""target_label"": ""pos__bugs"",
  ""is_match"": true,
  ""confidence"": 0.85,
  ""evidence"": ""No bugs encountered, but on one of the levels, I fell on spikes that did not kill me."",
  ""reason"": ""The review explicitly states 'No bugs encountered' which directly addresses technical stability and absence of bugs. While a minor glitch is mentioned, the overall sentiment regarding bugs is positive.""
}
```",gemma3:27b,rare_positive_binary_v1,TRUE,
87,202250088,2792150,pos__bugs,"Fairly satisfied with this DLC. I don't know what these other people are talking about, it works perfectly fine.",True,recommended,True,0.95,it works perfectly fine,"The review explicitly states the DLC 'works perfectly fine', indicating positive evaluation of technical stability and absence of bugs.",True,,"```json
{
  ""target_label"": ""pos__bugs"",
  ""is_match"": true,
  ""confidence"": 0.95,
  ""evidence"": ""it works perfectly fine"",
  ""reason"": ""The review explicitly states the DLC 'works perfectly fine', indicating positive evaluation of technical stability and absence of bugs.""
}
```",gemma3:27b,rare_positive_binary_v1,TRUE,
88,145567733,1571700,pos__bugs,"Very fun indie game, surprising moments of spiked difficulty, I enjoy that sort of thing! Jumping around is really fun, sometimes The enemy designs are kind of cute but also like an ugly cute I guess hahaa. It's a little too quiet on the character ends but it's all good, no bugs found so far, and that's rare now a days!",True,recommended,True,0.95,no bugs found so far,"The review explicitly states 'no bugs found so far', which directly aligns with the definition of positively evaluating the absence of bugs.",True,,"```json
{
  ""target_label"": ""pos__bugs"",
  ""is_match"": true,
  ""confidence"": 0.95,
  ""evidence"": ""no bugs found so far"",
  ""reason"": ""The review explicitly states 'no bugs found so far', which directly aligns with the definition of positively evaluating the absence of bugs.""
}
```",gemma3:27b,rare_positive_binary_v1,TRUE,
89,183917555,3347370,pos__bugs,"I just got the game today and so far I am really loving it. The balance for the first few day/night cycles is really well tuned. There is enough action to not be boring or let you solely focus on building your base, but also the NPC helpers are strong enough to keep your tree safe early on. If you like base-building survival games, you will love Morrigan's Isle. The game is definitely not bug free and needs work in some areas. You can tell it is an early access game that needs some polish on the UI/UX. However, the core game play itself is incredibly fun and will only improve as the developer starts to get feedback from players to incorporate and iterate on.",True,recommended,True,0.75,The core game play itself is incredibly fun and will only improve as the developer starts to get feedback from players to incorporate and iterate on.,"Despite acknowledging bugs and early access status, the review focuses on how enjoyable the *core gameplay* is and anticipates improvement through bug fixes/feedback. This indicates a positive evaluation of the game's technical state despite imperfections.",True,,"```json
{
  ""target_label"": ""pos__bugs"",
  ""is_match"": true,
  ""confidence"": 0.75,
  ""evidence"": ""The core game play itself is incredibly fun and will only improve as the developer starts to get feedback from players to incorporate and iterate on."",
  ""reason"": ""Despite acknowledging bugs and early access status, the review focuses on how enjoyable the *core gameplay* is and anticipates improvement through bug fixes/feedback. This indicates a positive evaluation of the game's technical state despite imperfections.""
}
```",gemma3:27b,rare_positive_binary_v1,FALSE,
90,40939073,506550,pos__bugs,"OK, I had to come post my first impressions... FANTASTIC FUN.... if you like just comfort shooting games and roller coasters don't make you feel weird; this is a Must Have Game. Shooting has been corrected, way back, I'm not sure the game will get further developed, but its very fun and enjoyable. Also, a great introduction for friends that want to shoot and experience VR. Touch Controllers work perfectly. Hat's off to the developers creating a simple shooter with the roller coaster making simple shooting more difficult.",True,recommended,True,0.85,Shooting has been corrected,"The review explicitly states that shooting issues have been fixed ('corrected'), indicating positive evaluation of bug fixes and technical stability.",True,,"```json
{
  ""target_label"": ""pos__bugs"",
  ""is_match"": true,
  ""confidence"": 0.85,
  ""evidence"": ""Shooting has been corrected"",
  ""reason"": ""The review explicitly states that shooting issues have been fixed ('corrected'), indicating positive evaluation of bug fixes and technical stability.""
}
```",gemma3:27b,rare_positive_binary_v1,FALSE,
91,203241069,2591280,pos__bugs,"After compelteing 100% of F1 manager 2024, would I recommend it? Disappointingly no. Now dont get me wrong this game has its positives, to start with it looks and sounds fantastic. Being not only fully licensed letting the real world of F1 be shown it also has audio snippets from the real drivers and crew members that give the game that little bit of life. On top of that although the game had a rough launch it has since been updated and made a stable and rather bug free experience. But unfortunately that doesn't distract from what I feel is poor gameplay. In terms of mid race planning and management the game is fine, the choices you make are no different that the other motorsport games you can pick up and play, however outside the racing I feel that there is too much of a focus on its real world comparisons and metrics rather than the gameplay being fun and understandable. There are so many systems that are too focused on accuracy that it takes away from the games feel. What I mean is shown in areas such as the part development where the game tends to show the specific metrics and how they are measured rather than just showing how it would affect the car and I feel this is a case of detail getting in the way of a game just being fun. The trend of the game being extremely detail oriented wouldn't be a issue if the game itself warranted it, but it forces you to learn and adjust to all the nitty gritty details of a F1 car and team and then the game itself is extremely easy to beat even when set to be realistic. Team fluctuate in performance way too much way too quickly, drivers make nonsensical moves and your targets are either way to easy to achieve or it's impossible to keep your job with again little to no sense being made by why they are the way they are. This is a type of game im quite familiar with having played hundreds of hours of motorsport manager, and having 100%'ed the previous 2 F1 manager games which I'm not reviewing retrospectively due to them having the same issue as this one does. And due to myself really enjoying management styled games I was wanting something I could sink my teeth into and waste hours upon hours playing and I just couldn't gel with it. Its as if its trying to be compared to the football manager series of games but with just surface level detail and no depth to what it means. and that makes the gameplay loop unsatisfying to be a part of. Motorsport manager has a less detailed and less impressive look and feel to the graphics and audio, it lacks the licencing meaning they use rip-off named parodies of the teams and drivers, and bends the rules to include mechanics such as promotion and demotion between the leagues of racing, so its far from a simulation of the F1 world, but its so much more fun as a game, which to me is more important. It has the depth of a true management game while still keeping the simplicity to help people who are not F1 mad adjust to the game. As a completionist the game has the expected challenges such as winning the championships, winning certain types of races, performing the general actions such as signing a driver as well as some more specific challenges such as having one of your drivers become the youngest world champion, winning all three championships at once (Driver, team and pit stop) and getting both drivers to a 100% setup at any race weekend. At launch some of these were bugged and unable to be obtained but to my knowledge these issues have been fixed. Its not really a impressive game to hunt, and depending on how much you focus just playing it for the certain achievements it also might end up being a rather large time sink and a boring one too as you might have won multiple championships but need to keep changing drivers while still keeping on top to try and get the youngest title as a example. Overall id give the game a 3/10, Unless you are a avid F1 fan, who can look past the almost fake complex mechanics to play a casual and easy management game I'd skip this. If you instead are able to look past the game needing the right names of teams I would recommend getting motorsport manager as to me its a much more rewarding, interesting and fun example of this style of game.",False,not_recommended,True,0.95,although the game had a rough launch it has since been updated and made a stable and rather bug free experience.,The review explicitly states that the game was initially buggy but has been updated to be 'stable and rather bug free'. This directly aligns with the definition of praising technical stability and the absence of bugs.,True,,"```json
{
  ""target_label"": ""pos__bugs"",
  ""is_match"": true,
  ""confidence"": 0.95,
  ""evidence"": ""although the game had a rough launch it has since been updated and made a stable and rather bug free experience."",
  ""reason"": ""The review explicitly states that the game was initially buggy but has been updated to be 'stable and rather bug free'. This directly aligns with the definition of praising technical stability and the absence of bugs.""
}
```",gemma3:27b,rare_positive_binary_v1,TRUE,
92,202867482,3583790,pos__bugs,"HTC Vive 1.0 users it is a pain in the ass to get working but you CAn do it! launch game in Open XR mode thru game properties, then go to control config and use the setting from open XR to Steam and set up the meta quest controller and it will work perfectly but takes a long time to set up, I did it while in game to test controls as I go. That said I love this game and hope it get's HUGE!!!!!!!!!!!!!!!!!!!!!!!",True,recommended,True,0.75,The reviewer explicitly states the game 'can' be made to work despite initial setup pain.,"While acknowledging a difficult setup process (which could be considered a bug-like issue), the review emphasizes successfully getting the game working and expresses strong positive sentiment ('love this game', 'hope it gets HUGE'). This indicates a positive evaluation of the technical stability achieved after overcoming those hurdles.",True,,"```json
{
  ""target_label"": ""pos__bugs"",
  ""is_match"": true,
  ""confidence"": 0.75,
  ""evidence"": ""The reviewer explicitly states the game 'can' be made to work despite initial setup pain."",
  ""reason"": ""While acknowledging a difficult setup process (which could be considered a bug-like issue), the review emphasizes successfully getting the game working and expresses strong positive sentiment ('love this game', 'hope it gets HUGE'). This indicates a positive evaluation of the technical stability achieved after overcoming those hurdles.""
}
```",gemma3:27b,rare_positive_binary_v1,FALSE,
93,40055348,591000,pos__bugs,"On the surface, Deep Sixed is a bit of a 90s CD-rom throwback, but looks can be deceiving. In a nutshell, Deep Sixed is a game with interesting pedigree, a mix of point and click adventure (fortunately with a hotkey to light up points of interest), manual-consulting ""Keep Talking And Nobody Explodes""-style troubleshooting, FTL-style power management, and (remarkably) an open universe exploring game. Comparisons have been made with VGA-era Sierra games as well as classics such as Psi-5 Trading Company, but I would say that this is just nostalgia reaching, and Deep Sixed is very much its own thing, complete with tongue-in-cheek humor and somewhat modern multimedia presentation. The basic gameplay is a cycle of survival and expansion. You start at the space station, where you can pick a mission, order parts, and upgrade your ship. Then you deploy in your ship, choosing one of the sectors you scanned in the past, and the game begins in earnest. Your ship is made up of just eight rooms: five of them ""viewing"" rooms to see out of the sides of your ship, a reactor room, a hyperdrive room, and a scanner room. You move between these rooms at will, poking around point and click adventure style to manipulate the various gadgets on the ship as well as move things between ship storage and your personal inventory. Your ship is a literal space jalopy, and things will inevitably go wrong. At that point, you need to crack open the PDA and navigate the in-game manual to learn how to fix it. Depending on the severity of what's happening, you could be in a race against time to survive. Eventually, you might get skilled enough at this game that there's few things you need to consult the PDA for anymore, but then the game turns into a game of seeing how quickly you can do it. I hope you like routine active maintenence, you'll be doing a lot of it. It might take multiple foreys from the space station to complete your current mission, but successful completion earns you some nice requisition tokens that can be used to upgrade your ship or replenish your ever-dwindling supplies. Completing missions also has a tendency to move the story along, one of multiple tones. The protagonist ain't on no pleasure cruise, but rather has been railroaded by a shady corporation into doing a dirty job, and you can expect the direness of the situation to piece her sarcastic veneer at times. There's two difficulty modes that I have seen: ""easy"" which makes things a lot less threatening and provides an easy-to-find bullet list of what's currently malfunctioning on your ship, and ""normal,"" without such creature comforts. It is very much possible for your adventure to end spectacularly; the developers have researched a great many ways to die in space. You can also suffer a slow death of logistics creep, simply not having the supplies or luck to shoulder on. Either way, this is a permadeath game, there are no additional save slots to go back to, so you can expect a bit of roguelike impermanence to manifest. I highly recommend running on ""easy"" to learn the ropes and then switch to ""normal"" to get the real experience, as the game is at its best when everything is going the worst. Though Deep Sixed is fairly solidly-built product with high production values for its chosen medium, and is pretty much bug free, I have encountered at least one real bug where the retrieval probe gets stuck. I was able to get around that by just leaving and restarting the game, but it begs a certain question as to how you're supposed to cope with real bugs when the game itself is about debugging? Ironically, I spent quite some time trying to find somewhere in the in-game manual which explains how to get my probe moving again. Hopefully, the developers will show commitment to quashing these bugs, few as they are. All things considered, what little flaws Deep Sixed has are vindicated by its low price tag. It's a novel experience that itches a number of nice places related to simulation, immersion, and adventure. In a sea of clones, a well-crafted novel experience is invaluable. I hope this is not the last I see of this developer.",True,recommended,True,0.85,"Though Deep Sixed is fairly solidly-built product with high production values for its chosen medium, and is pretty much bug free...","The review explicitly states the game is 'pretty much bug free' and praises its solid build quality, indicating a positive evaluation of technical stability.",True,,"```json
{
  ""target_label"": ""pos__bugs"",
  ""is_match"": true,
  ""confidence"": 0.85,
  ""evidence"": ""Though Deep Sixed is fairly solidly-built product with high production values for its chosen medium, and is pretty much bug free..."",
  ""reason"": ""The review explicitly states the game is 'pretty much bug free' and praises its solid build quality, indicating a positive evaluation of technical stability.""
}
```",gemma3:27b,rare_positive_binary_v1,TRUE,
94,202374426,3527760,pos__bugs,"I really wanted to love it... (minor spoilers) Okay, so this is more of an expansion of the first game rather then a DLC which isn't a bad thing, but there are some issues I had with it. I will start with the positive: Gameplay was fun and I like the new enemies and takedown attacks you can use. The new cryo weapon takes a little bit to get used to but is fun to mess with once you get it. Game never crashed on me. The cons: Performance issues - I'll keep it short. Bad stuttering, graphics bugging out or not loading correctly. Audio bugs where I lost audio entirely or it kept playing, and speech often did not match the lip syncing and lagged massively behind or was WAY ahead and I'd hear RoboCop talking while I visually saw him standing there awkwardly. There were also a LOT of overlapping audio cues which got worse later in the game. Controller input worked most of the time, but the longer I played (like near the end of it) I had issue after issue with the Xbox controller support. Lot of moments where I was perfectly fine, then the entire thing spazzed out. I had to force quit the game because, at one point, all control (including mouse) stopped working. This only happened one time, but I lost a lot of enjoyment that could've been avoided if the game had been optimized better. Small note: I 100% know the devs are updating the game with hotfixes. I played this a few weeks after it launched, so by the time you read this, all of my complaints may have been fixed so please take this with a grain of salt. The story. I won't go into major spoilers, but there were several issues. Some characters felt like they were forced. Mainly, the bad guy. He feels like he was written to be someone super important to Robo's past but also acts like a stereotypical bad guy. I feel like we were told to both care about his past, but also he is no one special. It's like there was 2 competing ideas on how to handle him that just didn't make sense when you shove them together. The other major character I think was handled better overall, but her stuff left me unsatisfied. Her ending made sense to me, but there were clear missing puzzle pieces here that I felt could've made her story great, if that makes sense. It's like a fast food burger, it got the job done, but it's missing the ""homemade"" taste and vibe. The story had a stronger start for me, but it went downhill the longer I went on. The bad guy takes WAY too long to finally show up. The flashback sections were overly used and the merc one was downright a waste of time and only seemed to pad the runtime . I think if you got this on a sale and you enjoyed the main game, I would say get this because I know you will find some enjoyment out of this, but I know I am a stickler for story, and after the great job they did with the main game, this just felt like they didn't know what they wanted to do or maybe, there were some major development shift. I can't say what it was, but you can feel how off it is. Still want to see more from this developer and I'd be 100% down for a horror game because they have some devs here with a real good eye for horror scenes, sound design, and visuals. I really think they could make a banger. Overall, I am happy I played it and supported the devs. This one was a bit of a miss for me, but I love the RoboCop movie and it's thanks to the devs that I got to play as him.",True,recommended,True,0.75,Game never crashed on me.,The review explicitly states the game 'never crashed' which directly aligns with the positive evaluation of technical stability and absence of bugs defined in the target label.,True,,"```json
{
  ""target_label"": ""pos__bugs"",
  ""is_match"": true,
  ""confidence"": 0.75,
  ""evidence"": ""Game never crashed on me."",
  ""reason"": ""The review explicitly states the game 'never crashed' which directly aligns with the positive evaluation of technical stability and absence of bugs defined in the target label.""
}
```",gemma3:27b,rare_positive_binary_v1,TRUE,
95,202378662,3054950,pos__bugs,"Build, craft, explore, climb, hunt, fish – anything is possible. The first areas are chill to play for me, without becoming boring. Later on, it gets more challenging. The implementation is solid with a few bugs, but with a few patches it could be very good. If you like survival sandbox games, this game is basically recommended. It makes fun. The game could be get an unreserved recommendation once the remaining bugs are fixed, for all player wich like this kind of games.",True,recommended,True,0.85,"The implementation is solid with a few bugs, but with a few patches it could be very good.","The review explicitly states the game has 'a few bugs' but expresses optimism that they can be fixed with patches, indicating positive evaluation of the technical state despite current issues.",True,,"```json
{
  ""target_label"": ""pos__bugs"",
  ""is_match"": true,
  ""confidence"": 0.85,
  ""evidence"": ""The implementation is solid with a few bugs, but with a few patches it could be very good."",
  ""reason"": ""The review explicitly states the game has 'a few bugs' but expresses optimism that they can be fixed with patches, indicating positive evaluation of the technical state despite current issues.""
}
```",gemma3:27b,rare_positive_binary_v1,FALSE,
96,114959416,1666600,pos__bugs,"Review date: 5/4/22 (Early Access) I really, really, really want to give this game a good review. I do. I just can't do it. YET. My recommendation is to wait until this gets fleshed out a bit more. It's VERY early access, but has a LOT of potential. Unlike some other dragon games I've seen, this one is quite playable. It's just not ready yet. Good stuff about this game: You are a DRAGON! The dragon you play is absolutely adorable. I enjoyed playing this character. You can indeed FLY! Breath weapon is DEVASTATING (as it should be ;) ). Relatively bug-free (nothing that prevented playing, or caused issues playing at least). Graphics are nice, if dark. Now, the bad stuff: Flight burns stamina. Your stamina drains fast, and refills slow. Forget about flying all over and doing devastating air strikes. You don't have the stamina to fly very far at all. Nor can you swim: you basically run across the bottom of the water. Whoops (that's probably just an EA issue). Add to that: melee attacks use stamina. One melee strike uses up almost 70% of your stamina. In other words, you can strike ONCE. OR fly. Forget about flying in and striking. In fact, forget about using melee at all, as one strike didn't kill the first creatures you fight (your breath weapon does, and recharges fast, so it's really your only weapon choice). Melee and stamina need to be tweaked (unless there are possible upgrades later, which I didn't see). If I am blowing through almost all my stamina with one swing, there better not be anything left in front of me afterwards! But there is, so it's kinda balanced wrong. The only way to STOP flying is to fly into the ground (which is kinda clumsy), or run out of stamina (which happens pretty quickly, actually). There should be a button to drop out of flight. If there is one, I didn't find it--it's not the obvious choice of the same button that start flight. The game scenery has all been dark. Not sure if that's the theme the are going for, but having some brighter colors/areas (in town, no less) would be better. I completed the first quest, and am told to return to the quest giver. I have no clue where he is, nor a marker to find him. Wasting a lot of time running around looking for him. There were markers for the bad guys, where's my quest marker to go back? The game says you can cast spells, however, none of those keybinds are working--I tried, when I discovered the hard way how bad the melee attack was--they should be hotkeys 1-5 (or something like that). Nothing happened with any of those. Or they also use the perpetually-drained stamina. However, it's possible I haven't unlocked them yet, as I only did one quest. I may have more feedback as I play more (assuming I ever find that questgiver). I would really love to see a few updates to this, and change my review. For now though... I recommend waiting and see where it develops.",False,not_recommended,True,0.85,"Relatively bug-free (nothing that prevented playing, or caused issues playing at least).","The review explicitly states the game is 'relatively bug-free' and clarifies that any bugs didn't hinder gameplay, which aligns with the positive evaluation of technical stability defined in the target label.",True,,"```json
{
  ""target_label"": ""pos__bugs"",
  ""is_match"": true,
  ""confidence"": 0.85,
  ""evidence"": ""Relatively bug-free (nothing that prevented playing, or caused issues playing at least)."",
  ""reason"": ""The review explicitly states the game is 'relatively bug-free' and clarifies that any bugs didn't hinder gameplay, which aligns with the positive evaluation of technical stability defined in the target label.""
}
```",gemma3:27b,rare_positive_binary_v1,TRUE,
97,49253142,955410,pos__bugs,"A very challenging but rewarding game, as you have to master the mechanics and game-play flow to stand a chance of winning. The fact you have just a tank that can build turrets and blocks and you must pick up turret bases to construct them means there is less micro-managing and more room for the action led strategy to breathe. Games typically run for around 30 minutes but can last hours depending on how good both teams are. The game seems solid in it's networking, no crashes or anything, and it runs nice a smooth on Mac too.",True,recommended,True,0.95,"The game seems solid in it's networking, no crashes or anything, and it runs nice a smooth on Mac too.","The review explicitly states the absence of crashes and praises the stability ('solid networking', 'runs nice a smooth'). This directly aligns with the definition of the pos__bugs label.",True,,"```json
{
  ""target_label"": ""pos__bugs"",
  ""is_match"": true,
  ""confidence"": 0.95,
  ""evidence"": ""The game seems solid in it's networking, no crashes or anything, and it runs nice a smooth on Mac too."",
  ""reason"": ""The review explicitly states the absence of crashes and praises the stability ('solid networking', 'runs nice a smooth'). This directly aligns with the definition of the pos__bugs label.""
}
```",gemma3:27b,rare_positive_binary_v1,TRUE,
98,86881132,1298130,pos__bugs,"This game is an one-man development game and i am surprised with how much effort this guy put on this game.People seeing a 0.70 cents game would say(like we all do and did) probably just another shity game but I would prefer this game ten thousand times over a 5-10+ euros game. For 0.70 cents you are getting a really good shooting game challenge.YES its not easy.. you will tilt you will have the urge to curse and stuff but at the end of the day it will be worth it. There are 3 boss fights with A LOT of mechanics that they can be forgiving maybe once or twice but you can feel the challenge and you will just exhale hard when you finally kill it and move on.Smooth graphics,no bugs found and a 10/10 for the exp. Worth buying for sure",True,recommended,True,0.95,"Smooth graphics,no bugs found","The review explicitly states 'no bugs found', directly indicating positive evaluation of technical stability and absence of bugs.",True,,"```json
{
  ""target_label"": ""pos__bugs"",
  ""is_match"": true,
  ""confidence"": 0.95,
  ""evidence"": ""Smooth graphics,no bugs found"",
  ""reason"": ""The review explicitly states 'no bugs found', directly indicating positive evaluation of technical stability and absence of bugs.""
}
```",gemma3:27b,rare_positive_binary_v1,TRUE,
99,150130795,1786070,pos__bugs,"Edge of War is a tactical, turn-based, (medium) fantasy CRPG. Though, currently there is very little story and little in the way of character development outside of stat and skill choices. All of these are within expectations of a standard issue isometric CRPG. Classics like Persuasion, Stealth and Lore skills currently find very little use, though. The main focus for the current build is combat. The only exception would be Mechanics (lockpicking), which is essential to get the best possible loot. And there is plenty to be found! The setting is somewhat unique among CRPGs as it is apparently based on Finnish folk lore. You will still fight bandits and wolfs. But you will also learn, that Skyrim's trolls are a far cry, of what a troll can truly be. A 10m rock-skinned behemoth, whose scream alone can induce fear into your characters. In the background, and surely part of a narrative to come, is what appears to be an ancient, way more advanced civilization than the current medieval-ish one. Spirit energy (vaeki), a form of usable magic for your characters, based constructs will likely appear eventually, think robot soldiers. Part of one of your missions is to inspect parts of such a construct. I am very hopeful for more here! Noteworthy also are the 2 races that accompany the humans: Hirwio (moose headed humanoids) and Peyko (a mix between an ugly witch and a goblin, still human sized), both of which specialize, where humans are generalists. This is important as you are not supposed to be able to max out everything. Overall it's a bit of a fresh wind, though not too out there. The by far most interesting part about this game is the partial procedural generation of the world. I believe this is a great innovation and improvement on any not too narrative focused RPG. It allows for slight but relevant changes to every playthrough: other enemies, different loot, other special characters, other quest locations, other shops. I am currently on my 4th playthrough and can say that each felt significantly differentiated from the others. On full release this system alone will give this game an insane amount of replay value! As implemented as it is now, I would already view it as a tool worth revisiting for any CRPG developer. For example Pathfinder WotR with this kind system in place might have hooked me way beyond 500 hours (200 hours currently). I believe it is that essential! Lastly, there is the current technical state of the game: It is suprisingly stable and works almost without issues! There are some minor bugs and annoyances to be expected from early access. None of which were substantial or couldn't be remedied with a quick load. Autosave is already implemented and works perfectly fine! I suffered 1 single crash. The developers, a team currently mostly privately developing the game, is also aware of most of these bugs and answers regularly on Steam discussions. There is also a discord for further discussions. Overall I can recommend the game wholeheartedly, even if it's relativley short (per playthrough) at this point. This may just be a true diamond in the rough. I have high hopes for further developments!",True,recommended,True,0.95,It is suprisingly stable and works almost without issues!,"The review explicitly praises the game's technical stability and lack of significant bugs, stating it 'works almost without issues'. It also mentions a single crash was remedied with a quick load.",True,,"```json
{
  ""target_label"": ""pos__bugs"",
  ""is_match"": true,
  ""confidence"": 0.95,
  ""evidence"": ""It is suprisingly stable and works almost without issues!"",
  ""reason"": ""The review explicitly praises the game's technical stability and lack of significant bugs, stating it 'works almost without issues'. It also mentions a single crash was remedied with a quick load.""
}
```",gemma3:27b,rare_positive_binary_v1,TRUE,
100,39314998,594980,pos__bugs,great little game runs well plays well controls work flawlessly gets genuinly tricky as levels progress although ive not played long,True,recommended,True,0.85,runs well controls work flawlessly,"The review explicitly states the game 'runs well' and that 'controls work flawlessly', indicating positive evaluation of technical stability and absence of bugs.",True,,"```json
{
  ""target_label"": ""pos__bugs"",
  ""is_match"": true,
  ""confidence"": 0.85,
  ""evidence"": ""runs well controls work flawlessly"",
  ""reason"": ""The review explicitly states the game 'runs well' and that 'controls work flawlessly', indicating positive evaluation of technical stability and absence of bugs.""
}
```",gemma3:27b,rare_positive_binary_v1,FALSE,
101,49178154,629970,pos__bugs,"Wow! Let me start by saying that for the last year, I worked in what could be called a high tech arcade. We featured a number of VR stations there, and I watched people playing Beast Pets that entire time. I ended up leaving the arcade before being able to try the game (the stations were only on when customers came in, which is when I left for the day), but since I had watched enough people try it, I felt like I had a pretty good grasp of the gameplay -- cute and light. When I saw it hit the Steam store, I was curious to finally play it. I'm more of an FPS/RPG kind of gamer, so I wasn't sure how much I'd be playing it. Well...it's really fun!! There's an immersive aspect to interacting with little AI's in VR that completely changes the experience. For example, while playing Skyrim, you get to have little companions. You interact with them a bit, they follow you around, and that's basically it. But when you're in VR, it actually feels the same as when I'm playing with my puppies. These little guys can fetch, follow a laser, and interact with the environment. There are places for you to explore, and each location offers something unique for the dragons (and you) to play with. And speaking of the environments, they're really pretty! The art style is low-poly, and it works perfectly to create ambiance while allowing you to interact with your new pets. The creators came up with some really clever conventions for interaction that make the experience smooth and hassle-free. This game is great for everyone, and I promise you it's absolutely worth your time.",True,recommended,True,0.75,The creators came up with some really clever conventions for interaction that make the experience smooth and hassle-free.,"The review praises the game being 'smooth and hassle-free', indicating a lack of bugs or technical issues which aligns with the definition of the target label.",True,,"```json
{
  ""target_label"": ""pos__bugs"",
  ""is_match"": true,
  ""confidence"": 0.75,
  ""evidence"": ""The creators came up with some really clever conventions for interaction that make the experience smooth and hassle-free."",
  ""reason"": ""The review praises the game being 'smooth and hassle-free', indicating a lack of bugs or technical issues which aligns with the definition of the target label.""
}
```",gemma3:27b,rare_positive_binary_v1,FALSE,
102,182028018,3282460,pos__bugs,"Truly a thoughtfully designed game with beautiful imagery and storytelling. Have already completed one playthrough and about to start my second run. Also, if you haven’t played its predecessor Always the Same Blue Sky then highly recommend you check this out as well! (PS. Ignore warnings from steam, this works perfectly on MacOS 15).",True,recommended,True,0.85,"(PS. Ignore warnings from steam, this works perfectly on MacOS 15)","The review explicitly states the game 'works perfectly' despite Steam warnings, indicating a positive evaluation of its technical stability and lack of bugs on macOS.",True,,"```json
{
  ""target_label"": ""pos__bugs"",
  ""is_match"": true,
  ""confidence"": 0.85,
  ""evidence"": ""(PS. Ignore warnings from steam, this works perfectly on MacOS 15)"",
  ""reason"": ""The review explicitly states the game 'works perfectly' despite Steam warnings, indicating a positive evaluation of its technical stability and lack of bugs on macOS.""
}
```",gemma3:27b,rare_positive_binary_v1,TRUE,
103,200222474,1770210,pos__bugs,"""At the cost of a having a bit of trouble walking in the morning, after dozens of overnight orgasms....well I'm sure all men can pay that PRICE for this POWER!"" - Renders: gorgeous, photogenic. - Animations: simple, yet beautiful. - Story: the main focus, and the strongest aspect of this game. - Choices: are present, mainly relating to the love interests. - Length: well over 20-25 hours (more for alternate routes). - Gallery: available at the end of the game, separate gallery for each route. - Soundtracks: quite a few, fitting to the theme and the tension when it arises. - Achievements: available and all work perfectly. The story is the focal point in Price of Power, and it's evident from start to finish. We begin our journey in what appears to be a medieval era, with the MC being a 25 year old male with no ambitions, having a mundane life. Suddenly his childhood friend Maria shows up, and rekindles their friendship, as well as mutual attraction for one another. Their feelings and flirting must be put on hold, because her uncle who is now the Lord Explorer, asks you to join them on the expedition into the Southlands. Where the people of your island have not dared to go before, and a place where your government banishes its criminals to. Not willing to let go of this chance to be with the woman of your dreams, the MC sets off to explore the unknown and uncover its mysteries after The Fall. Along their journey, the characters will encounter survivors both native to the Southlands, and those banished from the island. Fight off mutated creatures and raiders, face tough losses, uncover the mystery of The Fall, and bring to light the darkest secrets of their current society. All while never missing a moment to grow closer together, share intimate moments, and forge a new future for themselves and those around them. The gameplay is quite simple, while there are choices such as: naming the characters, choosing which enhancements the main character focuses on, and some light story choices. Few of these have a significant impact on the overall flow of the game. The choices that do have the most impact would be; focusing on one woman only as a love interest, a throuple, or a harem. As you settle in on a path of how many women you want to sleep with, then all the other choices seem arbitrary. You spend the majority of gameplay on reading the well crafted story, a world of science fiction after the apocalypse, and how different groups survived in it. Our MC eventually gets integrated with artificial intelligence from before the end of the world, and with the help of said AI's you then navigate whatever troubles come your way. From overpowering your enemies, reading powerpoint presentations by the AI to help you understand things, to healing a man made plague. All while making sure to keep the women in your life safe and satisfied. The conclusion I've come to after completing Price of Power is hard to put into words. I'll try to break it down though. The beginning with the MC having no ambition, was not inspiring. However with the introduction of Maria, and later Emilia, I was captivated, and couldn't stop reading for some time. Then it clicked, that if us men are left alone, we will need very little to get by, it's the women in our lives that drive us to do great deeds and inspire us to become better. A noble point of view, one that I had hoped to see, unfortunately, the MC from start to finish shows zero growth as a character. Maria gives several grand speeches, which grip at the heartstrings and the MC can just say: ""I love you"" in return. Out of all the characters, the one who changes and shows honest progression the most is Emilia, her character growth overshadows everyone else. In fact even at the end the MC is the same as he was at the start before meeting the women and going on his adventures. I think this is what mostly disappointed me in this title. That and in the later half of this AVN, the writing seemed to take a nosedive. What I mean is that it became full of mistakes, inconsistencies, and what felt like laziness. In 2 renders our characters went from day to evening, to night to next day. Nitpicking aside, it was an overall interesting experience. Full of beautiful renders, simple and smooth sexual animations and gorgeous women. Honestly I could take screenshots of every render and never have enough, they were all so photogenic. That being said, it's strange that each path has its own gallery, and to see them all you will need to complete all three paths. However it is a good read, albeit quite simple and feels rushed towards the end. Overall a great experience, and with epilogues on the way, don't miss out on this title! Rating: 910 Visit our Curator page for more 18+ NSFW titles!",True,recommended,True,0.85,Achievements: available and all work perfectly.,"The review explicitly states that the achievements 'all work perfectly', indicating a lack of bugs or technical issues with that aspect of the game.",True,,"```json
{
  ""target_label"": ""pos__bugs"",
  ""is_match"": true,
  ""confidence"": 0.85,
  ""evidence"": ""Achievements: available and all work perfectly."",
  ""reason"": ""The review explicitly states that the achievements 'all work perfectly', indicating a lack of bugs or technical issues with that aspect of the game.""
}
```",gemma3:27b,rare_positive_binary_v1,FALSE,
104,96230980,1675020,pos__bugs,"Quite an interesting RPG game, with an interesting pumping system. I do not regret the purchase, no bugs have been found yet.",True,recommended,True,0.95,no bugs have been found yet.,"The review explicitly states the absence of bugs, directly aligning with the target label's definition.",True,,"```json
{
  ""target_label"": ""pos__bugs"",
  ""is_match"": true,
  ""confidence"": 0.95,
  ""evidence"": ""no bugs have been found yet."",
  ""reason"": ""The review explicitly states the absence of bugs, directly aligning with the target label's definition.""
}
```",gemma3:27b,rare_positive_binary_v1,TRUE,
105,203089193,1154040,pos__bugs,"Was bug free and story/etc was fine, but just can't deal with an RTS without a pause that allows me to issue orders anymore.",False,not_recommended,True,0.85,Was bug free,"The review explicitly states the game 'was bug free', directly indicating positive evaluation of technical stability.",True,,"```json
{
  ""target_label"": ""pos__bugs"",
  ""is_match"": true,
  ""confidence"": 0.85,
  ""evidence"": ""Was bug free"",
  ""reason"": ""The review explicitly states the game 'was bug free', directly indicating positive evaluation of technical stability.""
}
```",gemma3:27b,rare_positive_binary_v1,TRUE,
106,55933412,693710,pos__bugs,"I think this was a great first step in making games for you and I hope you continue to grow as an artist. The assets are bright and cheerful, and the gameplay is more geared towards making challenging jumps. This isn't to say there is no room for improvement, I think you are well aware of the faults present with sliding collision, hindered gamepad support, and a lack of purpose in the player's actions. I played with a gamepad, so I was able to make the jumps without much trouble, the other reviewer probably played with keyboard which I presume would be near impossible as these are pretty analogue-tuned leaps. Using a PS4 controller I was able to control the cursor via the touchpad which acts as a mouse on Linux, though full support and button instructions would be nice. I bought this because it seemed sad that someone would put all this time into making a game like this and only have one strikingly negative review on it, with the actually reasonable price of $1.49 I figured I'd try it out, since you support Linux and all (good on you). Look. I've gotta point out some things. I think you should continue learning and growing and I feel like taking this game off of steam is a result of giving up. I see potential when I play this and letting it burn out is a shame. Though, if you do continue making games, you've got to be more critical of your own work. What I mean by this is primarily your price, this game should by all means be free or $1-2, not to shred you but you are charging what a lot of professional indie developers charge for very well maintained and bug free games and I'm certain you can see your own game does not hold up to the price choice, looks like you got a bit greedy there. I don't think you should retire this game from steam though, knock down the price or make it free, say it's no longer supported or improve it, but don't trash it. There is some innocent beauty in this game that I find hard to describe and it would be a shame if it disappeared. I want to see something more come of either this game or another. An update to this one with an added story, or even a total shift in gameplay would be sweet and make me feel like the purchase had more even more value. But, anyway, thanks for making my night even better with this game, I actually had a good bit of fun.",True,recommended,True,0.75,"I played with a gamepad, so I was able to make the jumps without much trouble","The review explicitly states that gameplay is functional and not hindered by bugs when using a gamepad, contrasting it positively with potential keyboard issues. While acknowledging faults like sliding collision, the reviewer focuses on their experience being relatively bug-free.",True,,"```json
{
  ""target_label"": ""pos__bugs"",
  ""is_match"": true,
  ""confidence"": 0.75,
  ""evidence"": ""I played with a gamepad, so I was able to make the jumps without much trouble"",
  ""reason"": ""The review explicitly states that gameplay is functional and not hindered by bugs when using a gamepad, contrasting it positively with potential keyboard issues. While acknowledging faults like sliding collision, the reviewer focuses on their experience being relatively bug-free.""
}
```",gemma3:27b,rare_positive_binary_v1,FALSE,
107,17991934,365480,pos__bugs,"When I saw the videos and description of Ravenmark, I thought I had stumbled on another hidden gem like Valkyria Chronicles. Alas, there are not much hidden gems and most times you will just pick up another little pebble. Ravenmark is such a disapointment that looked good at first glance. A warning should have been the fact that Ravenmark is an iOS port. While that doesn't mean that it automatically has to be a bad game, there are still some implications that come along with it. Games for portable devices almost always don't want to bother the player with decisions that he made in earlier stages of the game. Concerning an RPG or strategy game, this effectively means that there are most likely no player choices to be made like specialising the skills of your units, upgrade units after a battle and carry it over to the next or RPG-choices that affect the course of the story. In short, you can expect that everything that adds salt and pepper to a RPG or strategy game will be left out. This, sadly, is the case with Ravenmark. The following list rates the different aspects of the game using a scale from very bad (---) to very good (+++): Stability/Bugs: +++ No bugs or stability issues encountered. Good job. RPG-aspects: - The story is a railroad slideshow without any interaction or possibility to make choices by the player. The characters are flat and either unmotivated good, bad and/or naive. Sometimes there's a voice narration of the character's conversations, which is nice. Tactical aspects: + You can give direct commands only to a maximum of six units during any given turn, while you will have at most times more than six units of yours on the battlefield. You can group units together and these new formations can be commanded with only a single command. Unfortunately, formations will often times not do or will not be able to do what you've ordered them to. All in all the tactical aspects are okay and the formation system adds a nice new idea to the genre. Strategic-aspects: --- There are simply no strategic decisions to be made. You can't upgrade units or characters, you can't decide which units to bring into battle, you can't decide on which terrain to fight, you have no choices regarding infrastructure, unit supply, economics or whatsoever. Price: - Considering the fact, that this is an iOS port, 15 € comes pretty close to a rip-off. With the lack of RPG-decisions and no strategic value, Ravenmark comes down to a casual game with some boring slideshow story. Honestly said, I wouldn't want to pay money for that no matter the cost.",False,not_recommended,True,0.95,Stability/Bugs: +++ No bugs or stability issues encountered.,"The review explicitly states the absence of bugs and stability issues, directly matching the target label's definition.",True,,"```json
{
  ""target_label"": ""pos__bugs"",
  ""is_match"": true,
  ""confidence"": 0.95,
  ""evidence"": ""Stability/Bugs: +++ No bugs or stability issues encountered."",
  ""reason"": ""The review explicitly states the absence of bugs and stability issues, directly matching the target label's definition.""
}
```",gemma3:27b,rare_positive_binary_v1,TRUE,
108,203136339,3054950,pos__bugs,"Pros • Book system works perfectly in VR, almost no 2D UI. • World feels realistic and grounded despite being empty. • Sanity feature is unique and has huge potential, I am a big fan of it being client sided so your friends think you're a schizo (if i had friends) • Building is satisfying and time flies when working on it. • Tool crafting system is solid, could be expanded with more physical interaction. Cons • Days feel long and empty without enough to do outside gather resource • Nights are too quiet, mostly just waiting or managing hunger. • Hunger drains too fast, making survival frustrating. • Building is a bit too realistic, even small bases take a grind. • First night survival feels almost impossible without lots of prep. • Not a fan of jumpscares, these one feel cheap with a black man running at you • Hyperthermia INSTA kills you upon reaching low health, no matter your HP Some notes, please remove the compass, and add a sun as a cardinal direction indicator, PLEASE. Would be great to have some immersion settings like allow map, allow compass etc",True,recommended,True,0.75,"Book system works perfectly in VR, almost no 2D UI.",The review explicitly states a system 'works perfectly' and has 'almost no' UI issues which implies bug-free functionality.,True,,"```json
{
  ""target_label"": ""pos__bugs"",
  ""is_match"": true,
  ""confidence"": 0.75,
  ""evidence"": ""Book system works perfectly in VR, almost no 2D UI."",
  ""reason"": ""The review explicitly states a system 'works perfectly' and has 'almost no' UI issues which implies bug-free functionality.""
}
```",gemma3:27b,rare_positive_binary_v1,FALSE,
109,45768508,778330,pos__monetization,"A short, mildly masocore platformer with quality and variety. Scads of silliness here, as in, ""Oh my god! Your farts smell like my son!"" Minor pieces of free DLC added regularly, it seems. If, like me, you're the kind of gamer who goes through platformers like cups of tea (or coffee), you can't go wrong with this simple delight.",True,recommended,True,0.75,"Minor pieces of free DLC added regularly, it seems.","The review explicitly praises the game for releasing free DLC, which aligns with the definition of positive evaluation of monetization.",True,,"```json
{
  ""target_label"": ""pos__monetization"",
  ""is_match"": true,
  ""confidence"": 0.75,
  ""evidence"": ""Minor pieces of free DLC added regularly, it seems."",
  ""reason"": ""The review explicitly praises the game for releasing free DLC, which aligns with the definition of positive evaluation of monetization.""
}
```",gemma3:27b,rare_positive_binary_v1,TRUE,
110,29764962,540810,pos__monetization,"My experience so far is that the overall game definitely looks more crisp/clearer, but when looking at various things up close, they absolutely look better, but it won’t blow your skirt up. I think some of the city rubble textures have been updated too, among many other things that I haven’t seen yet. For those complaining, for the sake of complaining, it is free DLC Bethesda didn’t have to release, so just don’t use it and move on. In regards to the high system requirements, I suspect those were more for the loading times. /shrug",True,recommended,True,0.85,free DLC Bethesda didn’t have to release,The review explicitly praises the fact that the content is free DLC and acknowledges that the developer wasn't obligated to create it.,True,,"```json
{
  ""target_label"": ""pos__monetization"",
  ""is_match"": true,
  ""confidence"": 0.85,
  ""evidence"": ""free DLC Bethesda didn’t have to release"",
  ""reason"": ""The review explicitly praises the fact that the content is free DLC and acknowledges that the developer wasn't obligated to create it.""
}
```",gemma3:27b,rare_positive_binary_v1,TRUE,
111,101940112,1681040,pos__monetization,---{Gameplay}--- ☐ Try not to get addicted ☑️ Very good ☐ Good ☐ Nothing special ☐ Ehh ☐ Bad ☐ Just dont ---{Graphics}--- ☐ Masterpiece ☐ Beautiful ☑️ Good ☐ Decent ☐ Will do ☐ Bad ☐ Awful ☐ Paint.exe ---{Audio}--- ☐ Fascinating ☑️ Very good ☐ Good ☐ Decent ☐ Not too bad ☐ Bad ☐ Earrape ---{Audience}--- ☐ Kids ☑️ Teens ☑️ Adults ☐ Everyone ---{Story}--- ☐ Doesn't have ☐ Something isnt nothing I guess ☐ Not greatly told ☑️ Average ☐ Good ☐ Will make you cry a lot ---{Playstyle}--- ☐ Almost never the same in any two people ☑️ Varies a little bit from person to person ☐ Weapon AND character classes ☐ Weapon OR character classes ☐ Creative AND Survival ☑️ Creative OR Survival ☐ Melee AND Ranged ☐ Melee OR Ranged ---{Difficulity}--- ☐ Just press a bunch of buttons ☐ Easy ☐ Significant brain usage ☐ Easy to learn / Hard to master ☑️ Not so easy ☐ Difficult ☐ Dark Souls ---{Grind}--- ☑️ Nothing ☐ Only if you care about leaderboards/ranks ☐ Isn't necessary to progress ☐ A bit grindy sometimes ☐ Average grind level ☐ A bit grindy ☐ Insanity ---{Game Time}--- ☐ Long enough for a cup of tea ☐ Short ☑️ Average ☐ Long ☑️Depends on you ☐ Endless ---{Price}--- ☐ Just buy it ☑️ Worth the price ☐ Wait for sale ☐ Maybe if you have some spare money left ☐ Not recommended ☐ Dont throw money into a rubbish bin ---{Micro-Transactions}--- ☐ EA ☐ Mobile Game(Necessary if you don’t want to wait 15 weeks to construct a toaster) ☐ “Premium” Currency AND Normal Currency ☐ “Premium” Currency OR Normal Currency ☐ Quick way to advance ☐ Fortnite(Skins/Emotes/Etc) ☐ Only to show off big time ☐ Level DLC ☑️ None ---{Bugs/Glitches}--- ☐ Never had any ☑️ Minor bugs/glitches ☐ Few bugs/glitches ☐ Can get annoying ☐ Ruining the game ☐ The game itself is a big terrarium for bugs/glitches ---{?/10}--- ☐ 1 ☐ 2 ☐ 3 ☐ 4 ☐ 5 ☐ 6 ☐ 7 ☑️ 8 ☐ 9 ☐ 10,True,recommended,True,0.95,None under {Micro-Transactions},"The review explicitly states 'None' under the Micro-Transactions section, indicating a positive evaluation of the game's monetization by absence of negative practices.",True,,"```json
{
  ""target_label"": ""pos__monetization"",
  ""is_match"": true,
  ""confidence"": 0.95,
  ""evidence"": ""None under {Micro-Transactions}"",
  ""reason"": ""The review explicitly states 'None' under the Micro-Transactions section, indicating a positive evaluation of the game's monetization by absence of negative practices.""
}
```",gemma3:27b,rare_positive_binary_v1,TRUE,
112,49797967,577351,pos__monetization,"So far the best DLC this game has to offer. Almost everything is done right: - very good graphics - very good physics [ acceleration, braking(train weight, train lenght) ] - a lot of high quality locos and wagons (yes they are recycled and upgraded vehicles from RSN but who cares) - a lot of services and they are actually good (freight includes banking and double loco setups, passenger isnt boring and quite a lot of fun with all rolling stock working as intended) - the line itself is alive!!! Trains are moving non-stop on this route every 2 minutes in all directions: freight, passenger, solo banking locos. Everything is working properly so You have feeling that it is real world simulation. I think from 10am to 5pm there are at least 15 moving trains at every given time on this route. - PZB is working properly 95% of the time - signaling is also working properly 90% of the time To summarise this is great DLC and it is worth the price. If You already have RSN this is GREAT addition! In fact I am shocked that DGT managed to implement everything in this DLC (graphics, physics, map, simulation of trains going as planned in time table) and it actually works almost perfectly. Only thing is missing is Time Table in passenger mode (now you dont have time goals and they will add it in near future).",True,recommended,True,0.95,it is worth the price.,"The review explicitly states that the DLC is 'worth the price', indicating positive evaluation of its monetization.",True,,"```json
{
  ""target_label"": ""pos__monetization"",
  ""is_match"": true,
  ""confidence"": 0.95,
  ""evidence"": ""it is worth the price."",
  ""reason"": ""The review explicitly states that the DLC is 'worth the price', indicating positive evaluation of its monetization.""
}
```",gemma3:27b,rare_positive_binary_v1,TRUE,
113,202953940,3483740,pos__monetization,"Exactly as advertised, loved the game so far! Looking forward to the free DLC coming this year and the supporter pack companion makes the casting that much more chill",True,recommended,True,0.85,Looking forward to the free DLC and supporter pack,The review explicitly expresses positive sentiment towards the game's monetization through praise of both the planned free DLC and the optional supporter pack.,True,,"```json
{
  ""target_label"": ""pos__monetization"",
  ""is_match"": true,
  ""confidence"": 0.85,
  ""evidence"": ""Looking forward to the free DLC and supporter pack"",
  ""reason"": ""The review explicitly expresses positive sentiment towards the game's monetization through praise of both the planned free DLC and the optional supporter pack.""
}
```",gemma3:27b,rare_positive_binary_v1,TRUE,
114,102281960,1751750,pos__monetization,"Since I am unable to post reviews per dlc because it shows I didn't ""buy"" the dlc, I'll have to update my review for each DLC that comes out. DLC1: Combat engineer is really cool. It's nice being able to plop 6 turrets down and hold an area on your own almost. The campaign is horrible. 2nd mission in, I am fighting multiple mechs and a vehicle at once. Another time the enemy plops down a reaper turret that kills me in seconds. And this is in the beginning. Absolutely hating the campaign. So far, not worth the price. Definitely do not buy for the campaign, it basically gives everything to your enemy and kicks you in the nuts with it. DLC2: Psychics. Kind of a cool class with different powers. Telekinesis is not nearly as cool as it sounds, since you literally need cars and barrels in order to do damage, and the damage is not as much as some other classes' powers. So it is situational and not very strong. For the campaign: Unlike DLC1, you don't start off with a lot to work with. You begin with an extremely crappy class with barely any skills or slots to put them in. The first mission might as well of been called ""Welcome to Dark Souls"", and the 2nd mission literally threw multiple Hunters at me. With the super crappy beginning class. I did some save scumming and running like crazy to get past a few missions and can't seem to unlock anything good, so it has been even less fun than DLC1. DLC3: Weapon modding. I'm not sure it totally works for this kind of game, but it is cool none the less. There appears to be quite a few options, but there are not a lot of feasible ones; many options appear to be for niche builds. I do recommend getting this DLC if only to change the bullets of your main gun, so that it is more easy to cover armor pierce or energy stun. I've yet to do the campaign for this one, but until I update for that, just assume it is as bad as the other two or worse since that is the growing trend here. Overall: Each one adds something substantial to skirmish or multiplayer, but the campaigns are by far worse than the original.",False,not_recommended,True,0.6,Each one adds something substantial to skirmish or multiplayer...,The review states that each DLC 'adds something substantial' which implies a positive evaluation of the value received for purchasing the DLCs.,True,,"```json
{
  ""target_label"": ""pos__monetization"",
  ""is_match"": true,
  ""confidence"": 0.6,
  ""evidence"": ""Each one adds something substantial to skirmish or multiplayer..."",
  ""reason"": ""The review states that each DLC 'adds something substantial' which implies a positive evaluation of the value received for purchasing the DLCs.""
}
```",gemma3:27b,rare_positive_binary_v1,TRUE,
115,202098113,1227350,pos__monetization,"---{ Graphics }--- ☐ You forget what reality is ☐ Perfect ☐ Beautiful ☑ Good ☐ Decent ☐ Okay ☐ Bad ☐ Very stylized ☐ They're what they should be for what the game is ☐ MS Paint could make something better ---{ Gameplay }--- ☐ Fantastic ☐ Excellent ☐ Perfect ☐ Good ☐ It's just gameplay ☐ Meh ☑ Bad, but playable ☐ Just go watch paint dry ---{ Audio }--- ☐ Eargasm ☐ Amazing ☐ Very good ☑ Good ☐ Not to bad ☐ Alright ☐ Bad ☐ My ears are bleeding ---{ Audience }--- ☑ Babies ☑ Young kids ☑ Young teens ☑ Older teens ☑ Adults ☑ Old people ☑ Anyone with a decent maturity level ☑ Anyone with a lack of maturity ☑ Anyone that is alive ☑ No one, not even your dog ---{ PC Requirements }--- ☐ Check if you can run paint ☐ Potato ☐ Just average ☐ A little better than average ☐ Good ☐ Decent ☐ Better than good ☐ Fancy Pants Rich Boy ☑ NASA ---{ Difficulty }--- ☐ Can choose your difficulty setting ☐ No difficulty needed ☐ Just press 'W"" ☐ Easy ☐ Medium ☐ Easy to learn / Hard to master ☐ Significant brain usage ☐ Hard ☑ Verry Difficult ---{ Grind }--- ☐ Nothing to grind ☐ Only if you like to collect things ☐ Only if you care about steam achievements ☐ Isn't necessary to progress ☐ Only if you care about rankings/placements/leaderboards/etc. ☐ Average grind level ☐ A little grindy ☑ Too much grind ☐ You‘ll need a second life, maybe some macros, & a will to live for grinding ---{ Story }--- ☐ Story? What story? ☐ No Story ☐ Twilight was a better love story than this ☐ Average ☐ Good ☑ Lovely ☐ It‘ll replace your life ---{ Game Time }--- ☐ 1-2 Hours ☐ 2-5 Hours ☐ 5-10 Hours ☐ 10-20 Hours ☐ 20-50 Hours ☐ 50+ Hours ☐ 100+ Hours ☑ To infinity and beyond ---{ Replayablity }--- ☐ You won't even finish it the first time ☐ None, once was enough ☐ Not that kind of game ☑ You don't stop playing this kinda game, ever ☐ Maybe once or twice, to try something new ☐ You'll want to get every single possible ending & secret there is ☑ You'll pick it up every few years, but never finish a whole playthrough ☐ A lot, just to romance everyone, pick new options. try new classes, etc ---{ Price }--- ☐ It’s free! ☐ Worth the price ☐ If you have some money to blow ☑ Wait for it to go on sale for the 100th time ☐ Ask someone to gift it to you instead ☐ You could also just burn your money ---{ Bugs }--- ☐ Circumstantial (PC specs, internet, save/install location, etc.) ☐ Never heard of ☐ Minor bugs ☐ Can get annoying ☑ ARK: Survival Evolved ☐ The game itself is a big terrarium for bugs ---{ Game Size }--- ☐ Very low ☐ Low ☑ Average ☐ High ☐ Too much ---{ Worth It }--- ☐ Hell no! ☑ If you have a lot of cash ☐ Worth it! ☐ Get it now! ☐ Life is not complete without this game! ---{ TEXT }--- The game is pretty cool at first glance, I have nothing to comment on, the graphics, its mechanics, the details, but it's a little too realistic, in the pizza version and I think not only in it, everything you touch suddenly falls and breaks, a minus is the fact that you can't even run, another would be the graphics, I don't have a very powerful laptop but even with them on minimum it still seems to run smoothly, I'll give it a chance but so far this game isn't really wow. It really has a lot of bugs as other players have said in the reviews section. It needs to be adjusted and others, but now I think it can stay like this if part 2 comes out, I will struggle to finish it but with these bugs and the fact that the character moves extremely hard I don't think so, it's very frustrating and it's hard to learn this game! I would like to like it more but I don't think more than now, but I think it's worth a chance, don't buy all the dlc just the game itself the first time then if you like it get everything! Good luck! ---{ 5 / 10 }--- ☐ 1 ☐ 2 ☐ 3 ☐ 4 ☑ 5 ☐ 6 ☐ 7 ☐ 8 ☐ 9 ☐ 10",True,recommended,True,0.75,don't buy all the dlc just the game itself the first time then if you like it get everything!,"The review explicitly advises purchasing the base game first and *then* considering DLC if enjoyed, implying a positive view of how content is offered.",True,,"```json
{
  ""target_label"": ""pos__monetization"",
  ""is_match"": true,
  ""confidence"": 0.75,
  ""evidence"": ""don't buy all the dlc just the game itself the first time then if you like it get everything!"",
  ""reason"": ""The review explicitly advises purchasing the base game first and *then* considering DLC if enjoyed, implying a positive view of how content is offered.""
}
```",gemma3:27b,rare_positive_binary_v1,FALSE,
116,30130344,253710,pos__monetization,"Brilliant fun game to play. Very immersive. The game is F2P but ofcourse, with limitations. You can get around not paying a penny so long as you do the Missions but, this method will be very time consuming. I'm happy to support the devs on this game. They have provided an enjoyable game and deserve to be paid. It's a hard game and you can walk around without seeing a thing. Animals will scatter before you even get a glimps of them, they smell you coming from a mile away and tracking an animal for hours on end may sound tedious. But it makes for a very enjoyable experience. It's not a game for everyone but I'd say atleast give the game a try.",True,recommended,True,0.95,I'm happy to support the devs on this game. They have provided an enjoyable game and deserve to be paid.,"The review explicitly states willingness to financially support the developers due to their creation of an enjoyable game, which aligns with the definition of positive evaluation of monetization.",True,,"```json
{
  ""target_label"": ""pos__monetization"",
  ""is_match"": true,
  ""confidence"": 0.95,
  ""evidence"": ""I'm happy to support the devs on this game. They have provided an enjoyable game and deserve to be paid."",
  ""reason"": ""The review explicitly states willingness to financially support the developers due to their creation of an enjoyable game, which aligns with the definition of positive evaluation of monetization.""
}
```",gemma3:27b,rare_positive_binary_v1,TRUE,
117,177219562,3178960,pos__monetization,"I bought DLC to support my favorite FPS game. I bought this game 5 years ago for $40 and they are still doing free maps and updating things, so I am happy to support the devs so the game lives on.",True,recommended,True,0.95,bought DLC to support my favorite FPS game...happy to support the devs,"The review explicitly states purchasing DLC to financially support the developers and praises their continued free updates, indicating positive evaluation of the monetization policy.",True,,"```json
{
  ""target_label"": ""pos__monetization"",
  ""is_match"": true,
  ""confidence"": 0.95,
  ""evidence"": ""bought DLC to support my favorite FPS game...happy to support the devs"",
  ""reason"": ""The review explicitly states purchasing DLC to financially support the developers and praises their continued free updates, indicating positive evaluation of the monetization policy.""
}
```",gemma3:27b,rare_positive_binary_v1,TRUE,
118,202813903,3424900,pos__monetization,I hope developers of Hogwarts Legacy will add this game like a additional free dlc. This is peak of gaming,True,recommended,True,0.7,hopes for a free DLC,"The review expresses positive sentiment towards the idea of receiving additional content as a free DLC, indicating support for a generous monetization approach.",True,,"```json
{
  ""target_label"": ""pos__monetization"",
  ""is_match"": true,
  ""confidence"": 0.7,
  ""evidence"": ""hopes for a free DLC"",
  ""reason"": ""The review expresses positive sentiment towards the idea of receiving additional content as a free DLC, indicating support for a generous monetization approach.""
}
```",gemma3:27b,rare_positive_binary_v1,FALSE,
119,175813014,2774650,pos__monetization,"great little card battler. All cards unlocked, no pay-to-win. Its quite similar to Magic the Gathering, except for the hex terrain. Dirt cheap aswell",True,recommended,True,0.95,"All cards unlocked, no pay-to-win. Dirt cheap aswell","The review explicitly states there is no pay-to-win and the game is 'dirt cheap', indicating positive evaluation of the monetization.",True,,"```json
{
  ""target_label"": ""pos__monetization"",
  ""is_match"": true,
  ""confidence"": 0.95,
  ""evidence"": ""All cards unlocked, no pay-to-win. Dirt cheap aswell"",
  ""reason"": ""The review explicitly states there is no pay-to-win and the game is 'dirt cheap', indicating positive evaluation of the monetization.""
}
```",gemma3:27b,rare_positive_binary_v1,TRUE,
120,105747212,1047180,pos__monetization,"Buildings! Short, medium, and tall. One moment, your lance is leisurely crossing a street with no enemies in sight or even in radar contact. The next moment, enemy 'Mechs are firing atop or behind buildings! I think that in one particular mission, the enemy commander was even singing to me -- ""Why do 'Mechs suddenly appear, every time you are near....cause just like me, they long to be, blasting you."" But that was not all. That commander was likely laughing as I repeatedly missed hitting one of his lance mates that was firing from atop a building. However, I had the last laugh. All my missed shots hit the building instead. It collapsed (yes, the buildings can be destroyed!). So down went the unlucky 'Mech. The fall damage destroyed one leg and seriously damaged the other. But since excess leg damage transfer to a shoulder, there was damage there too. To add insult to injury, I destroyed the building in front of the enemy Catapult that was firing non-stop. So I was the one singing later, along that beach drinking song's tune (no shirt, no shoes, no problem song) -- ""No building, no cover, no problem!"" So here are the pros and cons of this DLC, based on the above and other experiences I have so far: Pros-- - new biome (urban city) - some new 'Mechs - some new equipment - if price is a non-issue, this DLC is fun even at full price Cons-- - for many, probably not worth the full price, so just wait until it goes on sale - really the urban setting is the best part of this DLC, with the destructible buildings and being able to expand your tactics because of it - some environmental effects could have been added, like the sound of traffic and stuff - understandable but not quite realistic that the hustle and bustle of the city suddenly totally stops just because your team went stomping in, with some passing civilian vehicle or two possibly enhancing the experience of possible civilians being in harm's way In conclusion: - this DLC is worth getting - the urban setting biome alone is worth it since it is quite the departure from lonely biomes in the standard game - though not realistic, it is understandable why the city suddenly feels like it is frozen in time, since the software developers made all buildings destructible and any additional detail would likely have slowed the game",True,recommended,True,0.75,"if price is a non-issue, this DLC is fun even at full price...this DLC is worth getting...the urban setting biome alone is worth it","The review explicitly states the DLC is worth getting and enjoyable even at full price, indicating positive evaluation of its value.",True,,"```json
{
  ""target_label"": ""pos__monetization"",
  ""is_match"": true,
  ""confidence"": 0.75,
  ""evidence"": ""if price is a non-issue, this DLC is fun even at full price...this DLC is worth getting...the urban setting biome alone is worth it"",
  ""reason"": ""The review explicitly states the DLC is worth getting and enjoyable even at full price, indicating positive evaluation of its value.""
}
```",gemma3:27b,rare_positive_binary_v1,TRUE,
121,106113382,1633670,pos__monetization,"Everything in the pass is out now, so my final opinion is its pretty good! Probably not worth the price but if it goes on sale and you're interested in everything I would say go for it, its a big bundle with pretty much every DLC released as of now (aside from like, the preorder stuff that became DLCs). The Batman expansion even comes with extra City Rumble levels which is quite nice! Surprising it's not really advertised.",True,recommended,True,0.7,its a big bundle with pretty much every DLC released as of now,"The review praises the value proposition of the bundled content including all DLCs, indicating positive evaluation of the monetization (getting a lot of content for the price).",True,,"```json
{
  ""target_label"": ""pos__monetization"",
  ""is_match"": true,
  ""confidence"": 0.7,
  ""evidence"": ""its a big bundle with pretty much every DLC released as of now"",
  ""reason"": ""The review praises the value proposition of the bundled content including all DLCs, indicating positive evaluation of the monetization (getting a lot of content for the price).""
}
```",gemma3:27b,rare_positive_binary_v1,FALSE,
122,190607943,3423800,pos__monetization,"The price about matches the gameplay. That said.. There are games with online features that are similar that I would rather play- That are far more feature rich than this will ever be, to be honest. But, on the plus side there is no pay to win. And I support indie devs doing a good job. Its just not game of the year material. Its like, just ok. I mean if this came out in 1995 I would play it, but things have changed since then. I may as well refund tbh because I cant see myself playing this again, like I said I have other games I am currently playing that are just better. Good effort for a first game or a single game dev but like 5/10",True,recommended,True,0.75,no pay to win. And I support indie devs doing a good job.,"The review explicitly states there is no pay-to-win and expresses support for the developer, indicating positive evaluation of the monetization/developer relationship.",True,,"```json
{
  ""target_label"": ""pos__monetization"",
  ""is_match"": true,
  ""confidence"": 0.75,
  ""evidence"": ""no pay to win. And I support indie devs doing a good job."",
  ""reason"": ""The review explicitly states there is no pay-to-win and expresses support for the developer, indicating positive evaluation of the monetization/developer relationship.""
}
```",gemma3:27b,rare_positive_binary_v1,TRUE,
123,33388905,468280,pos__monetization,"Overall, the audiobook is great in terms of content, but poorly directed. I cannot recommend the DLC for the audiobook alone. The OST is excellent, and the sound quality is good; unless you are an audiophile seeking lossless OST, the DLC is worth the music alone. The OST is excellent, especially for fans of Retrowave, you get several great albums. However, if you want the OST to be in lossless (FLAC), do not buy this DLC. If you want FLAC, I would recommend heading to the Bandcamp site of Makeup and Vanity Set and buying it there. The MP3 file quality of this edition is still good, this is just for the audiophiles out there. The Audiobook is fairly... unrestricted in terms of indulging in violence, but it's all for ultimate badassery. What I do not at all enjoy is the technical direction of the audiobook. Dividing chapters into separate tracks is fine for most media players, but what is unforgivable for me is how some of the sections of a given chapter are not divided whatsoever. You are in one situation and then suddenly, the entire plot shifts to a different character in a different place without you knowing, causing a lot of confusion. Meanwhile other events in the plot are paced, slowing down for significant events or speeding up for more dynamic, acute settings. This makes me feel like the direction of the audiobook is not entirely thought out and nowhere near professional quality. It seems that all that mattered was the sound quality which, mind you, is fairly stellar, but not perfect, for I find bumps in volume with no apparent relation to storytelling. Will check if it's my player doing that, but I doubt it. Overall, I have mixed feelings about the audiobook.",True,recommended,True,0.6,"unless you are an audiophile seeking lossless OST, the DLC is worth the music alone.","The review explicitly states that the DLC is 'worth the music alone' despite a caveat about audio quality for audiophiles, indicating positive evaluation of the value proposition.",True,,"```json
{
  ""target_label"": ""pos__monetization"",
  ""is_match"": true,
  ""confidence"": 0.6,
  ""evidence"": ""unless you are an audiophile seeking lossless OST, the DLC is worth the music alone."",
  ""reason"": ""The review explicitly states that the DLC is 'worth the music alone' despite a caveat about audio quality for audiophiles, indicating positive evaluation of the value proposition.""
}
```",gemma3:27b,rare_positive_binary_v1,TRUE,
124,45350309,879240,pos__monetization,"Insanely fun DLC paying homage to the Exodus of the original and reimagined BSG shows. It is as fun as it is difficult. Even with a minotaur, artemis, manticore, and battlestar, it is difficult to keep the fleet of a base 10,000 people alive. The DLC is worth the price, and guarantees an experience that will make you appreciate Adama's magnificent command of one battered, aging, and under-armed battlestar to defend a fleet of 49,998 over a long period. Kudos to the devs.",True,recommended,True,0.95,The DLC is worth the price,"The review explicitly states that the DLC is 'worth the price', indicating positive evaluation of its monetization.",True,,"```json
{
  ""target_label"": ""pos__monetization"",
  ""is_match"": true,
  ""confidence"": 0.95,
  ""evidence"": ""The DLC is worth the price"",
  ""reason"": ""The review explicitly states that the DLC is 'worth the price', indicating positive evaluation of its monetization.""
}
```",gemma3:27b,rare_positive_binary_v1,TRUE,
125,197643745,3625720,pos__monetization,"★★★★☆ Deluxe Upgrade Review — Worth It for the True Fans As a long-time Remedy fan, I picked up the Deluxe Upgrade ($9.99) the day FBC: Firebreak launched—here’s my take: 👍 Pros: Cosmetics Galore: You get two full voice packs (“The Firestarter” & “The Pencil Pusher”), an entire armor ensemble (helmet, chest, gloves), a sleek double‑barrel shotgun skin, a gold spray, and an extra 36-item cosmetic requisition pack . Great variety to freshen up your look. No pay-to-win nonsense: Absolutely no gameplay impact—just pure visual flair. The community is clear on this. As one Redditor put it: “All cosmetics. Remedy made it a point that anything paid for with real money doesn't affect gameplay.” Good value: At €10 to upgrade from the base game, you get a solid bundle that feels substantial if you enjoy customizing your Firebreaker. 👎 Cons: Purely cosmetic: No new kits, weapons, perks, or gameplay enhancements—only skins, voices, and sprays. Redundant for passives: If you already have favorite voice lines or armor from gameplay requisitions, it won't enhance your experience beyond aesthetics. Final Verdict: If you love visual variety and want to stand out in the field—whether donning a bold armor set, spraying the gold tag everywhere, or switching to that fiery voice—you'll get your money's worth. But if you’re focused on gameplay progression, this upgrade won't affect combat or mission dynamics. It's a neat treat for customization enthusiasts, not a gameplay expansion. Recommendation: • Get it if you care about cosmetics and personal flair. • Skip it if you're indifferent to looks and just care about missions and grind. Happy cleaning in the Oldest House",True,recommended,True,0.95,No pay-to-win nonsense: Absolutely no gameplay impact—just pure visual flair.,"The review explicitly praises the monetization by stating there is 'no pay-to-win' and that purchases are purely cosmetic, which aligns with the definition of positive evaluation of monetization.",True,,"```json
{
  ""target_label"": ""pos__monetization"",
  ""is_match"": true,
  ""confidence"": 0.95,
  ""evidence"": ""No pay-to-win nonsense: Absolutely no gameplay impact—just pure visual flair."",
  ""reason"": ""The review explicitly praises the monetization by stating there is 'no pay-to-win' and that purchases are purely cosmetic, which aligns with the definition of positive evaluation of monetization.""
}
```",gemma3:27b,rare_positive_binary_v1,TRUE,
126,94798276,861732,pos__monetization,"The ""Time Fantasy""-DLC is pretty much the base set of a whole series of DLCs, created by the artist finalblossblues. First of all, I want to say that I had no problems regarding the contents of this pack - the DLC was easily accessible through the resource manager and all the promised contents were here. It should also be mentioned, that the assets included in this dlc have a very different style in comparison to the RTP resources of MV. That should be obvious, judging by the preview images. However that essentially means, that you'll have to commit to this pack (and its expansions) if you want to create a game with a consistent style. If you don't linke this SENS pixel-style, then you know that this DLC isn't for you. What's in this pack? First of all, there's the tilesets: 35 sheets in total let you create all the basic locations of a fantasy rpg. A Worldmap, towns, castles, fields, various dungeons such as ruins and caves as well as forests and more. There is nothing here that would stand out thematically, but I think covering the basics is really important for a DLC you actually want to build a game with. After all basics are basically indispensable! All of those tiles look absolutely lovely and burst with character and charme. It should be said though, that this tileset isn't meant for beginners: There are less auto-tiles here than in the RTP-resources and in some cases you have to build structures such as cliffs ""manually"", which is a bit more tedious and confusing a first. It does make thinks look better in the end, though. The next big aspect of this pack are the characters. If I have counted correctly, there are 104 characters, including generic npcs, less generic npcs and player characters, of course. Additionally there are a few animated ""characters"" such as chests and doors - I wouldn't want to make a game without those! They all look absolutely beautiful and they're my personal favorites of this pack. The characters are noticeably taller than RPG Maker MVs pack-in-characters, they remind me of those in RPG Maker XP. Again, I can only say that this art style specifically is incredibly cute and nice, they remind me of an SNES game (though I can't remember which one - Breath of Fire II?) and burst with personality. Putting these graphics into a project immediately enhanced its look and feel, in my opinion. Probably the coolest thing are the emotion-sheets though. I didn't know what those were supposed to be, based on the description of the dlc, but it turns out, those are animated versions of the player character, showing them nodding, shaking their head, laughing and being surprised. That actually makes the characters feel somewhat alive during cutscenes! Can't say that has always been the case (at least in my games up until now) :D There are also a few bonus materials such as adorable animals, a kitchen and such. It's nice to have them, but I would have liked it, if tiles for tilesets would have been directly integrated into those (or would that have made them too big?). A short guide gives some mapping advice, which is really useful, because the tilesets aren't quite as easy to use as the RTP resources. Please keep in mind that some things are NOT included in this pack: Face graphics, sideview battlers and battlers in general, monster characters and system related things like inconsets, windowskins etc. - a lot of these a part of their own DLC. I think that there is enough here to make a neat little game on its own however, even if you have to use your own/RTP battlers. If you like this pack, the ""Time Fantasy Monsters"" and ""Time Fantasy Sideview Battlers"" packs seem like worthwhile additions. All in all I would judge this pack like this: + Beautiful, hand crafted pixel art with lots of personality + Characters are tall and specifically adorable + Included emotion frames make the characters feel more alive and are a cool idea in general + Covers the necessary basics for creating a whole game + Guide explains how to use the more complicated tilesets (that's a plus, believe me) - Tilesets may be a bit tedious or complicated (especially to newbies) - Could include a few more interior objects for castles - Tilesets ""only"" cover the basics, thematically nothings stands out (that's okay though, it's a base set) Conclusion I think that this dlc is worth its asking price. The graphics included are brimming with love and character, they look really good in projects. It's a good first step for giving your own project more personality if you enjoy the SNES style. The tall characters with their emotion frames are probably the biggest highlight in this pack - they just look so nice! Other than that you should keep in mind that the tilesets are more difficult to use than the RTP resources of RPG Maker, so you'll need to be a bit patient. If you are hesitant to purchase, there is usually a really big discount during sales on these DLCs, so that might help :D",True,recommended,True,0.85,I think that this dlc is worth its asking price.,"The review explicitly states the DLC is 'worth its asking price', indicating positive evaluation of the monetization (value for money). It also suggests waiting for sales to get a discount, implying reasonable pricing.",True,,"```json
{
  ""target_label"": ""pos__monetization"",
  ""is_match"": true,
  ""confidence"": 0.85,
  ""evidence"": ""I think that this dlc is worth its asking price."",
  ""reason"": ""The review explicitly states the DLC is 'worth its asking price', indicating positive evaluation of the monetization (value for money). It also suggests waiting for sales to get a discount, implying reasonable pricing.""
}
```",gemma3:27b,rare_positive_binary_v1,TRUE,
127,162329899,1630580,pos__monetization,"The master has a talent that gives herself ""wraps""- a buff that deals morale damage to the enemy landing the final blow. Which would be nice, except that if a hero lands a final blow on you, it's game over. Seems kind of funny. There *is* a talent that gives you bonus damage if you have wraps on you, but otherwise the buff is useless, afaik The DLC is worth it and the new master has great synergies for morale builds, some that bounce off the bonus damage effects from low morale, some that focus purely on morale to win by scaring.",True,recommended,True,0.85,The DLC is worth it,"The review explicitly states that the DLC is worth the purchase, indicating positive evaluation of the monetization.",True,,"```json
{
  ""target_label"": ""pos__monetization"",
  ""is_match"": true,
  ""confidence"": 0.85,
  ""evidence"": ""The DLC is worth it"",
  ""reason"": ""The review explicitly states that the DLC is worth the purchase, indicating positive evaluation of the monetization.""
}
```",gemma3:27b,rare_positive_binary_v1,TRUE,
128,199128266,2139460,pos__monetization,"For a free game its very well made, definitely not pay to win. im not to sure about the reset every 6 week but il soon find out. i know you do keep most things but your level drop back to zero. i do recommend it and it goes to xbox and playstation early next year 2026 which is going to increase the volume a lot.",True,recommended,True,0.85,definitely not pay to win,"The review explicitly states the game is 'not pay to win', which directly aligns with a positive evaluation of its monetization.",True,,"```json
{
  ""target_label"": ""pos__monetization"",
  ""is_match"": true,
  ""confidence"": 0.85,
  ""evidence"": ""definitely not pay to win"",
  ""reason"": ""The review explicitly states the game is 'not pay to win', which directly aligns with a positive evaluation of its monetization.""
}
```",gemma3:27b,rare_positive_binary_v1,TRUE,
129,59523372,1121600,pos__monetization,"As well as two new tutorials and the challenges, we now have the possibility of random MOB events in Live Sailing, with the added complexity of random engine failure. Living with that prospect as you sail around adds a nice new element to things. I already felt like I had a working little yacht full of kit - charts and fenders and pencils and winch handles, plus a hand compass added recently - and now I've got the fender and bucket, a boat hook, I can chuck that horseshoe lifebelt off the back at last, and I've got more buttons to press - plus more things to tell my slow-moving crew to get on and do slowly. I do think we need a SHOUT AT THE CREW button to speed them up, especially when Bob the MOB is slowly sinking as his wellies fill with seawater, while the crew plod around, looking for a boat hook. Having the tutorials added to everything that eSail already teaches you is also great, adding more value to everything that's packed into eSail. I'll be honest, I'd rather see more serious stuff like this, than some of the other less realistic elements (dinosaur on a beach, I'm looking at you). This is a great add-on for eSail. I'm happy to support the devs as they keep building the base product and squashing bugs. They're communicative, supportive and approachable, so I was always going to go for this anyway. But, yes, I think that the extra depth this DLC adds to what you can do in the world is well worth the price tag.",True,recommended,True,0.95,I think that the extra depth this DLC adds to what you can do in the world is well worth the price tag.,The review explicitly praises the value of the DLC for its price and expresses willingness to support the developers financially.,True,,"```json
{
  ""target_label"": ""pos__monetization"",
  ""is_match"": true,
  ""confidence"": 0.95,
  ""evidence"": ""I think that the extra depth this DLC adds to what you can do in the world is well worth the price tag."",
  ""reason"": ""The review explicitly praises the value of the DLC for its price and expresses willingness to support the developers financially.""
}
```",gemma3:27b,rare_positive_binary_v1,TRUE,
130,201698632,1670430,pos__monetization,the dance moves are cool and megaphone to annoy people is fun the dlc is worth it,True,recommended,True,0.85,the dlc is worth it,"The review explicitly states that the DLC is 'worth it', indicating positive evaluation of the game's monetization.",True,,"```json
{
  ""target_label"": ""pos__monetization"",
  ""is_match"": true,
  ""confidence"": 0.85,
  ""evidence"": ""the dlc is worth it"",
  ""reason"": ""The review explicitly states that the DLC is 'worth it', indicating positive evaluation of the game's monetization.""
}
```",gemma3:27b,rare_positive_binary_v1,TRUE,
131,74035607,582574,pos__monetization,I think it's good that you do free Dlc to xplane 11 do some more free Dlc otherwise it's a very fun game you can fix free Dlc on Service stuff and sam world jetway and different airports,True,recommended,True,0.85,good that you do free Dlc,"The review explicitly praises the developer for providing free DLC, which aligns with the definition of positive monetization.",True,,"```json
{
  ""target_label"": ""pos__monetization"",
  ""is_match"": true,
  ""confidence"": 0.85,
  ""evidence"": ""good that you do free Dlc"",
  ""reason"": ""The review explicitly praises the developer for providing free DLC, which aligns with the definition of positive monetization.""
}
```",gemma3:27b,rare_positive_binary_v1,TRUE,
132,202673676,1471410,pos__monetization,"My Background People's biggest complaint seems to be that Synthetik did not need a sequel, and are both angry that S2 is different but also that it is the same. I was no die-hard Synthetik 1 fan, but i did get my enjoyment from the first game. My favorite parts about S1 were how the sound design and visuals came together to deliver the game feel. So I won't be critical of changes of things carried over from S1 to S2 as long as when they stand alone they still feel good. I heard good news about some more recent updates in the past few months addressing the feel of the game which was the most important to me and wanted to give it a try, especially because if I didn't like it i'd be happy to support the dev more after the steep discount in which I acquired the first game. 8/22/25 First Impression I think the environments look fantastic. Layouts are unique from S1. Seen lots of new items and modifier and upgrades in the first run. More enemies in the first few maps already. I play Raider a lot, and i'm glad the plasma grenade gets thrown now. Cool there are two dash power up options, which makes me more curious about the other classes. Excited to play more! 8/22/25",True,recommended,True,0.7,"wanted to give it a try, especially because if I didn't like it i'd be happy to support the dev more after the steep discount in which I acquired the first game.","The reviewer explicitly states willingness to financially support the developer even if they don't enjoy the game, due to a previous positive experience with a discounted purchase. This indicates positive evaluation of the developer/monetization.",True,,"```json
{
  ""target_label"": ""pos__monetization"",
  ""is_match"": true,
  ""confidence"": 0.7,
  ""evidence"": ""wanted to give it a try, especially because if I didn't like it i'd be happy to support the dev more after the steep discount in which I acquired the first game."",
  ""reason"": ""The reviewer explicitly states willingness to financially support the developer even if they don't enjoy the game, due to a previous positive experience with a discounted purchase. This indicates positive evaluation of the developer/monetization.""
}
```",gemma3:27b,rare_positive_binary_v1,TRUE,
133,16429257,373400,pos__monetization,"I could bought one beer, but the dlc was worth it. =D",True,recommended,True,0.8,the dlc was worth it,"The review explicitly states the DLC was worth the money spent, indicating positive evaluation of the monetization.",True,,"```json
{
  ""target_label"": ""pos__monetization"",
  ""is_match"": true,
  ""confidence"": 0.8,
  ""evidence"": ""the dlc was worth it"",
  ""reason"": ""The review explicitly states the DLC was worth the money spent, indicating positive evaluation of the monetization.""
}
```",gemma3:27b,rare_positive_binary_v1,TRUE,
134,17510663,355900,pos__monetization,"This is only a cosmetic DLC as far as I know, I am fine with that personally althou I find it a bit overpriced. The describtion says it already, but I thought I might as well put this down here as I personally am more likely to browse through the reviews than the text the developer put up somehow. I will give this a No I guess, as I feel, like I said, it is overpriced. I really like the main game tho, and I do think the other DLCs are worth the price as they provide a different gameplay experience with each of the new chapters. This comes from the view of someone who already owns all of the current DLC, might be worth it without owning Dark Angels and/or Imperial Fists, since Angels of Redemtion and Crimson Fists copy these.",False,not_recommended,True,0.6,I do think the other DLCs are worth the price as they provide a different gameplay experience with each of the new chapters.,"The review explicitly states that other DLCs *are* worth the price because they add meaningful gameplay experiences. While it criticizes this specific DLC's pricing, the positive evaluation of other DLCs demonstrates a generally positive view on the game's monetization.",True,,"```json
{
  ""target_label"": ""pos__monetization"",
  ""is_match"": true,
  ""confidence"": 0.6,
  ""evidence"": ""I do think the other DLCs are worth the price as they provide a different gameplay experience with each of the new chapters."",
  ""reason"": ""The review explicitly states that other DLCs *are* worth the price because they add meaningful gameplay experiences. While it criticizes this specific DLC's pricing, the positive evaluation of other DLCs demonstrates a generally positive view on the game's monetization.""
}
```",gemma3:27b,rare_positive_binary_v1,TRUE,
135,59326021,746960,pos__monetization,Great game! Happy to support the devs!,True,recommended,True,0.95,Happy to support the devs!,"The review explicitly expresses willingness to financially support the developers, which aligns with positive evaluation of monetization.",True,,"```json
{
  ""target_label"": ""pos__monetization"",
  ""is_match"": true,
  ""confidence"": 0.95,
  ""evidence"": ""Happy to support the devs!"",
  ""reason"": ""The review explicitly expresses willingness to financially support the developers, which aligns with positive evaluation of monetization.""
}
```",gemma3:27b,rare_positive_binary_v1,TRUE,
136,66325635,1270340,pos__monetization,Free dlc but brought the paid version as 'Landfall's proceeds of the paid version [at least $2.5USD per unit sold] will go to Doctors Without Borders.' I like seeing devs help people out Also this game is awesome,True,recommended,True,0.95,willingly supporting the developer financially by buying the paid version because proceeds go to charity.,"The review explicitly praises the monetization aspect (buying the game) due to the charitable donation made by the developers, indicating a positive evaluation of their policy.",True,,"```json
{
  ""target_label"": ""pos__monetization"",
  ""is_match"": true,
  ""confidence"": 0.95,
  ""evidence"": ""willingly supporting the developer financially by buying the paid version because proceeds go to charity."",
  ""reason"": ""The review explicitly praises the monetization aspect (buying the game) due to the charitable donation made by the developers, indicating a positive evaluation of their policy.""
}
```",gemma3:27b,rare_positive_binary_v1,TRUE,
137,89375561,1577540,pos__monetization,"This content pack provides extra options available to those who've invested a good deal of time into the game already, and would like to have more content available (and if this did not exist, would be unlikely to exist at all since I assume there are so many resources that can be put towards a project with zero financial returns). I've played the base, free version on mobile and web for a good while and have gotten so many afternoons out of it I was happy to support the developer.",True,recommended,True,0.95,I was happy to support the developer.,"The review explicitly states willingness to financially support the developer due to satisfaction with the base game and content pack, indicating positive evaluation of the monetization.",True,,"```json
{
  ""target_label"": ""pos__monetization"",
  ""is_match"": true,
  ""confidence"": 0.95,
  ""evidence"": ""I was happy to support the developer."",
  ""reason"": ""The review explicitly states willingness to financially support the developer due to satisfaction with the base game and content pack, indicating positive evaluation of the monetization.""
}
```",gemma3:27b,rare_positive_binary_v1,TRUE,
138,29611834,565220,pos__monetization,"Added 2nd free DLC ""Adventure Item Pack 2"" This DLC does not affect gameplay,but a little will help beginners who are not particularly familiar with the genre JPRG and die - it's a good DLC ^~^",True,recommended,True,0.85,"This DLC does not affect gameplay,but a little will help beginners... it's a good DLC ^~^","The review explicitly praises the free DLC as 'good', indicating positive evaluation of the monetization (or lack thereof) and content delivery.",True,,"```json
{
  ""target_label"": ""pos__monetization"",
  ""is_match"": true,
  ""confidence"": 0.85,
  ""evidence"": ""This DLC does not affect gameplay,but a little will help beginners... it's a good DLC ^~^"",
  ""reason"": ""The review explicitly praises the free DLC as 'good', indicating positive evaluation of the monetization (or lack thereof) and content delivery.""
}
```",gemma3:27b,rare_positive_binary_v1,TRUE,
139,54797293,1104260,pos__monetization,Its a much better looking DLC that the New Japan one. All the character models look like the wrestlers. They got the sounds and the themes in too. The only problem is that there aren't enough wrestlers. Hope they work a little more with Stardom and give out a free DLC. I still really like it though.,True,recommended,True,0.7,I still really like it though.,"The review expresses liking the DLC despite a minor issue and hopes for more free content, indicating positive sentiment towards the potential for future monetization (free DLC).",True,,"```json
{
  ""target_label"": ""pos__monetization"",
  ""is_match"": true,
  ""confidence"": 0.7,
  ""evidence"": ""I still really like it though."",
  ""reason"": ""The review expresses liking the DLC despite a minor issue and hopes for more free content, indicating positive sentiment towards the potential for future monetization (free DLC).""
}
```",gemma3:27b,rare_positive_binary_v1,FALSE,
140,67409984,1242757,pos__monetization,"The balloon's animation is so well done. So simple but it makes me so happy to see it on the end of my lance. Side note, thanks capcom for making a great and giving us tons of free DLC. I definitely try to drop money on you guys when I can. I both this game and expansion for both PC and PS4, in addition to picking up these small paid DLC.",True,recommended,True,0.95,thanks capcom for making a great and giving us tons of free DLC. I definitely try to drop money on you guys when I can.,"The review explicitly praises the amount of free DLC provided by Capcom and expresses willingness to financially support them, indicating positive evaluation of their monetization practices.",True,,"```json
{
  ""target_label"": ""pos__monetization"",
  ""is_match"": true,
  ""confidence"": 0.95,
  ""evidence"": ""thanks capcom for making a great and giving us tons of free DLC. I definitely try to drop money on you guys when I can."",
  ""reason"": ""The review explicitly praises the amount of free DLC provided by Capcom and expresses willingness to financially support them, indicating positive evaluation of their monetization practices.""
}
```",gemma3:27b,rare_positive_binary_v1,TRUE,
141,30050961,238960,pos__monetization,"Hands down the best modern dungeon crawler with multiplayer ever made. And the best part is? You don't even need to spend a dollar to thoroughly enjoy it. It also runs anything variably better than a Raspberry Pi. It's not pay to win, and it doesn't require you grind for 14 hours a day or keep playing regularly to keep/upgrade your stuff. I honestly have no idea how PoE can be this much of an amazing game with an amazing developer and an amazing community and not crumble to ashes or burn out like so many games before it. It's truly astounding.",True,recommended,True,0.95,You don't even need to spend a dollar to thoroughly enjoy it. It's not pay to win...,"The review explicitly praises the game for being enjoyable without spending money and specifically states it is not pay-to-win, aligning with the definition of positive monetization.",True,,"```json
{
  ""target_label"": ""pos__monetization"",
  ""is_match"": true,
  ""confidence"": 0.95,
  ""evidence"": ""You don't even need to spend a dollar to thoroughly enjoy it. It's not pay to win..."",
  ""reason"": ""The review explicitly praises the game for being enjoyable without spending money and specifically states it is not pay-to-win, aligning with the definition of positive monetization.""
}
```",gemma3:27b,rare_positive_binary_v1,TRUE,
142,150475230,397930,pos__monetization,Any Free DLC is a good DLC in my book.,True,recommended,True,0.85,Any Free DLC is a good DLC,The review explicitly praises free DLC as positive monetization.,True,,"```json
{
  ""target_label"": ""pos__monetization"",
  ""is_match"": true,
  ""confidence"": 0.85,
  ""evidence"": ""Any Free DLC is a good DLC"",
  ""reason"": ""The review explicitly praises free DLC as positive monetization.""
}
```",gemma3:27b,rare_positive_binary_v1,TRUE,
143,71544025,1194500,pos__monetization,"The price for this DLC may seem high, but it is actually absurdly low priced for what you get. To put it in perspective one of the items you get in this DLC is the Plasma Burster. The actual resource cost for this one weapon is roughly 300 USD, and that's for the weapon itself not the node needed to unlock. All in all this DLC is worth it if you want to max out and fly a t5 Ze'ta. If you don't want to fly a t5 Ze'ta or have no interest in Ze'ta than do not buy this it isn't for you.",True,recommended,True,0.9,"The price for this DLC may seem high, but it is actually absurdly low priced for what you get.","The review explicitly states the DLC is 'absurdly low priced' despite initial impressions, which is a clear positive evaluation of its monetization.",True,,"```json
{
  ""target_label"": ""pos__monetization"",
  ""is_match"": true,
  ""confidence"": 0.9,
  ""evidence"": ""The price for this DLC may seem high, but it is actually absurdly low priced for what you get."",
  ""reason"": ""The review explicitly states the DLC is 'absurdly low priced' despite initial impressions, which is a clear positive evaluation of its monetization.""
}
```",gemma3:27b,rare_positive_binary_v1,TRUE,
144,201679396,585420,pos__monetization,"[URL] This review is my own review of a game I enjoy. But to be blunt it was originally intended as a reply but you can't post replies bigger then 1000 characters and I wanted to leave a review of the game anyway. This game is superb and you don't need the DLC especially if you want to paly with friends or just good people Since August 7th of last year the game has received Major Content Updates:4 Content Updates:2 ""DLC Locked Updates"":1 Meaning that they, do not, release new $10 DLC every single update. half of the DLC is purely cosmetic and the remaining available DLC is worth the price in my opinion especially considering it goes straight to the developers. (minus the 30% cut out of all steam transactions). If you're gonna complain about the developers infringing on your ability to give them criticism, I suggest you do it in a more constructive manner and be more specific then, ""I complained and got banned from their discord server"". Moderation is a tool used to remove people who are being unconstructive and damaging a community. The trail makers development team is one of if not the most interactive dev team I've ever seen they support a lot of content creators and host competitions within their community. They've rated the best builds frequently for a long time. So I find it hard to believe that they wrongly banned you from their community. People do read these reviews, and it affects their opinions of not only the game but the real human developers and the moderation team you've criticized in this post. You're not the only one complaining about the optional DLC available for this game, and the onslaught of negative reviews impacts whether people consider supporting this lovely game. If you're going to give critique on a game please 1. have more than 18 hours in it 2. genuinely interact with the community if you're going to treat it like trash or at least take a moment to consider if what you're saying to real people online is fair or constructive. This isn't a review it's a complaint, if you're someone reading this review because it's close to or is the top negative review, I encourage you to do your own research and consider waiting for the game to go on sale to purchase the game and all the DLC at the same time if you decide the amount of content available without the DLC isn't enough. I personally only have a couple cosmetic DLC I purchased with the game a long time ago and have found the game to be a very pleasant experience even without the DLC.",True,recommended,True,0.95,half of the DLC is purely cosmetic and the remaining available DLC is worth the price in my opinion especially considering it goes straight to the developers.,"The review explicitly praises the pricing and value of the DLC, stating it's worth the price and supports the developers. It also highlights that major content updates are released without requiring new paid DLC.",True,,"```json
{
  ""target_label"": ""pos__monetization"",
  ""is_match"": true,
  ""confidence"": 0.95,
  ""evidence"": ""half of the DLC is purely cosmetic and the remaining available DLC is worth the price in my opinion especially considering it goes straight to the developers."",
  ""reason"": ""The review explicitly praises the pricing and value of the DLC, stating it's worth the price and supports the developers. It also highlights that major content updates are released without requiring new paid DLC.""
}
```",gemma3:27b,rare_positive_binary_v1,TRUE,
145,116401471,1407080,pos__monetization,"I LOVE FISTI-FLUFFS!!!!!!!!!!!!!!!!!!!!! It's such a cute game, I love all of the cats and their cute little cat sounds. It's easy to tell which cat you are playing as, even when the stages get a little chaotic, and the ability to give them little outfits and glasses just makes them more endearing. I probably like the destruction mode the best, but kibble defense is also pretty high up there and gets pretty challenging the longer you play! There are a few different game modes, all of which are pretty basic and easy to pick up (especially for someone like me that tends to have to relearn all the buttons each time I jump back into a game). If you like cats, silliness, and chaos, I highly recommend this game! The stages are really unique and I love trying to get the powerups for my cats! Some modes definitely feel a bit harder than others, but I think that helps the game feel balanced as you can't win any specific game mode effortlessly. The game is still fun even when I am not ""good"" at a game mode, it doesn't feel disheartening or frustrating at all. I like getting the unlockable items even though I tend to gravitate back to the same ones each time regardless of which cat I am playing as (lol). The $20 cost might seem steep at first, but honestly I think it's a no-brainer kind of investment. The game has so much going for it, and I am happy to support the developers for basically the same price as a pizza. tldr: Fisti-Fluffs rules! It's not a perfect game but it's got heart and (most importantly) cute kitties. In short, I love it.",True,recommended,True,0.95,"The $20 cost might seem steep at first, but honestly I think it's a no-brainer kind of investment...I am happy to support the developers for basically the same price as a pizza.","The review explicitly praises the game's pricing ($20) and expresses willingness to financially support the developers, indicating positive evaluation of the monetization.",True,,"```json
{
  ""target_label"": ""pos__monetization"",
  ""is_match"": true,
  ""confidence"": 0.95,
  ""evidence"": ""The $20 cost might seem steep at first, but honestly I think it's a no-brainer kind of investment...I am happy to support the developers for basically the same price as a pizza."",
  ""reason"": ""The review explicitly praises the game's pricing ($20) and expresses willingness to financially support the developers, indicating positive evaluation of the monetization.""
}
```",gemma3:27b,rare_positive_binary_v1,TRUE,
146,145868858,1066830,pos__monetization,"AT A GLANCE Main Game Name: Nyasha Land of Elves DLC Name: Hentai DLC for Nyasha Land of Elves Original Release: 2019-04-13 Genre Tags: Casual, Puzzle, DLC, NSFW, Nudity DLC Has Achievements in Main Game: No Recommended To: Adults REVIEW Hentai DLC for Nyasha Land of Elves is downloadable content (DLC) for Nyasha Land of Elves a casual, tile sliding puzzle game with nudity. DLC DETAILS The DLC adds 30 different puzzles to the original 30 from the vanilla game. The game will show you on the main page that the DLC is active. The pictures continue by undressing the 10 girls in the puzzles with the last 10 puzzles being full nudes of the girls. The DLC does not unlock any additional achievements, but unlocks all of the content most of these games are made for. COMPLAINTS There is nothing specific to complain about for this DLC. RECOMMENDATION This DLC is worth picking up if you decide to buy the main game.",True,recommended,True,0.75,This DLC is worth picking up if you decide to buy the main game.,"The review explicitly recommends purchasing the DLC alongside the main game, implying satisfaction with its value and pricing.",True,,"```json
{
  ""target_label"": ""pos__monetization"",
  ""is_match"": true,
  ""confidence"": 0.75,
  ""evidence"": ""This DLC is worth picking up if you decide to buy the main game."",
  ""reason"": ""The review explicitly recommends purchasing the DLC alongside the main game, implying satisfaction with its value and pricing.""
}
```",gemma3:27b,rare_positive_binary_v1,TRUE,
147,143469160,997470,pos__monetization,"AT A GLANCE Main Game Name: Nya Nya Nya Girls (ʻʻʻ)_(=^･ω･^=)_(ʻʻʻ) DLC Name: Hentai DLC Original Release: 2019-11-02 Genre Tags: Casual, Puzzle, DLC, NSFW, Nudity DLC Has Achievements in Main Game: No Recommended To: Adults REVIEW Hentai DLC is downloadable content (DLC) for Nya Nya Nya Girls (ʻʻʻ)_(=^･ω･^=)_(ʻʻʻ) a casual, tile sliding puzzle game with nudity. DLC DETAILS The DLC adds 30 additional puzzles to the original 30 from the vanilla game However, the same picture is used for all three levels of difficulty of the puzzles so it feels like only 10 puzzles that you have to do three times. The nudity is only topless as well for the pictures. The game will show you on the main page that the DLC is active. The DLC does not unlock any additional achievements, but unlocks all of the content most of these games are made for. COMPLAINTS There is nothing specific to complain about for this DLC. RECOMMENDATION This DLC is worth picking up if you can catch it on sale.",True,recommended,True,0.7,This DLC is worth picking up if you can catch it on sale.,"The review explicitly recommends purchasing the DLC when on sale, indicating positive evaluation of its value for the price.",True,,"```json
{
  ""target_label"": ""pos__monetization"",
  ""is_match"": true,
  ""confidence"": 0.7,
  ""evidence"": ""This DLC is worth picking up if you can catch it on sale."",
  ""reason"": ""The review explicitly recommends purchasing the DLC when on sale, indicating positive evaluation of its value for the price.""
}
```",gemma3:27b,rare_positive_binary_v1,FALSE,
148,15424236,350460,pos__monetization,Free DLC if you supported early access o.o +1,True,recommended,True,0.8,Free DLC if you supported early access,"The review explicitly praises the monetization by highlighting free DLC for supporters, indicating a positive evaluation of the developer's policy.",True,,"```json
{
  ""target_label"": ""pos__monetization"",
  ""is_match"": true,
  ""confidence"": 0.8,
  ""evidence"": ""Free DLC if you supported early access"",
  ""reason"": ""The review explicitly praises the monetization by highlighting free DLC for supporters, indicating a positive evaluation of the developer's policy.""
}
```",gemma3:27b,rare_positive_binary_v1,TRUE,
149,203231200,1836730,pos__monetization,"You can do flips just by looking around mid air.. You can wall ride in any direction or grapple, and use bullet time to hit tricks like it's Max Payne Titanfall Pro Skater. Lots of replay-ability and completionism if you enjoy your playthrough and need more. +You can play with friends +turn on a PVP mode through the Perks system. +A Brand new free DLC that places you on the planet surface instead of in the skies.",True,recommended,True,0.75,+A Brand new free DLC,"The review explicitly praises the availability of a free DLC, indicating positive evaluation of the game's monetization.",True,,"```json
{
  ""target_label"": ""pos__monetization"",
  ""is_match"": true,
  ""confidence"": 0.75,
  ""evidence"": ""+A Brand new free DLC"",
  ""reason"": ""The review explicitly praises the availability of a free DLC, indicating positive evaluation of the game's monetization.""
}
```",gemma3:27b,rare_positive_binary_v1,TRUE,
150,30113238,396280,pos__monetization,"This review is mainly for those who have never played this game: Many of the reviews here will criticize the game for its many aspects. Note, that those are most likely written by veterans like myself, but without taking into consideration the viewpoint of a new player. I put the summary in the beginning: Yes, this is a dated game. Yes, the code is far from perfect. Yes, the population has declined over the years. BUT! The game's visuals aged quite well, easy to get used to it and some of the environments are really well crafted to look appealing even with dated graphics. The game has an extreme amount of content in it. Even by staying F2P (""froob"" by ingame jargon) you can spend years with it. Not mandatory though, you can play this game both casually and hardcore. You decide. Microtransactions are not pay to win. There is a relatively small, but active population. In short: despite it's shortcomings AO is still the best MMORPG ever in my opion. And I have tried a few. GOLDEN TIP: FIND AN ORGANIZATION QUICKLY! (AO's jargon for Guild) Ask around in public chat channels (such as ""OOC"") and you will find an organization in no time. OK here come the details: Setting: AO is literally the world's first scifi MMORPG. It has a unique world that combines elements from Shadowrun (main influence), Dune and others. But it also contains many unique, sometimes humorous, sometimes quirky and sometimes outright weird aspects. The game's world is totally lovable and one of the reasons it still has an active playerbase. Fun fact: women seem to like the game world too. I have seen more women in this game (proportionally) than in any other online game. AO also has a well crafted story, which is not forced upon you if you are not into it. But if you are, there are tons of lore available, and even a novel (""Prophet without honor"") There are many seasonal events, which are now part of the game's traditions and add a lot of fun. Social vs Solo: Most things in this game can be solo'ed. In fact, some of the greatest achievements are when someone is able to solo something that normally would require multiple players. You can solo almost all the way to endgame. But it is much more fun and easier to do it with other people. The game factilitates social interactions and fomations of communities and the existing communities are mostly very welcoming. I have created a couple of long-lasting real life friendships as have many other players in this game. Graphics: I won't lie: the game has aged graphics. Probably one of the least pretty MMOs that you can find on the market. But it is very easy to get used to it. The environments are well crafted, especially the Shadowlands. NOTE: there is a ""new engine"" game client, which is not shipped with Steam, but you can download it from the AO website. It makes the game a lot prettier, but it is still in Beta and there are a couple of bugs in it (nothing game-breaking, I play on the new client for instance) Game mechanics: It is quite similar to other online RPGs, but a lot more complex. It is mostly stat-based. The learning curve is huge, but not steep. The game will go easy on you in the beginning and you will learn it gradually. This complexity is one of the biggest appeals of this game. Equipping your character the best possible way is very challenging, but at the same time very rewarding. For instance when your low level character is able to whack high level monsters. In most cases you can adjust the difficulty of the game to your character by choosing appropriately leveled missions, or killing the appropriate level monsters in the open world. Having said that, the game has a massive open world, but also contains many instanced (somtimes even randomly generated) areas. The are unique open world bosses, open world raids, instanced raids, PVP-PVM mix raids and many others Professions (the game's equivalent of character classes) are wildly different and unique in their own way. BUT most items are not class locked, and there is a big room for experimentation. You are not really forced a certain path like in other games, say in SWTOR where if you are a smuggler you must use blasters. In AO blasters would be the recommended choice, but it can happen that someone comes up with a creative setup that outperforms the recommended one. The variety options are immense. PVP in this game is the ""smartest"" pvp I have seen in any game. It takes a lot of skill and game knowledge to be at the top, but the entry level is not that scary. I reiterate though: you do not need to be knowledgeable to get started. It will come both naturally, and the community will answer your questions. Your organization members will lend their deep game knowledge to you and will help you along the way to stand on your own feet, if you need it. Microtransactions: Completely optional. Most players get by without ever spending money on microtransactions. On the other hand it's a good way to support the developers. Membership: Around 50% of the content is tied to a subscription plan. It is farily affordable, but more expensive than pretty much any other MMO on the market. Bummer, a dated business model. As a F2P player, you will have access to ""Rubi-Ka"", the main world of the game. Subscription players gain access to the ""Shadowlands"" which presents an alternative progression (ie. you can level both in Rubi-Ka and the Shadowlands) which is arguably faster in the Shadowlands. You will get acces to more endgame content too. More powerful items etc. You can choose to play the full game from day one, or remain a free player as long as you want. Many of the subscription players today started out as F2P players, and there are some players who still play F2P accounts after so many years. Complaints, negative reviews, vitriolic statements from veterans: AO runs on minimal support from it's developer company. This makes the game somewhat riddled with problems. You will hear a lot about exploiters, broken economy, inflation etc. None of them are exactly true, though none of them are false either. Very rarely it happens that a small group of exploiters pop up. Since AO does not have constant supervision, these are not addressed promptly. Still the holes are plugged and the ""outbreak"" itself does not have much effect on the game anyway (not even close to what many veterans would tell you - they usually see this problem being a lot larger than it really is). Also, despite what anyone says, the economy is not (that) broken. It will not affect your gameplay much anyway. It will not prevent you from having fun or getting what you need on your character. TL;DR : AO is a big, complex, lovable game. Nowhere near perfect, but its pros outweigh the cons in my opinion. A must try. Stick to it. FIND A GUILD!",True,recommended,True,0.85,Microtransactions are not pay to win. ... it's a good way to support the developers.,"The review explicitly states that microtransactions are not pay-to-win and frames purchasing them as a positive act of supporting the developers. It also acknowledges the subscription model but doesn't criticize it, instead framing it as a dated business model.",True,,"```json
{
  ""target_label"": ""pos__monetization"",
  ""is_match"": true,
  ""confidence"": 0.85,
  ""evidence"": ""Microtransactions are not pay to win. ... it's a good way to support the developers."",
  ""reason"": ""The review explicitly states that microtransactions are not pay-to-win and frames purchasing them as a positive act of supporting the developers. It also acknowledges the subscription model but doesn't criticize it, instead framing it as a dated business model.""
}
```",gemma3:27b,rare_positive_binary_v1,TRUE,
151,118528085,500215,pos__monetization,"TL;DR: the negative experiences people have with this locomotive are likely due to a lack of clarity in the manual, which I explain in the review. For the price that I paid, I'd say this DLC is a good addition to your collection (actual review begins below). I've noticed that many of the negative reviews for this locomotive seem to focus on one of two things: not being able to move or poor steaming quality. What needs to be remembered is that this is a Pro Range locomotive, and it simulates operating procedures much more realistically than most other Train Simulator locomotives. A large portion of the locomotives in this simulator have the braking functions operated entirely by one set of controls; that is, the train brake lever (the lever on the right in the F4 HUD). However, the Manor (and most other Pro Range locomotives) rely on both the main train brake lever as well as the small ejector to have the brakes function properly. This is why the locomotive won't move for some people; after putting the train brake lever in the release position, you also have to turn the small ejector on (""J"" key by default). Once you do this, the brakes will release successfully. Interestingly, the steaming problems that reviewers mention is also caused by misusing the small ejector. In order to create a vaccum to release the brakes, the small ejector uses a lot of steam. When stationary or running light at low speeds, this isn't much of an issue as the locomotive's steam production can usually keep up with this usage. However, once you begin pulling a train at speed, your boiler pressure will drop fast. This is because you have to turn off the small ejector (also the ""J"" key as it's a toggle control) once you're moving at about 5-10mph. Don't worry, the brakes will remain released after turning it off. Other things that will help boost steam production are opening the dampers (holding the ""M"" key by default) and closing the cylinder cocks after leaving them open for a few seconds after starting (""C"" key by default). Normally, this would likely be an issue of not reading the manual, especially with the Pro Range DLC as most of the ones that I've bought cover this aspect of operation. The thing is, none of this is mentioned anywhere in the manual for this DLC (with the exception of the key controls, of course), which I personally think is a major issue. This is especially the case for someone who's new to the Pro Range and not familiar with these realistic operating procedures. If it weren't for this major oversight, I'm sure this DLC wouldn't have gotten such a negative reception. If there's anything that should be fixed on this locomotive, it's the inclusion of this vital operating aspect in the manual besides a simple keyboard control. As for the DLC itself, I find it to be a decent addition to one's collection. Not the best, but certainly far from the worst. The controls are definitely more advanced than your typical Train Simulator locomotive, and I recommend that anyone driving this (or any Pro Range locomotive, for that matter) use the F5 HUD. The inclusion of Mk. 1 coaches is always nice, and though I haven't finished all of them yet, the two scenarios I've done so far have worked just fine and were enjoyable. However, it definitely looks a bit dated. As someone else mentioned, this actual addon was created by JustTrains in 2013 and was likely re-released under the Pro Range in 2020. The locomotive's appearance definitely shows its age; it was probably good at the time, but it simply doesn't hold a candle to the much higher-fidelity models produced for Train Simulator these days. On top of that, I must also agree with other reviewers on the physics: for a Pro Range locomotive, they're not great. They're better than most standard locomotives in the simulator, but they fall short in terms of realism compared to other Pro Range locomotives I've driven. Additionally, some of the controls are simplified compared to their real life counterparts (e.g. the injectors require no adjustment whatsoever to get water into the boiler, they function more like on/off switches). So where does this DLC sit, exactly? Personally, disregarding the issue with the manual, I think it serves as a good introduction to the Pro Range for someone who may be new to it. This DLC allows someone to experience the more advanced control schemes offered by the Pro Range without the added factor of hyper-realistic physics (which may be seen as a positive or negative depending on who you ask). Would I recommend this DLC? Well, that depends. First of all, I would never buy this for its full price (though I'd say the same about almost every other Train Simulator DLC pack, so take that with a grain of salt). However, for the sale price of $11.99 (what I paid), it's a different story. If you're someone like me whose equally content driving Pro Range engines with realistic physics as well as standard locomotives with basic physics, I'd say this DLC is worth it. For $12 you get a decent quality (but somewhat dated) locomotive in a few liveries, some coaches, and four standard scenarios for the S&DJR. Not the best deal in the world, but certainly not a bad one in my opinion. If you're someone whose new to the Pro Range, I'd still recommend it. It's a great way to get used to the more advanced controls without having to go all-in with hyper-realistic physics (though I do believe that some Pro Range locomotives allow for simplified physics, so this may be a moot point). Just make sure you remember the details about the small ejector I mentioned above (read the manual, too)! However, if you're someone who’s only looking for top-notch, highly detailed, and hyper-realistic DLC, then you should probably look elsewhere. Overall, for $11.99, I'd recommend it, but not as strongly as some of the other DLC packs available for Train Simulator.",True,recommended,True,0.85,"For the price that I paid, I'd say this DLC is a good addition to your collection...However, for the sale price of $11.99 (what I paid), it's a different story.","The review explicitly states satisfaction with the purchase price and value received from the DLC, indicating positive evaluation of the monetization.",True,,"```json
{
  ""target_label"": ""pos__monetization"",
  ""is_match"": true,
  ""confidence"": 0.85,
  ""evidence"": ""For the price that I paid, I'd say this DLC is a good addition to your collection...However, for the sale price of $11.99 (what I paid), it's a different story."",
  ""reason"": ""The review explicitly states satisfaction with the purchase price and value received from the DLC, indicating positive evaluation of the monetization.""
}
```",gemma3:27b,rare_positive_binary_v1,TRUE,
152,50669484,1018610,pos__monetization,"I just started playing the game on Steam but I really loved the original Dawn Break series on the phones, they are phone games done right. No microtransactions that halt your progress, no bs, you could even play it offline. It was just spectacle action that looked flashy and hundreds of bad guys to mow down. So what is this game? Well, basically it is an instanced Dynasty Warriors with RPG elements. You have a selection of 3 characters: an icy swordsman, a fiery gunslinger, and a mage girl. You go on short levels (2-5mins) and fight dozens of monsters in an arena or 2 - until you face the boss. The combo system is very DW style with 2 buttons (a weak and charge attack) which you mix and you also equip some fairies for a special skill like healing, buffing and such. After the mission, you earn some new equipment and stuff and make your character stronger. The designs are obviously very anime-like and well done. And there is a fantasy story behind it if you care about it. So the game will definitely appeal to hack and slash fans who want some flashy action in short bursts.",True,recommended,True,0.85,"No microtransactions that halt your progress, no bs, you could even play it offline.",The review explicitly praises the monetization of the original mobile game by stating there were no predatory microtransactions and offline play was available.,True,,"```json
{
  ""target_label"": ""pos__monetization"",
  ""is_match"": true,
  ""confidence"": 0.85,
  ""evidence"": ""No microtransactions that halt your progress, no bs, you could even play it offline."",
  ""reason"": ""The review explicitly praises the monetization of the original mobile game by stating there were no predatory microtransactions and offline play was available.""
}
```",gemma3:27b,rare_positive_binary_v1,TRUE,
153,79281829,1052870,pos__monetization,"I loved this franchise ever since it came to steam. Sure, there's a couple of flaws in the core design. You simply can't snap individual pieces together. And you sadly can't use your own pretty images. Therefore: You are stuck with the default puzzles. Everybody really knows these flaws at this point. But I honestly do love these jigsaw experiences. It simply feels great to finish every single puzzle. During a discount it's definitely worth a purchase. Also: I really like playing Pixel Puzzles: Ultimate. I thought this game might give me a DLC for that. The older Pixel Puzzles games did give the DLC. But unfortunately: This game just isn't doing that. Don't buy this if you are expecting that free DLC. I still enjoyed it, but I was a tiny bit disappointed.",True,recommended,True,0.6,During a discount it's definitely worth a purchase.,"The review explicitly states the game is 'definitely worth a purchase' during a sale, indicating positive evaluation of its pricing/value proposition.",True,,"```json
{
  ""target_label"": ""pos__monetization"",
  ""is_match"": true,
  ""confidence"": 0.6,
  ""evidence"": ""During a discount it's definitely worth a purchase."",
  ""reason"": ""The review explicitly states the game is 'definitely worth a purchase' during a sale, indicating positive evaluation of its pricing/value proposition.""
}
```",gemma3:27b,rare_positive_binary_v1,FALSE,
154,120079390,1136890,pos__monetization,Happy to support the devs who actually listen to their community ⣿⣿⣿⣿⣿⣿⣿⣿⡿⠿⠛⠛⠛⠋⠉⠈⠉⠉⠉⠉⠛⠻⢿⣿⣿⣿⣿⣿⣿⣿ ⣿⣿⣿⣿⣿⡿⠋⠁⠀⠀⠀⠀⠀⠀⠀⠀⠀⠀⠀⠀⠀⠀⠀⠉⠛⢿⣿⣿⣿⣿ ⣿⣿⣿⣿⡏⣀⠀⠀⠀⠀⠀⠀⠀⣀⣤⣤⣤⣄⡀⠀⠀⠀⠀⠀⠀⠀⠙⢿⣿⣿ ⣿⣿⣿⢏⣴⣿⣷⠀⠀⠀⠀⠀⢾⣿⣿⣿⣿⣿⣿⡆⠀⠀⠀⠀⠀⠀⠀⠈⣿⣿ ⣿⣿⣟⣾⣿⡟⠁⠀⠀⠀⠀⠀⢀⣾⣿⣿⣿⣿⣿⣷⢢⠀⠀⠀⠀⠀⠀⠀⢸⣿ ⣿⣿⣿⣿⣟⠀⡴⠄⠀⠀⠀⠀⠀⠀⠙⠻⣿⣿⣿⣿⣷⣄⠀⠀⠀⠀⠀⠀⠀⣿ ⣿⣿⣿⠟⠻⠀⠀⠀⠀⠀⠀⠀⠀⠀⠀⠶⢴⣿⣿⣿⣿⣿⣧⠀⠀⠀⠀⠀⠀⣿ ⣿⣁⡀⠀⠀⢰⢠⣦⠀⠀⠀⠀⠀⠀⠀⠀⢀⣼⣿⣿⣿⣿⣿⡄⠀⣴⣶⣿⡄⣿ ⣿⡋⠀⠀⠀⠎⢸⣿⡆⠀⠀⠀⠀⠀⠀⣴⣿⣿⣿⣿⣿⣿⣿⠗⢘⣿⣟⠛⠿⣼ ⣿⣿⠋⢀⡌⢰⣿⡿⢿⡀⠀⠀⠀⠀⠀⠙⠿⣿⣿⣿⣿⣿⡇⠀⢸⣿⣿⣧⢀⣼ ⣿⣿⣷⢻⠄⠘⠛⠋⠛⠃⠀⠀⠀⠀⠀⢿⣧⠈⠉⠙⠛⠋⠀⠀⠀⣿⣿⣿⣿⣿ ⣿⣿⣧⠀⠈⢸⠀⠀⠀⠀⠀⠀⠀⠀⠀⠀⠟⠀⠀⠀⠀⢀⢃⠀⠀⢸⣿⣿⣿⣿ ⣿⣿⡿⠀⠴⢗⣠⣤⣴⡶⠶⠖⠀⠀⠀⠀⠀⠀⠀⠀⠀⠀⠀⣀⡸⠀⣿⣿⣿⣿ ⣿⣿⣿⡀⢠⣾⣿⠏⠀⠠⠀⠀⠀⠀⠀⠀⠀⠀⠀⠀⠀⠀⠀⠛⠉⠀⣿⣿⣿⣿ ⣿⣿⣿⣧⠈⢹⡇⠀⠀⠀⠀⠀⠀⠀⠀⠀⠀⠀⠀⠀⠀⠀⠀⠀⠀⣰⣿⣿⣿⣿ ⣿⣿⣿⣿⡄⠈⠃⠀⠀⠀⠀⠀⠀⠀⠀⠀⠀⠀⠀⠀⠀⢀⣠⣴⣾⣿⣿⣿⣿⣿ ⣿⣿⣿⣿⣧⡀⠀⠀⠀⠀⠀⠀⠀⠀⠀⠀⠀⠀⢀⣠⣾⣿⣿⣿⣿⣿⣿⣿⣿⣿ ⣿⣿⣿⣿⣷⠀⠀⠀⠀⠀⠀⠀⠀⠀⠀⠀⢀⣴⣿⣿⣿⣿⣿⣿⣿⣿⣿⣿⣿⣿ ⣿⣿⣿⣿⣿⣦⣄⣀⣀⣀⣀⠀⠀⠀⠀⠘⣿⣿⣿⣿⣿⣿⣿⣿⣿⣿⣿⣿⣿⣿ ⣿⣿⣿⣿⣿⣿⣿⣿⣿⣿⣿⣷⡄⠀⠀⠀⣿⣿⣿⣿⣿⣿⣿⣿⣿⣿⣿⣿⣿⣿ ⣿⣿⣿⣿⣿⣿⣿⣿⣿⣿⣿⣿⣧⠀⠀⠀⠙⣿⣿⡟⢻⣿⣿⣿⣿⣿⣿⣿⣿⣿ ⣿⣿⣿⣿⣿⣿⣿⣿⣿⣿⣿⣿⠇⠀⠁⠀⠀⠹⣿⠃⠀⣿⣿⣿⣿⣿⣿⣿⣿⣿ ⣿⣿⣿⣿⣿⣿⣿⣿⡿⠛⣿⣿⠀⠀⠀⠀⠀⠀⠀⠀⢐⣿⣿⣿⣿⣿⣿⣿⣿⣿ ⣿⣿⣿⣿⠿⠛⠉⠉⠁⠀⢻⣿⡇⠀⠀⠀⠀⠀⠀⢀⠈⣿⣿⡿⠉⠛⠛⠛⠉⠉ ⣿⡿⠋⠁⠀⠀⢀⣀⣠⡴⣸⣿⣇⡄⠀⠀⠀⠀⢀⡿⠄⠙⠛⠀⣀⣠⣤⣤⠄,True,recommended,True,0.85,Happy to support the devs who actually listen to their community,"The review explicitly states willingness to financially support the developers, indicating positive evaluation of their approach.",True,,"```json
{
  ""target_label"": ""pos__monetization"",
  ""is_match"": true,
  ""confidence"": 0.85,
  ""evidence"": ""Happy to support the devs who actually listen to their community"",
  ""reason"": ""The review explicitly states willingness to financially support the developers, indicating positive evaluation of their approach.""
}
```",gemma3:27b,rare_positive_binary_v1,TRUE,
155,167371356,2488152,pos__monetization,"I know these DLCs are kinda controversial with some people, and I don't think it's remotely worth buying all of them unless you've played for hundreds of hours and are still having fun making new saves that will actually make use of the different styles, but I got the base game and this DLC when both were on sale and I don't regret it at all. Everything in it (and there's a lot in it with all the clothes) is super cute to me and fits my kind of character and preferred color schemes, and having a mount immediately on start instead of having to save up is a decent little quality of life bonus. Getting ONE of the DLC that suits your character is totally worth it in my opinion; just choose your aesthetic wisely. No complaints.",True,recommended,True,0.75,I got the base game and this DLC when both were on sale and I don't regret it at all.,"The reviewer explicitly states they do not regret purchasing the DLC even though they acknowledge some controversy around them, indicating a positive view of the monetization (sale price) and value.",True,,"```json
{
  ""target_label"": ""pos__monetization"",
  ""is_match"": true,
  ""confidence"": 0.75,
  ""evidence"": ""I got the base game and this DLC when both were on sale and I don't regret it at all."",
  ""reason"": ""The reviewer explicitly states they do not regret purchasing the DLC even though they acknowledge some controversy around them, indicating a positive view of the monetization (sale price) and value.""
}
```",gemma3:27b,rare_positive_binary_v1,TRUE,
156,30074640,218230,pos__monetization,"After the amount of hours I have spent in the game, I feel legit to give an honest review about it. I had FPS experience before I started to play PS2, mostly just casual gaming with various titles from the genre. Sadly I got spoiled too much of the scale that it is difficult to go back on those. The only reason I will play other FPS games too is to have more competitive and very controlled environment to try out own reaction times and skills in well known titles. If you are expecting very polished and smooth experience with always balanced and fun fights, then PS2 might not be for you. There has been ups and downs during the game's life time, but dev team has done their best to keep the players satisfied. At this point I want to say that put the game already to download, because it takes a while, unless you have limited data plan or small storage. Otherwise there is no reason to try out, except if you are easily addicted or do have unsupported operating system. Some of the older computers will have performance issues, but my oldish rig is doing fine with competitive performance. What can you expect from the game: You will die, many times, all the time. There are people who have been playing this game since beta and they know every minor detail of their favourite weapons and good locations to kill you. But don't worry, there are also same people in your team, who will probably save you before you get in danger zone. Game has cross faction textual chat for the area you are fighting, so expect to see people cursing how sad other team is by bringing too many players in the fight to break the population balance. Some people don't have legs so they just sit in their vehicles all the time and try to shoot infantry with easy to kill cannons if they aren't in real danger. Maps are quite huge, but usually the killer is hiding nearby even when the shot comes out of nowhere. According the chat many people have RTS background, specially from StarCraft and from zerg faction. You can play alone or be part of a squad of 12 players, which can be part of platoon of four squads, which can be part of some outfit public operations to run multiple platoons. Depending the situations you are alone or there are 96+ friendlies with you in same fight. There are no matchmaking or any custom game etc. You are in your character in one of the five servers, in one of the four continents (not counting Koltyr the new player training ""continent""), in one of the many bases. There will or won't be enemies or friendlies, but you have all the right be in there. It is very confusing at the first, because shots coming from all over the place or from nowhere. There is an in-game map, which you can use to navigate in the fights (think as joining a match). You can get all the stuff with the in-game currency you get by playing the game. Only the swag and character vanity are restricted to DBC, which you get only with real money. Weapons are ""sidegrades"" so that they specialize in certain roles, like gaining firerate by losing damage, etc. You might get fully upgraded vehicles with swag from veteran players if you ask kindly. There is no Pay-to-win, but you can buy XP boosts and premium membership to get more value out of your in-game actions, which will make your cert (in-game currency) gain faster. Also paying players might have squad boosts, which will affect to other players in the group, so F2P players can get extra XP boost without paying. There are three different factions, that have different style of weaponry. For new players some might be easier to start with, because more controllable, but over the time it is just personal preference which backstory you want to support. Spandex babes, teamkilling blueberries or oppressive internationalists. Community can send own cosmetic creation to player studio to get them in game. There is no PC-PS4 realm, so can't show the PC master race dominion to console plebs. (/s) TL;DR: Gud gaem, not ded gaem, not P2W, crying redditors, nice content creators, Player studio <3<3",True,recommended,True,0.85,"There is no Pay-to-win, but you can buy XP boosts and premium membership to get more value out of your in-game actions.","The review explicitly states there's no pay-to-win and describes the monetization as reasonable (XP boosts/premium for extra value). It also notes F2P players can benefit from paying players' boosts, indicating a fair system.",True,,"```json
{
  ""target_label"": ""pos__monetization"",
  ""is_match"": true,
  ""confidence"": 0.85,
  ""evidence"": ""There is no Pay-to-win, but you can buy XP boosts and premium membership to get more value out of your in-game actions."",
  ""reason"": ""The review explicitly states there's no pay-to-win and describes the monetization as reasonable (XP boosts/premium for extra value). It also notes F2P players can benefit from paying players' boosts, indicating a fair system.""
}
```",gemma3:27b,rare_positive_binary_v1,TRUE,
157,70908598,976230,pos__monetization,probably the best quality gameguru game ever created. still... i miss the old junk version. Devs could add it as a free DLC,True,recommended,True,0.75,Devs could add it as a free DLC,"The review explicitly praises the potential for free DLC, indicating positive evaluation of the monetization approach.",True,,"```json
{
  ""target_label"": ""pos__monetization"",
  ""is_match"": true,
  ""confidence"": 0.75,
  ""evidence"": ""Devs could add it as a free DLC"",
  ""reason"": ""The review explicitly praises the potential for free DLC, indicating positive evaluation of the monetization approach.""
}
```",gemma3:27b,rare_positive_binary_v1,FALSE,
158,34760549,639310,pos__monetization,"If you've 100% the Shantae story before, it would feel like it's not worth the price as it felt somewhat repetitive. It's like playing another playthrough of the same game with different tools and in a nutshell, that's pretty much it. I finished the whole DLC in 2h 20m and I regret buying it in the first 2h 10m of it. What happened in the last 10 mins? An epic boss fight. The last boss fight is, while pretty easy, felt epic and I was glad I bought the DLC because of it. That said, a cheaper price next time would be appreciated as well. Recommended for people who + Want to see Risky Boots bathing + Love the faster paced pirate mechanic is Pirate's Curse (I personally prefer Dance since it gives more options) + Want to hear Risky throwing verbal abuse + Want to support the devs + Love Risky Boots + Willing to play another playthrough of the same game just for that one epic battle Side note: Can we have a Rottytops DLC for the next game? Maybe a mini game featuring her?",True,recommended,True,0.75,Want to support the devs,"The review explicitly states a willingness to support the developers, indicating positive sentiment towards how they are financially supported through purchases.",True,,"```json
{
  ""target_label"": ""pos__monetization"",
  ""is_match"": true,
  ""confidence"": 0.75,
  ""evidence"": ""Want to support the devs"",
  ""reason"": ""The review explicitly states a willingness to support the developers, indicating positive sentiment towards how they are financially supported through purchases.""
}
```",gemma3:27b,rare_positive_binary_v1,FALSE,
159,62615513,1204720,pos__monetization,"This was recommended to me by a YouTube video review. It wasn't super expensive so I picked it up. It was a good laugh and well wort the money. My only complaints are that the game could do with a few more characters (maybe as free DLc) and it would be nice if there was like a dozen or so achievements for things like finishing the story mode, unlocking each character, getting the first hit in and stuff like that. Hopefully the devs will add in more characters like Bloomberg and also other candidates too. For the time being it's a good laugh the is worth buying to play with friends. EDIT - Now that Yang is out of the race and the years is winding down I guess the most we can hope for is a sequel in the next four to eight years. This some solid ground though, and the dev team will likely able to improve on what they've done so far.",True,recommended,True,0.75,It wasn't super expensive so I picked it up. It was a good laugh and well worth the money.,"The review explicitly states the game ""wasn't super expensive"" and ""well worth the money"", indicating positive evaluation of its pricing/value proposition.",True,,"```json
{
  ""target_label"": ""pos__monetization"",
  ""is_match"": true,
  ""confidence"": 0.75,
  ""evidence"": ""It wasn't super expensive so I picked it up. It was a good laugh and well worth the money."",
  ""reason"": ""The review explicitly states the game \""wasn't super expensive\"" and \""well worth the money\"", indicating positive evaluation of its pricing/value proposition.""
}
```",gemma3:27b,rare_positive_binary_v1,TRUE,
160,156846693,2763190,pos__monetization,"This is basically Jigsaw Puzzle Dreams 2: Sticker Puzzle Dreams , considering how much content there is! Also featuring stickers from games of 30+ indie developers? Has to be the biggest indie collaboration ever! 100% worth the price! Developers have been putting updates for YEARS for free. Most notably adding multiplayer, adding workshop support for custom puzzles, revamping physics to both look super cool and perform so much faster (magic!), adding new free puzzle images, and so much more! So I highly recommend buying the DLC even if just to support the dev! PS: will be updating review after I spend more time with the DLC ♥",True,recommended,True,0.95,Developers have been putting updates for YEARS for free...So I highly recommend buying the DLC even if just to support the dev!,"The review explicitly praises the developer's consistent free updates and encourages purchasing the DLC specifically to support them financially, aligning with the definition of positive monetization.",True,,"```json
{
  ""target_label"": ""pos__monetization"",
  ""is_match"": true,
  ""confidence"": 0.95,
  ""evidence"": ""Developers have been putting updates for YEARS for free...So I highly recommend buying the DLC even if just to support the dev!"",
  ""reason"": ""The review explicitly praises the developer's consistent free updates and encourages purchasing the DLC specifically to support them financially, aligning with the definition of positive monetization.""
}
```",gemma3:27b,rare_positive_binary_v1,TRUE,
161,124006823,1883650,pos__monetization,"Not sure why this wasn't a free DLC, certainly didn't add much to the game and not enough to pay more than 50 cents for and then I realized there were more missions when I clicked on N S W ... and then I didn't mind paying for it.",True,recommended,True,0.75,didn't mind paying for it.,"The review initially questions the need to pay for the DLC but ultimately expresses willingness to pay after experiencing its content, indicating positive evaluation of the monetization.",True,,"```json
{
  ""target_label"": ""pos__monetization"",
  ""is_match"": true,
  ""confidence"": 0.75,
  ""evidence"": ""didn't mind paying for it."",
  ""reason"": ""The review initially questions the need to pay for the DLC but ultimately expresses willingness to pay after experiencing its content, indicating positive evaluation of the monetization.""
}
```",gemma3:27b,rare_positive_binary_v1,TRUE,
162,84223011,1132120,pos__monetization,"3/10 One of the ""just for fun pursage in the Shared Apartment"" I just put it in..like mario. And i dont know how to make it...but i bugged me in the game and had the one Puzzle over and over, till the end. I think it was a level, where you had over the half way a stright line. And hey, germany throw the game away, so i cant look at it anymore. Im 24 and this is sad. ---{Graphics}--- ☐ You forget what reality is ☐ Beautiful ☐ Good ☐ Decent ☐ Bad ☑ Don‘t look too long at it ☐ Paint.exe ---{Gameplay}--- ☐ Very good ☐ Good ☐ It‘s just gameplay ☐ Mehh ☑ Starring at walls is better ☐ Just don‘t ---{Audio}--- ☐ Eargasm ☐ Very good ☐ Good ☑ Not too bad ☐ Bad ☐ Earrape ---{Audience}--- ☐ Kids ☐ Teens ☐ Adults ☐ Human ☑ Lizzard ☐ Furrys ---{PC Requirements}--- ☑ Check if you can run paint ☐ Potato ☐ Decent ☐ Fast ☐ Rich boiiiiii ☐ Ask NASA if they have a spare computer ---{Difficulity}--- ☑ Just press ‚A‘ ☐ Easy ☐ Significant brain usage ☐ Easy to learn / Hard to master ☐ Difficult ☐ Dark Souls ---{Grind}--- ☑ Nothing to grind ☐ It has more Endings ☐ Only if u care about leaderboards/ranks ☐ Isnt necessary to progress ☐ Average grind level ☐ Too much grind ☐ You‘ll need a second live for grinding ---{Story}--- ☑ Story? ☐ Text or Audio floating around ☐ Average ☐ Good ☐ Lovely ☐ It‘ll replace your life ---{Game Time}--- ☑ Long enough for a cup of coffee ☐ Short ☐ Average ☐ Long ☐ To infinity and beyond ---{Price}--- ☐ It’s free! ☐ Worth the price ☐ If u have some spare money left ☑ Not recommended ☐ You could also just burn your money ---{Bugs}--- ☐ Never heard of ☐ Minor bugs ☐ Can get annoying ☐ ARK: Survival Evolved ☑ The game itself is a big terrarium for bugs ---{I got}--- ☑ All Archivements at this time of the Review ☐ Collections ☐ Mods ☐ Skins ☐ Throw Money in the game for Keys,DLC,... (Tamplate Credit goes to all credit goes to: steam user Ayronias [URL] ) ☑",False,not_recommended,True,0.6,"Throw Money in the game for Keys,DLC,...","The reviewer explicitly states they threw money into the game for keys and DLC, implying willingness to support the developer financially through purchases.",True,,"```json
{
  ""target_label"": ""pos__monetization"",
  ""is_match"": true,
  ""confidence"": 0.6,
  ""evidence"": ""Throw Money in the game for Keys,DLC,..."",
  ""reason"": ""The reviewer explicitly states they threw money into the game for keys and DLC, implying willingness to support the developer financially through purchases.""
}
```",gemma3:27b,rare_positive_binary_v1,FALSE,
163,30150275,456200,pos__monetization,"A free dlc that adds a statium to the game. The way i see it, is this is a sample dlc to advertise how the europeon stadiums are. All in the end, this one was free, and a great addition to the game. Anything free is great! Recommended because, you know, it's FREE!",True,recommended,True,0.85,free dlc...great addition to the game...Anything free is great!,"The review explicitly praises the fact that the DLC is free and a positive addition to the game, aligning with the definition of positive monetization (specifically, free DLC).",True,,"```json
{
  ""target_label"": ""pos__monetization"",
  ""is_match"": true,
  ""confidence"": 0.85,
  ""evidence"": ""free dlc...great addition to the game...Anything free is great!"",
  ""reason"": ""The review explicitly praises the fact that the DLC is free and a positive addition to the game, aligning with the definition of positive monetization (specifically, free DLC).""
}
```",gemma3:27b,rare_positive_binary_v1,TRUE,
164,44073678,731101,pos__monetization,"Cute art, soothing BGM, lots of different biomes, and great puzzles! I bought Mimpi Dreams on sales before it went F2P but this DLC is worth a buy for me.",True,recommended,True,0.85,this DLC is worth a buy for me.,"The review explicitly states the DLC is 'worth a buy', indicating positive evaluation of the purchase and therefore monetization.",True,,"```json
{
  ""target_label"": ""pos__monetization"",
  ""is_match"": true,
  ""confidence"": 0.85,
  ""evidence"": ""this DLC is worth a buy for me."",
  ""reason"": ""The review explicitly states the DLC is 'worth a buy', indicating positive evaluation of the purchase and therefore monetization.""
}
```",gemma3:27b,rare_positive_binary_v1,TRUE,
165,28286615,552090,pos__monetization,It is a free DLC. Can you ask for more ?,True,recommended,True,0.95,It is a free DLC.,"The review explicitly praises the monetization by highlighting that the DLC is free, which aligns with positive evaluation of fair pricing.",True,,"```json
{
  ""target_label"": ""pos__monetization"",
  ""is_match"": true,
  ""confidence"": 0.95,
  ""evidence"": ""It is a free DLC."",
  ""reason"": ""The review explicitly praises the monetization by highlighting that the DLC is free, which aligns with positive evaluation of fair pricing.""
}
```",gemma3:27b,rare_positive_binary_v1,TRUE,
166,49457193,1022770,pos__monetization,"So far the game has been very fun, although there are some features and fixes that would be great to see in the next game. List of features and fixes (to be added): - attachments - optimizations - fixing the key rebind since space to jump doesn't work so when I try to rebind it I cant move in game and I have to restart - leaning mechanic - lowering the price of the game or releasing free dlc since the first game is quite expensive for the amount of content you get (In my opinion) - level editor - multiplayer - fixing some of the damage drop off since when at a distance it seems to me that it is impossible to get someone at a long range without using the sniper - more options of what weapons to chose from before the mission begins - fixing the guards mechanics such as, hearing gunfire (if you shoot the guards around might not do anything unless they see you) - missions that have a clear objective (for example the first mission tells you to get a car when there is a car near spawn. It is also hard to track since you have to press on the objective to find out where it is.) - giving more information on interactives (for example the area near the gate in the camp on the first mission, the buttons are there and you can use them but what do they do?) - fixing the game start audio (its way to loud) - looking around while going in one direction such as alt - just a thing, the game crashes for no reason sometimes (can still play but for a few seconds) So far that is all that I can think of but ill edit the list if I find more things to add/improve. However, so far the game is pretty good.",True,recommended,True,0.6,lowering the price of the game or releasing free dlc,"The review explicitly suggests releasing free DLC as a positive step, indicating support for fair monetization.",True,,"```json
{
  ""target_label"": ""pos__monetization"",
  ""is_match"": true,
  ""confidence"": 0.6,
  ""evidence"": ""lowering the price of the game or releasing free dlc"",
  ""reason"": ""The review explicitly suggests releasing free DLC as a positive step, indicating support for fair monetization.""
}
```",gemma3:27b,rare_positive_binary_v1,FALSE,
167,44941720,361290,pos__monetization,"Great DLC for OMSI 2, very detailed. This map is also REQUIRED if you wish to install any american map addons/mods and possibly some american vehicle addons. The DLC is worth it's full price, the map is very detailed and the D40LF is excellent with many features that other addon buses lack.",True,recommended,True,0.85,The DLC is worth it's full price,"The review explicitly states the DLC is worth its full price, indicating positive evaluation of the pricing/value proposition.",True,,"```json
{
  ""target_label"": ""pos__monetization"",
  ""is_match"": true,
  ""confidence"": 0.85,
  ""evidence"": ""The DLC is worth it's full price"",
  ""reason"": ""The review explicitly states the DLC is worth its full price, indicating positive evaluation of the pricing/value proposition.""
}
```",gemma3:27b,rare_positive_binary_v1,TRUE,
168,201496397,1578650,pos__monetization,"I enjoyed the game far more than I thought I would. Though i'd really call it more of a visual novel than a game, but the gameplay and choices are already better than most visual novel games out there in my opinion. In this game, YOU are the Sleeper, you are expected to self-insert. Make the choices YOU would make, consequences be damned, but above all, survive. Something about this game and how it played, and how it was written, and choices it allowed you to make just kept me hooked. The hours played (at this time, 12) reflects one entire playthrough of both the base game + free DLC. And I enjoyed every bit of it. The first few ""cycles"" as they are called in this game, can be brutal if you don't prepare for it. Once you get past the rather oppressive early game (which is very thematically fitting and would not have as much impact on the game if it were not there), this game carries itself extremely well. However, It doesn't take much for your character to go from barely surviving, to thriving, and being incredibly resource rich. While this is also fitting in a way, it also kinda detracts from the experience a bit, as halfway through the game, I pretty much stopped worrying about every experiencing a ""game over"" and stopped worrying about my ""condition"". However, by the time I became ""overpowered"", the story had me hooked, and I was already happily on my way to finish the story and decide my fate. I got this game on sale and it was more than worth it. I highly recommend this game to anyone who enjoys a fair bit of reading in an engaging way, and with a game that makes your choices matter, encouraging you to press on.",True,recommended,True,0.75,base game + free DLC...I got this game on sale and it was more than worth it.,"The review explicitly mentions enjoying the base game alongside *free* DLC and states that purchasing the game (even on sale) was 'more than worth it', indicating positive evaluation of the monetization/pricing.",True,,"```json
{
  ""target_label"": ""pos__monetization"",
  ""is_match"": true,
  ""confidence"": 0.75,
  ""evidence"": ""base game + free DLC...I got this game on sale and it was more than worth it."",
  ""reason"": ""The review explicitly mentions enjoying the base game alongside *free* DLC and states that purchasing the game (even on sale) was 'more than worth it', indicating positive evaluation of the monetization/pricing.""
}
```",gemma3:27b,rare_positive_binary_v1,TRUE,
169,127188862,1898960,pos__monetization,"I remember playing the first R-Type Final, developing the OF line, wishing they would eventually get a powerful Wave Cannon. That dream is finally realized, albeit in the form of paid DLC. I wouldn't buy this at full price, but I paid 4.19 USD and I feel like I got my money's worth. First, you get a ship with Standard Wave Cannon III and the ability to switch to a few other Standard Wave Cannons, the ""OF Force -"" and the capability to switch to any of the other OF series' Forces, and a Purple Pod that fires two shots at about 30 degree angles which can be switched out for other colored Pods in the OF series. The Purple Pod also launches out a bit when you press the Force Detach button. Second, you get free resources in the shop--they'll be listed with the name MARIKO, which will help you develop other cool ships, especially early on. Lastly, you get a pilot helmet and suit that increases the amount of resources you gain a bit, albeit at the cost of a reduction in Pilot Points. Getting this DLC seems to make the entire rest of the OF line obsolete, so combined with the ship itself, the resources in the in-game store, the resources obtained from the suit, and allowing you to put off the OF fighter line until you're doing it to unlock every ship, you're getting some value with this DLC. The ship itself is also very good for beginners who are struggling with the antiquated ships they give you at the start of the game, and since you need to beat levels for resources, this might be a good early pickup for beginners as well. Although, I would suggest trying out the free DLC ""April Fool's Prototype"" first and seeing if you can get through the game in that. Overpriced, get on sale, good for beginners, actually a pretty cool ship.",True,recommended,True,0.85,I paid 4.19 USD and I feel like I got my money's worth...you're getting some value with this DLC.,"The review explicitly states the reviewer feels they received good value for their purchase of the DLC despite initially thinking it was overpriced, and highlights multiple benefits gained from the DLC.",True,,"```json
{
  ""target_label"": ""pos__monetization"",
  ""is_match"": true,
  ""confidence"": 0.85,
  ""evidence"": ""I paid 4.19 USD and I feel like I got my money's worth...you're getting some value with this DLC."",
  ""reason"": ""The review explicitly states the reviewer feels they received good value for their purchase of the DLC despite initially thinking it was overpriced, and highlights multiple benefits gained from the DLC.""
}
```",gemma3:27b,rare_positive_binary_v1,TRUE,
170,157591341,1677120,pos__monetization,free DLC?? take my money <3,True,recommended,True,0.95,free DLC?? take my money <3,"The review explicitly expresses positive sentiment towards the free DLC and a willingness to spend money as a result, directly aligning with the definition of positively evaluating monetization.",True,,"```json
{
  ""target_label"": ""pos__monetization"",
  ""is_match"": true,
  ""confidence"": 0.95,
  ""evidence"": ""free DLC?? take my money <3"",
  ""reason"": ""The review explicitly expresses positive sentiment towards the free DLC and a willingness to spend money as a result, directly aligning with the definition of positively evaluating monetization.""
}
```",gemma3:27b,rare_positive_binary_v1,TRUE,
171,203382849,2273430,pos__monetization,"Really great roguelike, lots of cool upgrades and combos. Quite a few characters to play, each with their own play styles, one has a block ability, one has guns, one uses health for using secondary attacks and does life leach. The combat upgrades in the game offer more than just stats, they are mini combos, so you might get to have another way to use your left or right clicks, such as pressing up and primary attack, or forward forward secondary attack. Then you pick up supporting abilities that add flying daggers when you dash, or cause a ring of fire when using legacy abilities and much more. Well worth the price IMO, and if you got a few extra bucks, the DLC add new characters to play if you find them interesting, but not needed at all if you decide not too.",True,recommended,True,0.85,"Well worth the price IMO, and if you got a few extra bucks, the DLC add new characters to play if you find them interesting, but not needed at all if you decide not too.",The review explicitly states the game is 'well worth the price' and praises the optional DLC as adding value without being necessary for enjoyment. This indicates positive evaluation of the monetization.,True,,"```json
{
  ""target_label"": ""pos__monetization"",
  ""is_match"": true,
  ""confidence"": 0.85,
  ""evidence"": ""Well worth the price IMO, and if you got a few extra bucks, the DLC add new characters to play if you find them interesting, but not needed at all if you decide not too."",
  ""reason"": ""The review explicitly states the game is 'well worth the price' and praises the optional DLC as adding value without being necessary for enjoyment. This indicates positive evaluation of the monetization.""
}
```",gemma3:27b,rare_positive_binary_v1,TRUE,
172,177511114,281050,pos__monetization,"It's 20/20 I'm given a hard decision to make about this DLC. If you're some passersby just looking to figure out what this DLC comes with, why it's free, and why it's built into this game. Well, I'll try to make this as copacetic as possible. This is a game from 2009 built on an engine from 2002. The DLC is free, but this version of the game is kinda fucked. If you don't want to pay for it just yet, Go find Tomaki Sugeno's blog, the free version is on there still. This dlc adds back in all the panty shots and patches that the original freeware version had. Now that's fine and dandy, but simply putting in the option to turn on and off the ""adult,"" content would be easier. I mean they added in a difficulty setting so why not. ""They"" as in eigoMANGA, a company that may or maynot own any rights to the game, and simply pay Sugeno an amount of money for him to stay out of it. Tomoaki Sugeno, seems like a deeply isolative individual, but that's a conversation you can have on your own. Anyway, this DLC undoes most of what eigoMANGA changed, with the benefit of adding in a difficulty setting. Tomoaki abandoned this game, has spoken about coming back, and then abandoning it consistently since 2011. There are now 2 companies claiming to have the legitimate rights to produce exclusive material for this game, exA-Arcadia is now in the mix, making an arcade cabinet with exclusive features. I can't tell you what those features might be, since eigoMANGA apparently got the video taken down. This DLC is the highlight of that one area, where even I get annoyed with people making gooner content for non adult games. To clarify, this is a free DLC giving you difficulty options, and unfucking eigoMANGA's patch, as well as adding back in pussy shots. On mostly ""presumably,"" under-aged characters. There's that grey area of hentai, where like the characters aren't real, but it still feels weird, I'm not really sure if this is where I call that, as most of the characters I play are the overtly adult characters. However, of the content cut, and characters unfinished, the thing I don't like the most, is the cut content with Juliet (one of the more childish looking characters) giving panty shots. I didn't look specifically for that, but Monokoma Editor in Chief of Unseen64 seems to like cataloging every cut content. And disliking every game under the sun. In the end, maybe shame is what ran the creator away from this, and all subsequent efforts. Maybe. Maybe I spent way to much money and got this: a free consolation prize to a game I could get a much better and free version of. I already have a difficult time liking fighting games. Between having bad settings, and resolution, outdated implementation, sketchy history, and the fucking bullshit about fighting game final bosses; There's a lot to not like. I just mean to say, if you bought this game, you're like me, a sucker. What do they say about Hindsight?",False,not_recommended,True,0.7,This DLC is free,"The review explicitly praises the fact that the DLC is free and restores content from the original version of the game. While there's a lot of other negative commentary, the monetization aspect (free DLC) is presented positively.",True,,"```json
{
  ""target_label"": ""pos__monetization"",
  ""is_match"": true,
  ""confidence"": 0.7,
  ""evidence"": ""This DLC is free"",
  ""reason"": ""The review explicitly praises the fact that the DLC is free and restores content from the original version of the game. While there's a lot of other negative commentary, the monetization aspect (free DLC) is presented positively.""
}
```",gemma3:27b,rare_positive_binary_v1,FALSE,
173,202421143,2880730,pos__monetization,"This room escape game adds a clever twist: while solving puzzles and exploring your surroundings, you also have to talk down your captor—and sometimes even enlist their help to escape. Unlike the demo, where nearly everything leaned on AI, the full release uses AI only for dialogue. That means clean visuals, interesting character designs, and cozy environments. It’s still in early access, so expect a few bugs and rough edges. Voice-to-text is clunky (and bafflingly still requires pressing Enter), but overall the game shows ambition. Beyond simply escaping, there are multiple objectives, genuine replayability, and an actual plot tying things together with more depth than you’d expect. The AI integration is a mixed bag. On one hand, it prevents the game from devolving into the demo’s “talk to Catgirl about anime for half an hour, then ask to leave” simplicity. There’s more gameplay, more puzzles, and more structure. On the other, the chatbot often can’t provide new or useful information, especially for trickier puzzles. It’s also far too easy to get characters to like you—idle chatter alone routinely netted me the “best” ending on my first try, which clashes with the progression system that expects players to unlock multiple endings, including bad ones. As it stands, getting to the next story beat sometimes means deliberately tanking your own success, which feels awkward and forced. The “quests” could use more variety. Instead of simply manipulating character affection or replaying scenarios, objectives like cook a meal for Catgirl, drink one of every potion, or offer five different items to the hologram would add depth. Some alternate endings (“escape but sad”) at least offer tougher challenges than the standard “best” ending, which helps balance things. The standout section so far is the space scenario, which recalls other “alone on a space station with an AI” games. Here, the chatbot contributes more meaningfully: providing lore, explaining concepts, and becoming essential to the plot. Paired with stronger puzzles, it feels like it could sustain a game on its own. The problem is replayability—once you know the setup, the AI’s limitations show, especially when the most “AI-like” AI can’t actually guide you in-world. Immersion breaks quickly. Across scenarios, it’s clear the developer is growing. Each one is bigger, more ambitious, and better constructed, steadily evolving from a meme-y proof of concept into something genuinely engaging. The central issue, though, is the gap between what the AI seems to offer and what it actually delivers. A lot of interactions boil down to scripted responses you could just as easily handle with if/then logic, and the illusion of lifelike conversation often collapses into repetitive pantomime. Occasionally the AI smooths over frustrations—like when I couldn’t find a potion ingredient and the Witch just gave me one—but these moments are rare. The dating sim aspects also fall flat compared to even modest visual novels. Relationships progress too quickly, payoff is shallow, and the loop resets with every scenario, leaving no sense of permanence. It’s hard to feel invested when simply flirting a bit unlocks someone’s entire character arc. Replayability ends up feeling more like FACADE: amusing experiments with what you can say, but without real consequences. There are some easter eggs, randomized elements, and cosmetic unlocks, but they don’t meaningfully shake up the experience. And since you can essentially handwave items into existence through dialogue (“I give you X item”), progression feels flimsy. That said, the game succeeds as an exploration of how large language models can fit into gameplay. Used not as a narrative engine, but as a companion, assistant, or knowledge gate, this system shows promise. Imagine a detective noir where the AI plays your spunky assistant, or a survival game where you rely on it for medicine, reminders, or guidance. The tech’s best role may not be as the star, but as the support that makes traditional mechanics richer. I recommend it now as I see it can get better with each update, and there is actual depth of writing and creation behind the LLM facade- unique maps, mechanics, worldbuilding, and drawn art, turning it away from AI cash grab into an attempt at a more immersive experience layered on top of the standard escape room experience. And no microtransactions, some modding support, I'm interested in seeing where this game goes.",True,recommended,True,0.85,And no microtransactions,"The review explicitly states ""And no microtransactions"", which directly praises the game's lack of a negative monetization practice.",True,,"```json
{
  ""target_label"": ""pos__monetization"",
  ""is_match"": true,
  ""confidence"": 0.85,
  ""evidence"": ""And no microtransactions"",
  ""reason"": ""The review explicitly states \""And no microtransactions\"", which directly praises the game's lack of a negative monetization practice.""
}
```",gemma3:27b,rare_positive_binary_v1,TRUE,
174,202499490,620980,pos__monetization,"Super fun once you get the hang of it and you WILL become more ambidextrous. Just make sure your room is big enough, mine is slightly too small and the leads to a lot of marks on my walls and a broken shelf, so just keep in mind that you will be swinging your arms around blindly and quite rapidly on later levels. the music on the game is good however i have started using Beatsaver (mod manager) and it is an absolute GAME CHANGER to be able to play your own music. just keep in mind that the songs are community made so they arnt all perfect. Beatsaver is open source and takes about 2 minutes to install and get set up Its also easy to turn this game into a workout. i got some .25 KG wrist weights and that makes a huge difference even at that light of weight my biggest complaint in the price on the DLC songs is a bit high but beatsaver fixes that lastly, I have played on a HTC Vive and Vive pro and i recommend using a lighter headset if possible ---{Graphics}--- ☐ You forget what reality is ☐ Beautiful ☑ Good ☐ Decent ☐ Bad ☐ Don‘t look too long at it ☐ Paint.exe ---{Gameplay}--- ☑ Very good ☐ Good ☐ It‘s just gameplay ☐ Mehh ☐ Starring at walls is better ☐ Just don‘t ---{Audio}--- ☐ Eargasm ☑ Very good ☐ Good ☐ Not too bad ☐ Bad ☐ Earrape ---{Audience}--- ☐ Kids ☑ Teens ☑ Adults ☐ Human ☐ Lizards ---{PC Requirements}--- ☐ Check if you can run paint ☐ Potato ☑ Decent ☐ Fast ☐ Rich boiiiiii ☐ Ask NASA if they have a spare computer ---{Difficulity}--- ☐ Just press ‚A‘ ☐ Easy ☑ Significant brain usage ☐ Easy to learn / Hard to master ☐ Difficult ☐ Dark Souls ---{Grind}--- ☐ Nothing to grind ☑ Only if u care about leaderboards/ranks ☐ Isnt necessary to progress ☐ Average grind level ☐ Too much grind ☐ You‘ll need a second live for grinding ---{Story}--- ☑ Story? ☐ Text or Audio floating around ☐ Average ☐ Good ☐ Lovely ☐ It‘ll replace your life ---{Game Time}--- (27 hours TOR) ☐ Long enough for a cup of coffee ☐ Short ☐ Average ☑ Long ☑ To infinity and beyond ---{Price}--- ☐ It’s free! ☑ Worth the price (excluding DLC) ☐ If u have some spare money left ☐ if its on sale ☐ Not recommended ☐ You could also just burn your money ---{Bugs}--- ☑ Never heard of ☐ Minor bugs ☐ Can get annoying ☐ ARK: Survival Evolved ☐ The game itself is a big terrarium for bugs ---{Current system specs}--- I5-12400F - AIO RTX 4060TI 64GB DDR4 @3600",True,recommended,True,0.75,Worth the price (excluding DLC),"The review explicitly states the game is worth the price, even while acknowledging that the DLC pricing is a bit high but mitigated by Beatsaver.",True,,"```json
{
  ""target_label"": ""pos__monetization"",
  ""is_match"": true,
  ""confidence"": 0.75,
  ""evidence"": ""Worth the price (excluding DLC)"",
  ""reason"": ""The review explicitly states the game is worth the price, even while acknowledging that the DLC pricing is a bit high but mitigated by Beatsaver.""
}
```",gemma3:27b,rare_positive_binary_v1,FALSE,
175,128283024,1634400,pos__monetization,"This game has been entertaining my kids for a few years. And the unicorn just works. Happy to support the dev and buy the expansion pack. The kids were very happy. If more maps/activities come out as DLCs, I am happy to buy them too, without a doubt.",True,recommended,True,0.95,Happy to support the dev and buy the expansion pack.,"The reviewer explicitly states willingness to financially support the developer by purchasing DLC, indicating positive evaluation of the monetization.",True,,"```json
{
  ""target_label"": ""pos__monetization"",
  ""is_match"": true,
  ""confidence"": 0.95,
  ""evidence"": ""Happy to support the dev and buy the expansion pack."",
  ""reason"": ""The reviewer explicitly states willingness to financially support the developer by purchasing DLC, indicating positive evaluation of the monetization.""
}
```",gemma3:27b,rare_positive_binary_v1,TRUE,
176,51571090,454750,pos__monetization,"Nice game with some trippy background transitions, the soundtrack alone is worth the price of admission if you like chiptune. Edit: This review used to link to the soundtrack on bandcamp, but it doesn't seem to be there anymore as of the time of update. Fortunately, the soundtrack is free through steam under the games dlc section.",True,recommended,True,0.85,the soundtrack is free through steam under the games dlc section.,"The review explicitly states that the game's DLC (soundtrack) is available for free, which is a positive evaluation of the monetization policy.",True,,"```json
{
  ""target_label"": ""pos__monetization"",
  ""is_match"": true,
  ""confidence"": 0.85,
  ""evidence"": ""the soundtrack is free through steam under the games dlc section."",
  ""reason"": ""The review explicitly states that the game's DLC (soundtrack) is available for free, which is a positive evaluation of the monetization policy.""
}
```",gemma3:27b,rare_positive_binary_v1,TRUE,
177,169416043,2925160,pos__monetization,Model Builder: Cars Pack DLC A FREE DLC a great dlc to the collection,True,recommended,True,0.85,A FREE DLC a great dlc,"The review explicitly praises the DLC as 'great' and highlights that it is free, indicating positive evaluation of the monetization (or lack thereof) in this instance.",True,,"```json
{
  ""target_label"": ""pos__monetization"",
  ""is_match"": true,
  ""confidence"": 0.85,
  ""evidence"": ""A FREE DLC a great dlc"",
  ""reason"": ""The review explicitly praises the DLC as 'great' and highlights that it is free, indicating positive evaluation of the monetization (or lack thereof) in this instance.""
}
```",gemma3:27b,rare_positive_binary_v1,TRUE,
178,203292712,1586710,pos__monetization,the new update will makes the game easier no microtransaction easy grind and unlock h-scene easily theres the free version but has microtransaction i recommend buying this game if you dont want to have a paywall since everything is here it has steam cloud that never lost your progress the major update is epic,True,recommended,True,0.85,no microtransaction easy grind and unlock h-scene easily...dont want to have a paywall since everything is here,"The review explicitly praises the lack of microtransactions and the absence of a paywall, indicating positive evaluation of the monetization.",True,,"```json
{
  ""target_label"": ""pos__monetization"",
  ""is_match"": true,
  ""confidence"": 0.85,
  ""evidence"": ""no microtransaction easy grind and unlock h-scene easily...dont want to have a paywall since everything is here"",
  ""reason"": ""The review explicitly praises the lack of microtransactions and the absence of a paywall, indicating positive evaluation of the monetization.""
}
```",gemma3:27b,rare_positive_binary_v1,TRUE,
179,130294937,2095240,pos__monetization,"Fun card game, like all other Oink Games in this digital collection. DLC is worth buying especially if you want to try out this ""Spiel Des Jahres"" Nominee and you can't find the physical version. Can't wait to see what titles they'll add next! :) N.B. To play a FULL GAME of SCOUT: select SCOUT box, open ""Game Options"", then just click on ""1 Round"" and change it to ""Full Game""! Have fun!",True,recommended,True,0.85,DLC is worth buying,"The review explicitly states the DLC is 'worth buying', indicating positive evaluation of the game's monetization.",True,,"```json
{
  ""target_label"": ""pos__monetization"",
  ""is_match"": true,
  ""confidence"": 0.85,
  ""evidence"": ""DLC is worth buying"",
  ""reason"": ""The review explicitly states the DLC is 'worth buying', indicating positive evaluation of the game's monetization.""
}
```",gemma3:27b,rare_positive_binary_v1,TRUE,
180,83637052,1143820,pos__monetization,"This DLC is an improvement over the first DLC of season 2 (""Resurrection""). The story comes together in this much better. The ""Ghost Fleet"" mechanic is a welcome change of pace in you typical fleet planning strategy. The new ships did not really have an impact for me, but they offer cool new features. This DLC is worth picking up, especially on sale.",True,recommended,True,0.75,"This DLC is worth picking up, especially on sale.","The review explicitly states the DLC is 'worth picking up', indicating positive evaluation of its value relative to price (even with a sale).",True,,"```json
{
  ""target_label"": ""pos__monetization"",
  ""is_match"": true,
  ""confidence"": 0.75,
  ""evidence"": ""This DLC is worth picking up, especially on sale."",
  ""reason"": ""The review explicitly states the DLC is 'worth picking up', indicating positive evaluation of its value relative to price (even with a sale).""
}
```",gemma3:27b,rare_positive_binary_v1,TRUE,
181,202914270,2581950,pos__monetization,"I'm the kind of guy who is always stressed. I'm working on that and games like this help. No pressure. No microtransactions. No stress. Hatch your fish, go fishing, clean your tank, feed your fish (you pick the order). Use the earning from your catches to buy more eggs, or upgrade the decor of your fish tank(s). The voxel graphics are cute and crisp, and it's immersive enough to get lost in. If I could make any recommendations, it would be find a way to make each newly hatched or bred fish unique (keep the same color pallet, but scatter some of ten pixels and patterns around). This would give each fish it's own personality to an extent. I'd also like to mention the game works perfectly fine on the Steam Deck :) Thank you to the devs for putting this out, I wish you much success, and I hope to see further expansion and updates.",True,recommended,True,0.95,No pressure. No microtransactions.,"The review explicitly praises the lack of microtransactions, which directly aligns with the positive monetization definition.",True,,"```json
{
  ""target_label"": ""pos__monetization"",
  ""is_match"": true,
  ""confidence"": 0.95,
  ""evidence"": ""No pressure. No microtransactions."",
  ""reason"": ""The review explicitly praises the lack of microtransactions, which directly aligns with the positive monetization definition.""
}
```",gemma3:27b,rare_positive_binary_v1,TRUE,
182,38083074,353051,pos__monetization,Ever wanted to be a Serial Killer but didn't want the complications that come with it in real life? Fulfill your desires as you fit Chuck with his own Hockey Mask and Blood Stained Apron. A good pickup for those who use Melee weapons often. This DLC is worth picking up at full price.,True,recommended,True,0.95,This DLC is worth picking up at full price.,"The review explicitly states the DLC is worth its full price, indicating positive evaluation of the monetization.",True,,"```json
{
  ""target_label"": ""pos__monetization"",
  ""is_match"": true,
  ""confidence"": 0.95,
  ""evidence"": ""This DLC is worth picking up at full price."",
  ""reason"": ""The review explicitly states the DLC is worth its full price, indicating positive evaluation of the monetization.""
}
```",gemma3:27b,rare_positive_binary_v1,TRUE,
183,187750576,401640,pos__monetization,"Overall-review posted for ""The Descendant"" already, just stating here, that the game still is a hidden gem in 2025, for people, who like narrative adventures and to point out, that this DLC is worth the price and the developers had very good approaches towards handling savegames for Steam-achievements and different endings. Whatever else could be said, i already did.",True,recommended,True,0.95,this DLC is worth the price,"The review explicitly states that the DLC is 'worth the price', indicating positive evaluation of the monetization.",True,,"```json
{
  ""target_label"": ""pos__monetization"",
  ""is_match"": true,
  ""confidence"": 0.95,
  ""evidence"": ""this DLC is worth the price"",
  ""reason"": ""The review explicitly states that the DLC is 'worth the price', indicating positive evaluation of the monetization.""
}
```",gemma3:27b,rare_positive_binary_v1,TRUE,
184,50759913,1062220,pos__monetization,"Locked the Chinese area is not smart,and you can show the original version girl as a free DLC.Supplementing creative deficiencies with welfare.",True,recommended,True,0.75,free DLC,"The review praises the developer for offering content as free DLC to address creative shortcomings, indicating positive evaluation of their monetization approach.",True,,"```json
{
  ""target_label"": ""pos__monetization"",
  ""is_match"": true,
  ""confidence"": 0.75,
  ""evidence"": ""free DLC"",
  ""reason"": ""The review praises the developer for offering content as free DLC to address creative shortcomings, indicating positive evaluation of their monetization approach.""
}
```",gemma3:27b,rare_positive_binary_v1,FALSE,
185,195161553,1854910,pos__monetization,"Warning: A short scene with transphobia behaviour acted towards a character (who's in disguise) What's the point of researching the secret to immortality if your belief is that you believe you will get one by default if you're a good enough Samaritan person? Would that be you questioning your faith? It's about time I talk about an Ikuku game after playing all 5 of them so far. They are enjoyable, but it can be hard to encrypt what the main point of the story is all about. Some may require a replay or for you to play their other games to fully fledged what their meaning, as some are interconnected, some more than others. And they are set in the same universe, just in a different timeline. They also contain Easter eggs that you may recognise if you played the other games, like in this one, funny enough, it advertises those couple of games. For one, The Soul Box is self-explanatory and can be played as a stand-alone game. It takes place in the far future, where there are hyper-speed trains, voice renegotiation AI that follow you around, supporting your everyday activity like making calls and arranging appointments at your command. There are even Android and clones, who have more rights than any living being against discrimination. The plot of Soul Box is a story of 2 guys, one of them a clone and the other one the original, but a very wealthy fella. One day, they both inherited a mysterious box from their deceased uncle, who, rumour had it, the box held the key to immortality. The whole story is focused on the guys trying to crack the code to open the box by talking and blackmailing other people who have connections to their uncle to gain any information about the box, one of them being a radical feminist who opposed the church for their involvement in oppressing minorities throughout the centuries. While this is the main plotline, there's also a sideplot where characters discuss things about the said oppression of females, referring to many historical events as well as other subjects relating to immortality, religion, patriarchy, human progression and sexual liberty. The whole journey has been an interesting read-through, but it does get too philosophical at times, and I'm not a very architecture person when it comes to history. I'm not gonna lie, some information flies right over my head a couple of times, but I believe I got the gist of it, I just wish sometimes I had a brain for it in the first place as I'm not well vice in poem and historial literature. I started reviewing this particular game first because it was easy for me to deconstruct, even if I still don't fully understand the whole contents, I welcome the challenge of evaluating this work. It's like reading the newspaper, a comic book and even a visual novel. Reading it once won't be enough to fully understand it. So it's no surprise there, but it's more apparent with this game that I have to revisit it. Maybe with time and experience, I will have a better understanding of the developer's intent for the game. I do plan to review some of the other Ikuku games and talk more about the games themselves, other than using them as a piggyback, like I did here. Whether or not this review has been useful in helping you consider your options to try this or any of the other Ikuku that may be of interest. No matter what decision you've made, I applaud you for reading this of me trying to stitch my mind together. P.S. It may help to play through all other Ikuku games in release order, but feel free to play this one on it's own but I do recommend before playing the The Soul Box free DLC, The Quixotes Of Tomorrow to play For Ever Melancholia beforehand as there's many refer to that game and things get confusing if you haven't already, but I don't want to spoil the surprise for your entertainment.",True,recommended,True,0.75,"I do recommend before playing the The Soul Box free DLC, The Quixotes Of Tomorrow","The review explicitly recommends playing a free DLC, indicating positive sentiment towards the game's monetization (or lack thereof) and willingness to support the developer by engaging with their content.",True,,"```json
{
  ""target_label"": ""pos__monetization"",
  ""is_match"": true,
  ""confidence"": 0.75,
  ""evidence"": ""I do recommend before playing the The Soul Box free DLC, The Quixotes Of Tomorrow"",
  ""reason"": ""The review explicitly recommends playing a free DLC, indicating positive sentiment towards the game's monetization (or lack thereof) and willingness to support the developer by engaging with their content.""
}
```",gemma3:27b,rare_positive_binary_v1,FALSE,
186,201466124,917950,pos__monetization,"I don't remember hearing about Vellum anywhere before Steam pushed it to my recommendations, citing Roboquest as a similar title. It's a highly-competently-designed third-person roguelite shooter with a surprising amount of quality of life features and little cosmetic flourishes, some you might not even find in other quality examples of roguelite shooters. It's got up to four player coop, which you won't find in Roboquest (limited to 2 player) or Ziggurat 2, Immortal Redneck or Battle Shapers (No coop whatsoever). It's got the ability to reconnect to a multiplayer run in progress if you get dropped, which I haven't seen in ANY coop roguelites. Vellum casts the players as wizards of pen and ink, the Scribes of an endless magical library, whose tomes are gateways to worlds of fiction brought to life, but are threatened by dark creatures known as the Torn. The tomes kept in this libary act as the various rogue runs, each with unique gameplay mutators. A choice of ink color acts as your character class, providing passive abilities and modifiers to your choice of primary and secondary spells- one generates mana, and the other consumes it. Combat is of the type of rogue that I prefer, where it is balanced around your character frequently taking damage and offering various means to mitigate this- regenerating shields, stacks of damage resistance called ""Varnish"", the red ink class's lifesteal mechanic, etc. The library itself acts as a playable hub area in the vein of the Space Rig in Deep Rock Galactic or the Basecamp in Roboquest. Here you can find stations to change your equipped ink color or spells, and upgrade your ""ink level"", unlocking new passive buffs and perks, called ""inscriptions."" Customizing the appearance of your Scribe is also possible, with different helmets, robes, spellbooks and back accessories. Completing new tomes for the first time unlocks various features and interactables around the library, such as target dummies to gauge your damage output. There's even a nook set aside for each player to customize with decorations like furniture, paintings and the like. The commitment to the literary theme runs deep, with most mechanics, enemies and other elements having some kind of literary term to denote them- Enemy groups include Splices, Tangents and Ravings, the requisite roguelike perks are called ""Pages"", The yellow ink class has a critical hit mechanic referred to as ""Flourish"", the blue ink class has damage-over-time effects referred to as ""Blot"", you can get a bonus for using a specific spell and/or playing a specific tome called ""Suggested Reading,"" and so on. These terms are almost always explained adequately and an in-game help text is available for, *ahem*, further reading. Additional mutators, called ""Bindings"", can be selected before a run, offering increased combat difficulty but commeasurately increased rewards of Quillmarks and Guild coins. The former is used for purchasing new spells, inks and upgrades, while the latter is for cosmetic purchases such as helmets, robes and furnishings for your nook. There are of course, no microtransactions, but who would put those in a roguelite? Uniquely, Vellum also offers endgame raid dungeons in the various Torn realms, which as of this writing I have only scratched the surface of. Much like an actual MMO raid, they appear to require a degree of team coordination much higher then the more casual tome runs. Vellum is stylish and fun to play and I highly recommend it to any fans of shooters or action roguelites.",True,recommended,True,0.95,"There are of course, no microtransactions...",The review explicitly states there are no microtransactions and describes a fair system for cosmetic purchases using in-game currency (Quillmarks and Guild coins). This directly aligns with the positive monetization definition.,True,,"```json
{
  ""target_label"": ""pos__monetization"",
  ""is_match"": true,
  ""confidence"": 0.95,
  ""evidence"": ""There are of course, no microtransactions..."",
  ""reason"": ""The review explicitly states there are no microtransactions and describes a fair system for cosmetic purchases using in-game currency (Quillmarks and Guild coins). This directly aligns with the positive monetization definition.""
}
```",gemma3:27b,rare_positive_binary_v1,TRUE,
187,29705206,466170,pos__monetization,"This is absolutely the best Idle game I have yet encountered. Seriously. No, it isn't graphically interesting, but the balance and pacing is -perfect-, the level of complexity keeps things interesting and different, and it has a Story. Quite a well written one too. If you are a fan of idle games and number management, this is a great little game to check out. It's free and fun, and definitely not pay to win(you can pay in a little for boosts to support the devs, but it never feels required).",True,recommended,True,0.95,"definitely not pay to win(you can pay in a little for boosts to support the devs, but it never feels required)",The review explicitly states that the game is 'not pay to win' and praises the optional way to support developers without feeling pressured to purchase.,True,,"```json
{
  ""target_label"": ""pos__monetization"",
  ""is_match"": true,
  ""confidence"": 0.95,
  ""evidence"": ""definitely not pay to win(you can pay in a little for boosts to support the devs, but it never feels required)"",
  ""reason"": ""The review explicitly states that the game is 'not pay to win' and praises the optional way to support developers without feeling pressured to purchase.""
}
```",gemma3:27b,rare_positive_binary_v1,TRUE,
188,201755923,1001270,pos__monetization,"I recommend the game but please read the long review. In this game leveling up is easy. But quite grindy to maintain that upped level properly. This is a really cute game AND equally tough to manage lol.. 😂 I request to DEVs please don't get me wrong. The game is honestly cute. I love all characters walking around, lively city, shops to buy ingredients, the graphics style, recent HUGE and FREE bakery update, Just because of this cuteness and my love for cooking games made me buy it even though I knew I'll never be good at this game. 😅 This game is solely for multiplayer. Solo players like me will look for a moment to breathe if gone wrong. Customer patience meter is low and food servings available in one cook is low as well. So when your restaurant is gaining fame, customers will come in more. Each of them won't have much patience, the food servings will end in a blink. But before you can cook the next serving -- your customer will rush out in anger. 😡 There's no setting available to turn up the patience meter longer or increase the servings number. So a solo player is never able to offer more than 2/3 recipes in their restaurant menu .🙄 The cooking process is not very easy as well. You'll level up soon but you gonna need couple practice cooks to offer servings after servings to your customers without loosing them. Ingredients will run out quickly. Every ingredient needs extra step to be prepared to use in the cooking/garnishing which is realistic I'd say. It's very easy to make mistakes during cooking if you're not paying attention. And throwing away food will decrease your ingredients quickly. In the middle of rush hour -- you'll find you're out of ingredients. You gotta wash your plates too or you will run out of plates to serve customers. Another and again another hurdle! 😭 Don't worry. There are some perks you can unlock to mildly help yourself, not much though. There's a Free mode too but it's a little odd. It's not like you're able to run a restaurant in free mode. It's rather a practice mode, NOT a sandbox mode. It's unnecessary but I use it to memorize recipes I've unlocked in career mode. So that I can cook and offer them to customers quickly. 😮‍💨 The game isn't much graphics heavy which is good. A mid-range PC/gaming laptop can handle it. The DEVs have recently released a whole free DLC to introduce baking side of culinary and a new map. Another con is -- some career mode recipes are locked behind gourmet challenges which I don't like. It's not fair to insist to enter a challenge to unlock recipes. 🙁 The game is addictive but a little simplicity, and a real Free/Sandbox restaurant mode with lots of customisable options are needed. There are some pesky bugs too which enters quickly but takes time to go away.",True,recommended,True,0.85,recent HUGE and FREE bakery update,"The review explicitly praises the free DLC (bakery update) released by the developers, indicating positive evaluation of their monetization approach.",True,,"```json
{
  ""target_label"": ""pos__monetization"",
  ""is_match"": true,
  ""confidence"": 0.85,
  ""evidence"": ""recent HUGE and FREE bakery update"",
  ""reason"": ""The review explicitly praises the free DLC (bakery update) released by the developers, indicating positive evaluation of their monetization approach.""
}
```",gemma3:27b,rare_positive_binary_v1,TRUE,
189,201864628,1244090,pos__monetization,"Its great fun game, art and sound track are fire. Story is decent. Gameplay is fun, the mario rpg hit correctly for more damage/bonus is engaging. Difficulty is not overly hard, you will only really lose, when you can't figure out the locks on the attacks, but once you do it stays revealed forever, so its pretty simple next time around. Puzzles are trivial. Overall great game, the free DLC was fun and playing with a friend was also cool",True,recommended,True,0.85,the free DLC was fun,"The review explicitly praises the fact that the game has free DLC, which aligns with the definition of positive evaluation of monetization.",True,,"```json
{
  ""target_label"": ""pos__monetization"",
  ""is_match"": true,
  ""confidence"": 0.85,
  ""evidence"": ""the free DLC was fun"",
  ""reason"": ""The review explicitly praises the fact that the game has free DLC, which aligns with the definition of positive evaluation of monetization.""
}
```",gemma3:27b,rare_positive_binary_v1,TRUE,
190,29573356,533870,pos__monetization,"Why bother adding DLC for this game? I mean free DLC is always great, but with Trump in the white house, I would have assumed everyone would have been sick of playing true or false with the white house's statements...",True,recommended,True,0.75,free DLC is always great,"The review explicitly states that free DLC is a positive thing, aligning with the definition of positively evaluating monetization.",True,,"```json
{
  ""target_label"": ""pos__monetization"",
  ""is_match"": true,
  ""confidence"": 0.75,
  ""evidence"": ""free DLC is always great"",
  ""reason"": ""The review explicitly states that free DLC is a positive thing, aligning with the definition of positively evaluating monetization.""
}
```",gemma3:27b,rare_positive_binary_v1,FALSE,
191,76990928,1348470,pos__monetization,"This DLC is worth the $50 if you LOVE Onigiri and are serious about getting strong as possible in-game. After purchase it'll send it all to your account rewards, where you can redeem the items on the character of your choice. Mind you no matter which character you redeem it on, the OC will be there on all characters on your account. The 500 OC alone is worth $50 ingame, these bonuses are like icing on the cake, and the reason you should ultimately make this DLC prurchase ^-^",True,recommended,True,0.95,This DLC is worth the $50...The 500 OC alone is worth $50 ingame,"The review explicitly states the DLC is 'worth' its price and justifies the cost by stating the in-game value received exceeds the purchase price, indicating positive evaluation of the monetization.",True,,"```json
{
  ""target_label"": ""pos__monetization"",
  ""is_match"": true,
  ""confidence"": 0.95,
  ""evidence"": ""This DLC is worth the $50...The 500 OC alone is worth $50 ingame"",
  ""reason"": ""The review explicitly states the DLC is 'worth' its price and justifies the cost by stating the in-game value received exceeds the purchase price, indicating positive evaluation of the monetization.""
}
```",gemma3:27b,rare_positive_binary_v1,TRUE,
192,96577869,1611470,pos__monetization,"DLC for the game includes cute cosmetics, some in-game items, soundtrack, and art book. Steam isn't clear on how to locate the soundtrack and art book. Art book and Soundtrack should be located in your files after purchasing. Fuga's official twitter posted how to locate them through Steam! ( [URL] ). DLC is worth it if you enjoy the music and want to get some additional goodies for the game!",True,recommended,True,0.85,DLC is worth it if you enjoy the music and want to get some additional goodies for the game!,"The review explicitly states that the DLC is 'worth it', indicating positive evaluation of the monetization (purchasing the DLC) in exchange for content.",True,,"```json
{
  ""target_label"": ""pos__monetization"",
  ""is_match"": true,
  ""confidence"": 0.85,
  ""evidence"": ""DLC is worth it if you enjoy the music and want to get some additional goodies for the game!"",
  ""reason"": ""The review explicitly states that the DLC is 'worth it', indicating positive evaluation of the monetization (purchasing the DLC) in exchange for content.""
}
```",gemma3:27b,rare_positive_binary_v1,TRUE,
193,30244255,534330,pos__monetization,FREE DLC ? Can't say no to that :D,True,recommended,True,0.85,FREE DLC,"The review explicitly praises the availability of free DLC, which falls under positive monetization.",True,,"```json
{
  ""target_label"": ""pos__monetization"",
  ""is_match"": true,
  ""confidence"": 0.85,
  ""evidence"": ""FREE DLC"",
  ""reason"": ""The review explicitly praises the availability of free DLC, which falls under positive monetization.""
}
```",gemma3:27b,rare_positive_binary_v1,TRUE,
194,96854483,726560,pos__monetization,"This DLC adds some solid spice to the main game. I'm (still) not much of a strategy gamer, and rarely play through the games. BSG:Deadlock held my attention enough to convince me to replay the entire game so I could enjoy this DLC -- and I even did it on Fleet Admiral. However, I agree with others that it is well worth buying this DLC before playing the main game the first time. The story in Broken Alliance is no less ludicrous than the rest of this game's story, but we're not here for that. We're here for the gameplay! And the Broken Alliance mission design adds some much-appreciated variety and pacing to the main campaign. Fresh side missions are an added bonus (although they are often too unpredictable to risk any fleets on, at least at higher difficulties). Really erased some of the monotonous moments in the main campaign. Very fun! Thanks for making this.",True,recommended,True,0.85,"I'm (still) not much of a strategy gamer, and rarely play through the games. BSG:Deadlock held my attention enough to convince me to replay the entire game so I could enjoy this DLC","The reviewer explicitly states they replayed the main game *to* experience the DLC, indicating willingness to purchase/engage with the monetization (DLC) and positive feelings towards it. They also thank the developers.",True,,"```json
{
  ""target_label"": ""pos__monetization"",
  ""is_match"": true,
  ""confidence"": 0.85,
  ""evidence"": ""I'm (still) not much of a strategy gamer, and rarely play through the games. BSG:Deadlock held my attention enough to convince me to replay the entire game so I could enjoy this DLC"",
  ""reason"": ""The reviewer explicitly states they replayed the main game *to* experience the DLC, indicating willingness to purchase/engage with the monetization (DLC) and positive feelings towards it. They also thank the developers.""
}
```",gemma3:27b,rare_positive_binary_v1,TRUE,
195,197257230,1137641,pos__monetization,"++ Great new area + Interesting story + CAIN eye and new enemies mix up combat The new area is great, and visually distinct, exploring a nice neighborhood overrun by pirate robots was very entertaining. The story is pretty interesting as well, and the CAIN eye and new enemies mix up combat. I got this during a sale for 3,30€, but I would still say this DLC is worth the normal price as well, being 5€ for ~3 hours of very good fun!",True,recommended,True,0.85,"I got this during a sale for 3,30€, but I would still say this DLC is worth the normal price as well","The review explicitly states that the DLC is worth its full price even after purchasing it on sale, indicating positive evaluation of the pricing.",True,,"```json
{
  ""target_label"": ""pos__monetization"",
  ""is_match"": true,
  ""confidence"": 0.85,
  ""evidence"": ""I got this during a sale for 3,30€, but I would still say this DLC is worth the normal price as well"",
  ""reason"": ""The review explicitly states that the DLC is worth its full price even after purchasing it on sale, indicating positive evaluation of the pricing.""
}
```",gemma3:27b,rare_positive_binary_v1,TRUE,
196,181985248,2906050,pos__monetization,"it may have been worth it, but fuck this. i can't event think, seeing where this game went. this game has lost itself, the fan-base. but what i am seeing is corporate greed, this is bullshit, i ain't taking back any words, but ill tell you this. this was a major let down, and this how all of us are repaid?!, and the devs get a free dlc but we don't!?, so we have to buy the other one?!, you guys are scumbags, enjoy hell for all i care, i loved this game when i got my first copy, i hope you all understand the pain you caused some fans, but this was the worst you could do. so anyways. have a good day. and fuck you. but this dlc was a ok!",True,recommended,True,0.6,but this dlc was a ok!,"The review explicitly states that the DLC is 'ok', indicating positive evaluation of the monetization (specifically the DLC) despite overall negative sentiment towards the developers' actions.",True,,"```json
{
  ""target_label"": ""pos__monetization"",
  ""is_match"": true,
  ""confidence"": 0.6,
  ""evidence"": ""but this dlc was a ok!"",
  ""reason"": ""The review explicitly states that the DLC is 'ok', indicating positive evaluation of the monetization (specifically the DLC) despite overall negative sentiment towards the developers' actions.""
}
```",gemma3:27b,rare_positive_binary_v1,FALSE,
197,30202094,203290,pos__monetization,It is a fun game and it is actually free no in game purchases and no pay to win. Give it a try if you are into playing as a team.,True,recommended,True,0.95,no in game purchases and no pay to win,The review explicitly praises the monetization by stating there are no in-game purchases or pay-to-win elements.,True,,"```json
{
  ""target_label"": ""pos__monetization"",
  ""is_match"": true,
  ""confidence"": 0.95,
  ""evidence"": ""no in game purchases and no pay to win"",
  ""reason"": ""The review explicitly praises the monetization by stating there are no in-game purchases or pay-to-win elements.""
}
```",gemma3:27b,rare_positive_binary_v1,TRUE,
198,29271846,492690,pos__monetization,"Thanks for the free DLC! Haven't tried the new mode yet, but will get on it soon. Props to the devs",True,recommended,True,0.85,Thanks for the free DLC!,"The review explicitly thanks the developers for providing free DLC, which is a positive evaluation of their monetization policy.",True,,"```json
{
  ""target_label"": ""pos__monetization"",
  ""is_match"": true,
  ""confidence"": 0.85,
  ""evidence"": ""Thanks for the free DLC!"",
  ""reason"": ""The review explicitly thanks the developers for providing free DLC, which is a positive evaluation of their monetization policy.""
}
```",gemma3:27b,rare_positive_binary_v1,TRUE,
199,138826481,1870350,pos__monetization,"Compared to moscow 41 when the emphasis was on the guard infantry, you have access to powerfull mobile formations. More unit variety overall. Can be challenging at higher difficulty levels when you dont have the time to beat the various elite german formations. I would really like if the devs could offer more information about all the HQ we get to play in the campaign (not only the main ones we get to upgrade) and if they could add a scrolling option for the HQ bar. It is too big with all the options at the start of a scenario and it gets out of the screen on the left. Good replayability. Worth the price. One of the best dlc so far I think.",True,recommended,True,0.85,Worth the price. One of the best dlc so far I think.,"The review explicitly states the DLC is 'worth the price' and ranks it as one of the best, indicating positive evaluation of its value/monetization.",True,,"```json
{
  ""target_label"": ""pos__monetization"",
  ""is_match"": true,
  ""confidence"": 0.85,
  ""evidence"": ""Worth the price. One of the best dlc so far I think."",
  ""reason"": ""The review explicitly states the DLC is 'worth the price' and ranks it as one of the best, indicating positive evaluation of its value/monetization.""
}
```",gemma3:27b,rare_positive_binary_v1,TRUE,
200,202704053,250760,pos__monetization,"Absolutely 100% worth every cent asked for this game. The amount of unique platforming content included it mind blowing. Let me explain. On top of the main game of playing as Shovel Knight, where you platform through the various levels, collecting upgrades and advancing the story, this game has gotten several free DLC campaigns that each have enough content and differing mechanics to have been sold as a separate games, but you get them all for free on top of the main game. You play in these DLC's as different boss characters from the main game, they have their own story, mechanics and upgrade systems and the quality of all this content is either as good or even better than the main game itself.",True,recommended,True,0.95,"several free DLC campaigns that each have enough content to have been sold as a separate games, but you get them all for free",The review explicitly praises the game's monetization by highlighting the generous amount of high-quality free DLC provided.,True,,"```json
{
  ""target_label"": ""pos__monetization"",
  ""is_match"": true,
  ""confidence"": 0.95,
  ""evidence"": ""several free DLC campaigns that each have enough content to have been sold as a separate games, but you get them all for free"",
  ""reason"": ""The review explicitly praises the game's monetization by highlighting the generous amount of high-quality free DLC provided.""
}
```",gemma3:27b,rare_positive_binary_v1,TRUE,
201,202959764,2646640,pos__monetization,From a content perspective the DLC is worth the asking price. In general though this is an amazing Dev and I'll take any excuse to throw more money at them,True,recommended,True,0.95,From a content perspective the DLC is worth the asking price.,"The review explicitly states that the DLC is worth the price, indicating positive evaluation of the monetization.",True,,"```json
{
  ""target_label"": ""pos__monetization"",
  ""is_match"": true,
  ""confidence"": 0.95,
  ""evidence"": ""From a content perspective the DLC is worth the asking price."",
  ""reason"": ""The review explicitly states that the DLC is worth the price, indicating positive evaluation of the monetization.""
}
```",gemma3:27b,rare_positive_binary_v1,TRUE,
202,202729303,2840770,pos__monetization,absolutely peak avatar game 100% worth buying on sale but still buy it needs a third dlc,True,recommended,True,0.75,worth buying on sale but still buy it needs a third dlc,"The review explicitly encourages purchasing the game and suggests supporting further development with a potential DLC purchase, indicating positive sentiment towards the monetization (willingly supporting the developer).",True,,"```json
{
  ""target_label"": ""pos__monetization"",
  ""is_match"": true,
  ""confidence"": 0.75,
  ""evidence"": ""worth buying on sale but still buy it needs a third dlc"",
  ""reason"": ""The review explicitly encourages purchasing the game and suggests supporting further development with a potential DLC purchase, indicating positive sentiment towards the monetization (willingly supporting the developer).""
}
```",gemma3:27b,rare_positive_binary_v1,TRUE,
203,21009039,379542,pos__monetization,"There are many FSX add ons that arn't really worth the price (well all sim DLC seems to be that way) but look out for sales and then buy this one, it's actually worth it. There are reviews saying that it did not work, and my first try took a while, but after loading FSX once and then loading the REX4 app again it worked fine. There are loads of texture combinations which really do give the sim a different and more realistic look. Now the textures it changes are airport, weather, water, lighting but not world ground scenery, but it still really does add a noticable difference to the sim. And the config app allows you to group all the different changes into a preset bank to quickly change to different texture combos. Be prepared for a longer load up time for FSX after changing textures as FSX has to do a lot of crunching. 8/10 makes stuff look nice.",True,recommended,True,0.75,"but look out for sales and then buy this one, it's actually worth it.","The review explicitly states the DLC is 'actually worth it', indicating positive evaluation of its value relative to price.",True,,"```json
{
  ""target_label"": ""pos__monetization"",
  ""is_match"": true,
  ""confidence"": 0.75,
  ""evidence"": ""but look out for sales and then buy this one, it's actually worth it."",
  ""reason"": ""The review explicitly states the DLC is 'actually worth it', indicating positive evaluation of its value relative to price.""
}
```",gemma3:27b,rare_positive_binary_v1,TRUE,
204,85234962,1416000,pos__monetization,"Loaded up game Character creation - is in monochrome - I can select colors, but whole display is in black and white, bit odd, but we got through it. Ended up making a character with purple hair. No worries. NPC on beach tells me to go to castle. I pass a bunch of folks on the way who want to sell something but I have zero money, can't seem to loot or interact with anything presumably because I need tools. Not a problem. I find the castle, go in a random door. Spent literally 10 minutes wandering around through empty room after empty room, which are well decorated and well propped - I mean, it looks cool - but can't interact with anything and finally eventually I find the guy I'm meant to find who tells me to go kill some rats. Off I go through the castle labyrinth of confusion trying to find an exit. Find rats. Punch rats to death. Not really clear on how to read the symbol thing at bottom left that apparently indicates my health, stamina, mana? Can't cast any of the spells either because need reagents that I have no clue how to get / not seen - no worries, come back to that later. Punching rats it is. I punch loads of them. Turn in quest. Learn about crafting, get a sword. Now we're getting somewhere! Still can't mine anything even though there's ore all over the place. Talk to various npcs, find one that will sell me a pickaxe for 1 gold. I still have zero gold. No apparent way to sell on the vendor interface - in fact, the inventory system is pretty unintuitive in general, but I can get past that. So while I'm clicking around trying to figure out how to sell this wooden sword (where did I get that? Did I start with that?) I realize I accidentally left myself in combat mode and I end up punching the pickaxe-selling lady and the guy next to her. I see the damage pop up on them. I brace myself, expecting to get killed, but no, they just stand there. But now I can't interact with them and/or open shop. Which is fair enough, I did just stab them. So I go to leave, and these npcs are glued to me. They're on autofollow -right- behind me, and they aren't doing anything, but I can't interact with them in any way and if I try to talk to the woman, the chat box pops up for like, a split second like it wants to let me talk to her but then closes. So I think, maybe if I go far enough away they'll leave. So I run all the way back to the beach / use the stuck command and they're gone. Whew. I managed to sell the wooden sword for 1g to the other guy by like...opening my equipment window, clicking on bag, and right clicking on sword and there's a sell option even though I'm not in a merchant interface? Is it cause I'm stood near one? Dunno. Couldnt sell any of the other stuff I was carrying so don't know - at this point I have rabbit meat and chicken feathers from random killings. I have 1 gold! PICKAXE LADY! I go to her house. She still wont talk to me. Apparently she's still mad. Try everything I can think of to get her to talk to me, but she wont, so I stab her again. Oh, she's dead and laying on the floor. I can't loot her merchandise (seems a bit unfair) and she's ...dead. So how can I get a pickaxe to you know, mine iron to make myself equipment and actually start playing this game ? I wander off, come back. She's still dead. Can't interact with corpse in any way. I still can't tell how injured I am or not, or how to regen health, the heal spell requires a reagent that I don't know how to get and couldn't afford to buy anyway since I can't seem to be able to sell anything else and there's nothing I can craft with the stuff I've picked up so... Sadly, no, I can't recommend the game at this time. The good: Walking (if a bit slow), running, jumping, and animations seem reasonably polished, to a sufficient level World design, what I saw of starting area, was well propped with good attention to detail Music was appropriately soothing/relaxing, sound effects reasonable to expectations. Combat animations (I saw some of the spell effects, even tho the casts failed) seemed decent to expectations. The bad: The minimap is not really helpful / No tooltips for anything Couldn't undock my mouse cursor to like, hover over anything but realize in retrospect hovering over things wouldn't do me much good cause no tooltips. Like, when I fight a rat and it says I'm infected, something that I presume is the debuff is popping up over the weird symbol-thing that is meant to be my healthbar and otherbars (still don't understand that or couldn't tell how hurt I was) but can't actually figure out what infection does. Got some other icons over there, no way to know what they're doing. Inventory, skills, character stats - these need a better interface. Stick with what's simple - I for inventory, C for character, K for skills (or something). This press-tab-and-then-press-another-icon thing is confusing. I'm not really sure what to say about the fact that I can attack and kill an NPC that doesn't fight back who sells crucial tools. Either shouldn't be possible or ...I should be able to loot the merchandise or something. It was just a complete blocker to further progress and I didn't do it deliberately. I didn't one-shot her, but the act of attacking her bugged her out completely and apparently, permanently. I think this game has potential, just needs some of the functional things ironed out before I'd consider it playable. Quest journal, recipe book, etc. The UI is just icky. Not going to refund it, happy to support the dev who clearly is passionate about this project from what I've seen - but it needs a lot of work on orienting the player when they come into the game because my early experience was well, amusing, but awful.",False,not_recommended,True,0.85,happy to support the dev who clearly is passionate about this project from what I've seen,"The reviewer explicitly states a willingness to support the developer despite issues with the game, indicating positive sentiment towards their approach.",True,,"```json
{
  ""target_label"": ""pos__monetization"",
  ""is_match"": true,
  ""confidence"": 0.85,
  ""evidence"": ""happy to support the dev who clearly is passionate about this project from what I've seen"",
  ""reason"": ""The reviewer explicitly states a willingness to support the developer despite issues with the game, indicating positive sentiment towards their approach.""
}
```",gemma3:27b,rare_positive_binary_v1,TRUE,
205,17180476,323490,pos__monetization,"First, I want to point out that a lot of people are complaining about poor translation. I have played the game thoroughly and, for the most part, it is properly translated. It starts to get iffy toward the end but it's bearable. I think many players may be confusing translation with 1st and 3rd person writing. In this game, it switches between both and the only indication is the lack of a name for the speaker. This applies to Irell as well as the Princesses so it can get confusing rather quickly. The writting format is pretty basic but enough to get descriptions and thoughts across. There's a heavy focus on how Irell Reis feels about every little thing. Some dialogue gets repeated despite already encountering it based on who you are following, ect. Probably about half of the dialogue boxes should be merged together or removed entirely to reduce redunancy. The game would do a lot better overall just by enhancing the dialogue to make it more relevant. It would also be more believable and immersive if the vocabulary wasn't juvenile and overused; ex: ""cute"", ""plebian"" and nobility titles. I would like to see the game revised this way in the future, or have their next game written more eloquently. Some of the voices sound like they were recorded at a low quality. Personally, I listen to the first few lines of a character and then turn it off. Most of them sound identical aside from tone. I enjoy imagining their voices on my own, with or without the tone implied by the creator. It's very difficult to know who you've picked to follow or how to continue to properly follow them without a lot of trial-and-error, unless you use one of the player made guides. There's a few on Steam that work well. I recommend using the Story Line portions first. After that, you can replay the game to get any of the Achievements missed. Holding the space bar down will rush through all of the dialogue. It should only take a few minutes to get them this way so definitely enjoy the story line first. Most of what you read is based on original lore and backstory for the characters. Once you've triggered an ending there is a -lot- of reading. You will need to get every ending to learn every characters story as only a few interact per play through. Also, keep in mind that not all of the character stories are updated at the same time. Each ending varies in length. One of them was a good 3 hours of reading after the choices ran out. I didn't expect this as it was my first playthrough so it quickly became a case of ""when is this going to end?"" for 2 of those 3 hours. If you like plot twists, and the ones in this game can get ridiculous, as well as learning about characters then it will keep you playing until the end. Fair warning, it gets ridiculous. The artwork, for some of the characters, was very well done. I would have liked to have seen more stills of events, especially during major scenes and Dyanna's finale. It would have made the bloated dialogue more bearable and the story more immersive overall. The UI needs some work. All of the options in the menu takes a little bit longer than normal to load and usually feels like the game hasn't registered the request. By the time I move the mouse over and click the option a second time it loads. The Quick Save & Quick Load options are not explained. You can only manually save or load during dialogue where it is listed to the right. [Having now completed the game, I will say that overall it has a low quality plotline from character to character. Personality preference will determine how much you enjoy the game. If you get bored with a character, I recommend either holding space bar and finishing to get the achievements or drop them entirely and move on to someone else.] It's worth it at 50% off, plus free DLC. 6.5/10 could be a potential 8/10 as a VN with polishing I recommended.",True,recommended,True,0.85,"It's worth it at 50% off, plus free DLC.",The review explicitly praises the availability of free DLC as a positive aspect contributing to the game's value.,True,,"```json
{
  ""target_label"": ""pos__monetization"",
  ""is_match"": true,
  ""confidence"": 0.85,
  ""evidence"": ""It's worth it at 50% off, plus free DLC."",
  ""reason"": ""The review explicitly praises the availability of free DLC as a positive aspect contributing to the game's value.""
}
```",gemma3:27b,rare_positive_binary_v1,TRUE,
206,158848573,2594150,pos__monetization,"One time I wish there was a 'Neutral' option. The DLC add desired content, but I have trouble saying the price is right knowing full well the work was done for another game, and perhaps some of it should have been part of the main game instead. Overall though, if you like the base game, the DLC is worth it, though I am still on the fence if it should have been a hair cheaper than the release price ($4.99 at time of writing).",True,recommended,True,0.75,"Overall though, if you like the base game, the DLC is worth it","The review states that the DLC is 'worth it' despite some reservations about pricing, indicating a positive evaluation of the value proposition.",True,,"```json
{
  ""target_label"": ""pos__monetization"",
  ""is_match"": true,
  ""confidence"": 0.75,
  ""evidence"": ""Overall though, if you like the base game, the DLC is worth it"",
  ""reason"": ""The review states that the DLC is 'worth it' despite some reservations about pricing, indicating a positive evaluation of the value proposition.""
}
```",gemma3:27b,rare_positive_binary_v1,TRUE,
