recommendationid,appid,target_labels,matched_target_labels,input_text,positive_topics,negative_topics,human_keep,review_note,teacher_model,prompt_version,retrieved_examples,rare_target_human_verified,human_verified_scope,is_valid,invalid_reason
198357852,2255970,pos__bugs|pos__localization,pos__localization,"Yep, it is indeed a VN posed as an RPG. The story is simple and linear, your choices don't matter. The humor pushed me to just skip the story. One thing to praise about this game though, is that it is technically well-executed. The translation is good. The game is almost bug free (a minor one in the website tab). The BGM plays well with the text. It auto-loads and wins the previous boss fight when you reach a bad end. The combat is not tedious and plays well with the game theme. The CGs are so so, they are also re-used. I don't think the game length is worth the price, even at 50% off.","[""audio"", ""controls"", ""localization"", ""performance""]","[""story"", ""content"", ""value""]",True,,gemma3:27b,pseudo_topics_rag_v3_embedding,"[{""review"": ""Neat little boss fighting game. Quite short and easy, but worth it for the little amount of money. Would be cool if they used this as a demo for a bigger game."", ""positive_topics"": [""gameplay"", ""value""], ""negative_topics"": [""difficulty_balance"", ""content""], ""score"": 0.5849}, {""review"": ""The story, in my opinion, is too simple, but the gameplay makes a good impression. For such a small price, I recommend it."", ""positive_topics"": [""gameplay"", ""value""], ""negative_topics"": [""story""], ""score"": 0.5613}, {""review"": ""A nice little game, story oriented... Well it is a Visual Novel, so not really a \""game\"" tbh, more of an \""interactive story\"" where you can change the ending. Visuals are pretty nice and the soundtrack is really cool and chill, i really liked it ! It will take about 30min to 1hours to complete, and have Multiple endings. For its price tag, honestly, it is worth !"", ""positive_topics"": [""story"", ""graphics"", ""audio"", ""content"", ""replayability"", ""value""], ""negative_topics"": [], ""score"": 0.5609}]",True,matched_target_labels_only,True,
150475230,397930,pos__monetization,pos__monetization,Any Free DLC is a good DLC in my book.,"[""value"", ""monetization""]",[],True,,gemma3:27b,pseudo_topics_rag_v3_embedding,"[{""review"": ""I'll purely recommend this on the basis that it adds some extra flavor and content but unlike games from total war and paradox this dlc is not absurdly priced and or have game breaking mechanics added only with the dlc as well. 9 dollars for this dlc is more than fine for some new cultures and events"", ""positive_topics"": [""content"", ""value"", ""monetization""], ""negative_topics"": [], ""score"": 0.6006}, {""review"": ""Did not say it requires the other DLC to function. Will wait for a sale on that one to play this I suppose."", ""positive_topics"": [], ""negative_topics"": [""monetization""], ""score"": 0.5762}, {""review"": ""Overall the DLC is great. I like the unique characters and that the wolf character has a masked and un-masked head. The only thing is that when playing split-screen you may have to play one round for players two, three, and four to be able to use the new character types."", ""positive_topics"": [""content""], ""negative_topics"": [""bugs""], ""score"": 0.5478}]",True,matched_target_labels_only,True,
201466124,917950,pos__monetization,pos__monetization,"I don't remember hearing about Vellum anywhere before Steam pushed it to my recommendations, citing Roboquest as a similar title. It's a highly-competently-designed third-person roguelite shooter with a surprising amount of quality of life features and little cosmetic flourishes, some you might not even find in other quality examples of roguelite shooters. It's got up to four player coop, which you won't find in Roboquest (limited to 2 player) or Ziggurat 2, Immortal Redneck or Battle Shapers (No coop whatsoever). It's got the ability to reconnect to a multiplayer run in progress if you get dropped, which I haven't seen in ANY coop roguelites. Vellum casts the players as wizards of pen and ink, the Scribes of an endless magical library, whose tomes are gateways to worlds of fiction brought to life, but are threatened by dark creatures known as the Torn. The tomes kept in this libary act as the various rogue runs, each with unique gameplay mutators. A choice of ink color acts as your character class, providing passive abilities and modifiers to your choice of primary and secondary spells- one generates mana, and the other consumes it. Combat is of the type of rogue that I prefer, where it is balanced around your character frequently taking damage and offering various means to mitigate this- regenerating shields, stacks of damage resistance called ""Varnish"", the red ink class's lifesteal mechanic, etc. The library itself acts as a playable hub area in the vein of the Space Rig in Deep Rock Galactic or the Basecamp in Roboquest. Here you can find stations to change your equipped ink color or spells, and upgrade your ""ink level"", unlocking new passive buffs and perks, called ""inscriptions."" Customizing the appearance of your Scribe is also possible, with different helmets, robes, spellbooks and back accessories. Completing new tomes for the first time unlocks various features and interactables around the library, such as target dummies to gauge your damage output. There's even a nook set aside for each player to customize with decorations like furniture, paintings and the like. The commitment to the literary theme runs deep, with most mechanics, enemies and other elements having some kind of literary term to denote them- Enemy groups include Splices, Tangents and Ravings, the requisite roguelike perks are called ""Pages"", The yellow ink class has a critical hit mechanic referred to as ""Flourish"", the blue ink class has damage-over-time effects referred to as ""Blot"", you can get a bonus for using a specific spell and/or playing a specific tome called ""Suggested Reading,"" and so on. These terms are almost always explained adequately and an in-game help text is available for, *ahem*, further reading. Additional mutators, called ""Bindings"", can be selected before a run, offering increased combat difficulty but commeasurately increased rewards of Quillmarks and Guild coins. The former is used for purchasing new spells, inks and upgrades, while the latter is for cosmetic purchases such as helmets, robes and furnishings for your nook. There are of course, no microtransactions, but who would put those in a roguelite? Uniquely, Vellum also offers endgame raid dungeons in the various Torn realms, which as of this writing I have only scratched the surface of. Much like an actual MMO raid, they appear to require a degree of team coordination much higher then the more casual tome runs. Vellum is stylish and fun to play and I highly recommend it to any fans of shooters or action roguelites.","[""gameplay"", ""content"", ""ui_ux"", ""monetization""]",[],True,,gemma3:27b,pseudo_topics_rag_v3_embedding,"[{""review"": ""A very nice, very stylish, creative roguelite bullet-heaven game. The game isn't super long, took me about 6 hours to finish, would probably take about 30 more minutes for 100% of the achievements. The game has full controller support and nice accessibility options for modulating difficulty, not to mention the ability to pick your difficulty less directly within runs as well. The art is great (gives me Cowboy Bebop vibes, can't quite put my finger on why), the music is great, the story (surprised me that there was any!) is basic but touching, the gameplay is somewhat innovative (mixing Necrodancer-style rhythm-combat mechanics with Vampire Survivors-like top-down bullet-heaven combat) and is pretty fun, although it gets a little bit repetitive by the end. I hope there is a bit more exploration of unsteady rhythms if the devs ever make a next entry, there is a lot of leniency in getting 'perfect's here and after a while the consistent rhythm gets pretty second-nature, so it might be nice to see that shaken up. The game lacks polish, but not in any way that truly breaks the experience. It's mostly observed in some unintended behaviours¹, incorrect tooltips, etc. The main thing that diminishes the experience in my opinion is the lack of visual clarity on some levels and with some builds (looking at you, 'Chain projectiles'). I also think it would benefit from some more clarity on how its basic mechanics work (tagging weapons with their damage types, an option to show values in skill descriptions, etc.), the 15 tips on pause help but don't really explain everything (although with how short the experience is and with how not-that-difficult even the later stages are, you won't play for long enough for this lack of knowledge to sour your experience like it probably would in a 100+ hour game). Ah, also, for whatever reason, achievements aren't working at all for me (they don't even show up on the game's page in my library), although that might be Steam's fault. Overall, I'd recommend the game, and also wish the best for the devs in their future endeavours! ¹ = Restarting a run will start you with a random character, including ones that you have not unlocked yet (including the secret 13th, happened on my first death lol). Sometimes the solo that gets activated seems to be random if you have 3 instruments and all have full meter. Using a solo sometimes allows enemies to fire projectiles after all the existing projectiles are cleared, meaning you can get locked into getting hit since you can't move during the solo animation (died to that once :'D). You can actually move during the solo animation, as well as the post-battle \""Kill the music\"" transition, if you were ending a dodge while entering those states. On controller, pausing on the item upgrade screen will pick whatever upgrade you were hovering when the game is unpaused."", ""positive_topics"": [""gameplay"", ""graphics"", ""audio"", ""story"", ""controls"", ""accessibility""], ""negative_topics"": [""gameplay"", ""ui_ux"", ""bugs""], ""score"": 0.3968}, {""review"": ""I can't recommend this game. Honestly, it's mid! It isn't terrible, but it's also not very good. As a long time BATIM fan, this is one of the most underwhelming sequels I've ever seen. the writing is mediocre, the sound design is erratic at times, and the random lag spikes make it incredibly frustrating to navigate around the cartoon world. The game mechanics themselves are downright infuriating, not to mention the false sense that there may be multiple endings scattered around the game. The mechanic where the ink demon shows up, and you're required to hide, is VERY underwhelming and has almost no sense of actual urgency other than forcing the player to drop everything and find the nearest barrel. The fact that combat stops you from hiding is also incredibly frustrating, and caused multiple unnecessary deaths when I would get ganged up on by lost ones during an inconvenient demon appearance. The visuals and music are, as usual, very good. The consistent designs and stylistic choices are pleasant on the eyes and never get too boring. It's a gorgeous game, I'll give it that! The ending is cheesy and undeserved, it didn't feel nearly as impactful as it was implied to be. The fact that the Big Steve quest can be entirely skipped makes his appearance useless, but the fact that everyone else shows up too just makes it feel like a fix-it fic rather than the ending to a saga. TL;DR - Overall, I give it a 4/10. It's painfully mediocre, and the gameplay far overshadows any meaningful worldbuilding or lore added throughout the entire experience. I recommend watching someone else play this, or just reading the wiki, rather than purchasing it and playing it for yourself. (SPOILERS FOR THE ENDING - but seeing the little baby bendy at the end of the game DID make me squeal with joy, so actually, 10/10 flawless game no notes)"", ""positive_topics"": [""graphics"", ""audio""], ""negative_topics"": [""story"", ""gameplay"", ""performance"", ""audio""], ""score"": 0.3495}, {""review"": ""A good RPG with a Cube World Alpha vibe ( procedurally generated worlds and quests ), nice OST, beautifull graphics and an active developper who cares about the community. I absolutely recommend you to try it !"", ""positive_topics"": [""content"", ""audio"", ""graphics"", ""updates_support""], ""negative_topics"": [], ""score"": 0.323}]",True,matched_target_labels_only,True,
202651065,1371980,pos__accessibility,pos__accessibility,Endless exploration and pure Dynamic weather and the world is amazing. Glad they even added the Difficulty options in the new update.,"[""graphics"", ""gameplay"", ""accessibility""]",[],True,,gemma3:27b,pseudo_topics_rag_v3_embedding,"[{""review"": ""While the main Planet felt thought through and rich, this DLC seems rushed out and glitchy all over the place. The layout is really bad, e.g. the multi-layered approach is just not working for the game and its frustrating to navigate. And the amount of graphical errors, floating rocks, broken meshes, mismatching collider vs. graphic meshes and all the navigation problems is so high, it feels like an alpha. (There were already quite some graphic glitches on the main game planet, but this one is REALLY bad..) Also, the amount of changes to the core gameplay is rather small, so no real \""new discovery\"" here.. TL;DR; Not worth the money."", ""positive_topics"": [], ""negative_topics"": [""content"", ""ui_ux"", ""bugs"", ""gameplay"", ""value""], ""score"": 0.5}, {""review"": ""So far, I’m only playing on Beginner difficulty – the others feel a bit too challenging for me (for now). It’s a pity that multiplayer isn’t active at the moment, but I’m sure the game will be even better once it’s back! The maze-like sections and puzzles are a refreshing addition and really keep things interesting. Honestly, this might be the first platformer I actually finish 😄 Also, the price feels fair – I think it’s definitely worth it. 👍"", ""positive_topics"": [""gameplay"", ""content"", ""value""], ""negative_topics"": [""multiplayer""], ""score"": 0.4976}, {""review"": ""Apart from the beyond fantastic puzzles that captivated me instantly but the story telling is just top-tier. Easily has become one of my favorites."", ""positive_topics"": [""gameplay"", ""story""], ""negative_topics"": [], ""score"": 0.4959}]",True,matched_target_labels_only,True,
20388264,377500,pos__accessibility,pos__accessibility,"This is a nice, casual game. The game methodology is fairly straightforward. They mix up hexagonal, colored wheels, and then you put them back in order. The hexes are in color (there is a colorblind option as well that includes patterns on the hexes) and the hub of each of the wheels tells you what hex colors go there. There are also mixed colors (yellow and red = orange; blue and yellow = green; red and blue = purple). The mixed colored hexes are, as you’ve probably figured out, for where the wheels overlap. The first two puzzle rounds show you how you will solve the remainder of the puzzles, and then you go through four grades of 12 puzzles. PRO: Very easy to learn, very relaxing and enjoyable. Good graphic representation. CON: No additional downloadable puzzles. Once you’ve gone through the 48 puzzles you can go into the options menu reset so that you can run through them again, but there is not a more difficult level to put to the puzzles. I would have loved to see more combinations. Worth the money? I would say a bit high, but I would like the programmers to give me more content so I would say it is fair enough. Would I pick it up on a Steam sale? In a heartbeat!!","[""gameplay"", ""graphics"", ""accessibility""]","[""content"", ""value""]",True,,gemma3:27b,pseudo_topics_rag_v3_embedding,"[{""review"": ""the puzzles are easy and fun to figure out but the game itself looks like ass. a very short puzzle game that has good puzzles but looks terrible"", ""positive_topics"": [""gameplay""], ""negative_topics"": [""graphics""], ""score"": 0.5077}, {""review"": ""Bought it entirely for having a unique art style and I simply had not played anything like this before. I cursed at getting stuck in Hex tiles a few times, but altering mouse sensitivity a few times lead to an interesting adventure. Completed in under two hours, but plan to go many rounds in my little forest when I need a break from the headache of 3D atmospheres. My green little heart beats."", ""positive_topics"": [""graphics"", ""gameplay"", ""replayability""], ""negative_topics"": [""controls""], ""score"": 0.4825}, {""review"": ""This is a nice pixel art puzzler. Very fun to play and addictive to switch tracks. I think will keep me busy as it has many levels and is not very easy. Some more power ups would be very helpful."", ""positive_topics"": [""graphics"", ""gameplay"", ""content"", ""difficulty_balance""], ""negative_topics"": [""content""], ""score"": 0.4445}]",True,matched_target_labels_only,True,
105445848,1051920,pos__accessibility,pos__accessibility,"Played this game at Emerald City Comic Con with my two buddies and we had a blast playing. The customization for characters is great special for someone who is color blind. It even has a colorblind mode that I think is very thoughtful for colorblind gamers. Also, the randomness is great you don't know what is going to happen next so its different everytime. I love this game. Highly recommend for a fun party game!","[""accessibility"", ""gameplay"", ""replayability""]",[],True,,gemma3:27b,pseudo_topics_rag_v3_embedding,"[{""review"": ""at first look this game is quite dark and grim, plus pixataled, I am personaly not a fan of that graphic style, but the gameplay mechanics turned out to be quite fun, sometimes it really tests you reflexes, I like the challenge when there are many enemies in a row"", ""positive_topics"": [""gameplay""], ""negative_topics"": [""graphics""], ""score"": 0.5814}, {""review"": ""The game is really great. I was playing to pass the time and soon I became addicted. The game is very fluid, and the features unlocked before the game starts and between waves add extra fun to the game. Also, the game is extremely cheap, I recommend it to everyone."", ""positive_topics"": [""gameplay"", ""value""], ""negative_topics"": [], ""score"": 0.5525}, {""review"": ""Bought it entirely for having a unique art style and I simply had not played anything like this before. I cursed at getting stuck in Hex tiles a few times, but altering mouse sensitivity a few times lead to an interesting adventure. Completed in under two hours, but plan to go many rounds in my little forest when I need a break from the headache of 3D atmospheres. My green little heart beats."", ""positive_topics"": [""graphics"", ""gameplay"", ""replayability""], ""negative_topics"": [""controls""], ""score"": 0.5404}]",True,matched_target_labels_only,True,
202664640,1895880,pos__accessibility,pos__accessibility,"Ratchet & Clank: Rift Apart was a new but very exciting experience for me! It was not just my first Ratchet & Clank game but also my first third-person shooter, and because of that, I did not expect to enjoy this game anywhere as much as I did! This expectation was due to the fact that I am really not good at combat in video games as a whole and I thought this would prevent me from enjoying this game, however, R&C:RA’s great difficulty options, as well as the game not being condescending about said lower difficulties, allowed me to enjoy the game at one of the lower difficulties. I personally found every aspect of this game to just be plain fun! From the gameplay, including the game mechanics, to all the collectables (my favourite video game genre is collect-a-thon platformers after all!), to the animation (so pretty and detailed!), to the writing (I laughed out loud multiple times while playing) to even the character designs (was partial to the robots as I really enjoy robots in animated media, but I think all the character designs are interesting). If like me, you have never played a Ratchet & Clank game (or a third-person shooter for that matter) then in my personal opinion I think this game is a very good place to start. Highly recommend. 10/10","[""gameplay"", ""content"", ""graphics"", ""story"", ""accessibility""]",[],True,,gemma3:27b,pseudo_topics_rag_v3_embedding,"[{""review"": ""So far, I’m only playing on Beginner difficulty – the others feel a bit too challenging for me (for now). It’s a pity that multiplayer isn’t active at the moment, but I’m sure the game will be even better once it’s back! The maze-like sections and puzzles are a refreshing addition and really keep things interesting. Honestly, this might be the first platformer I actually finish 😄 Also, the price feels fair – I think it’s definitely worth it. 👍"", ""positive_topics"": [""gameplay"", ""content"", ""value""], ""negative_topics"": [""multiplayer""], ""score"": 0.5742}, {""review"": ""Game is really good i give it an AdventNEON thumbs up! It was really fun dashing around as fast as I could, and the boss fights really made me feel like I was in a flash Sonic animation. Sound track is also good, aside from maybe one or two tracks. Didn't really get to listen too much of it in the game because I was too busy trying to dash as fast as I could. A few minor negatives though. Nothing too crazy that spoil the game for me, though It would be nice to have them fixed or ironed out in a potential sequel. -The story itself is alright, nothing too crazy. The game is mostly focused on being, you know, a game. -Sprite are did feel a bit inconsistent, especially when some were drawn at a perspective instead of flat. -There are a couple moments that break the immersion of the game. (Characters moving stiffly on a set path, bullets being shot not lining up with the barrel, sound effect when kicking up specifically stopped playing sometimes, stuff like that.) -Some parts can feel a bit jack to play. I can't remember what specifically, but there were some minor annoyances. (I'm looking at you, gears that I get stuck in during the time stop segments.) -Would've like some of the mechanics to be explained or introduced better as most of the time you are just thrown into them. I was able to catch of pretty easily, but sometimes it took a bit to understand them. -The game is TOO SHORT I WANT TO RUN AROUND MORE. All in all, extremely impressive for a solo dev. I hope we get to see Neon more in the future. Kachow. Also I remember there being some sort of fanart thing where fanart was going to be put in the game unless I'm misremembering things. If it is I would like to redraw mine it's been 4 years. Thanks."", ""positive_topics"": [""gameplay"", ""audio"", ""story"", ""graphics""], ""negative_topics"": [""graphics"", ""audio"", ""gameplay"", ""ui_ux"", ""content""], ""score"": 0.5654}, {""review"": ""A very nice, very stylish, creative roguelite bullet-heaven game. The game isn't super long, took me about 6 hours to finish, would probably take about 30 more minutes for 100% of the achievements. The game has full controller support and nice accessibility options for modulating difficulty, not to mention the ability to pick your difficulty less directly within runs as well. The art is great (gives me Cowboy Bebop vibes, can't quite put my finger on why), the music is great, the story (surprised me that there was any!) is basic but touching, the gameplay is somewhat innovative (mixing Necrodancer-style rhythm-combat mechanics with Vampire Survivors-like top-down bullet-heaven combat) and is pretty fun, although it gets a little bit repetitive by the end. I hope there is a bit more exploration of unsteady rhythms if the devs ever make a next entry, there is a lot of leniency in getting 'perfect's here and after a while the consistent rhythm gets pretty second-nature, so it might be nice to see that shaken up. The game lacks polish, but not in any way that truly breaks the experience. It's mostly observed in some unintended behaviours¹, incorrect tooltips, etc. The main thing that diminishes the experience in my opinion is the lack of visual clarity on some levels and with some builds (looking at you, 'Chain projectiles'). I also think it would benefit from some more clarity on how its basic mechanics work (tagging weapons with their damage types, an option to show values in skill descriptions, etc.), the 15 tips on pause help but don't really explain everything (although with how short the experience is and with how not-that-difficult even the later stages are, you won't play for long enough for this lack of knowledge to sour your experience like it probably would in a 100+ hour game). Ah, also, for whatever reason, achievements aren't working at all for me (they don't even show up on the game's page in my library), although that might be Steam's fault. Overall, I'd recommend the game, and also wish the best for the devs in their future endeavours! ¹ = Restarting a run will start you with a random character, including ones that you have not unlocked yet (including the secret 13th, happened on my first death lol). Sometimes the solo that gets activated seems to be random if you have 3 instruments and all have full meter. Using a solo sometimes allows enemies to fire projectiles after all the existing projectiles are cleared, meaning you can get locked into getting hit since you can't move during the solo animation (died to that once :'D). You can actually move during the solo animation, as well as the post-battle \""Kill the music\"" transition, if you were ending a dodge while entering those states. On controller, pausing on the item upgrade screen will pick whatever upgrade you were hovering when the game is unpaused."", ""positive_topics"": [""gameplay"", ""graphics"", ""audio"", ""story"", ""controls"", ""accessibility""], ""negative_topics"": [""gameplay"", ""ui_ux"", ""bugs""], ""score"": 0.5482}]",True,matched_target_labels_only,True,
107584509,421190,neg__network_server|pos__accessibility,neg__network_server|pos__accessibility,"It's more of Paladins VR than Overwatch VR: laggy mess with barely functional matchmaking but incredibly fun to play. Larcenauts succeeds at being a hero shooter: every class is unique and feels overpowered in its own way. Current roster has 9 heroes including archer and melee brawler. The balance is not perfect, but it's a work in progress. The gameplay is fast paced constant action: grappling points and class abilities provide fast movement while objectives discourage sitting in one place for too long. However infrequent server side lags can destroy all the fun: they range from small delays and desync to huge lag spikes that render a game unplayable for up to a minute. Shooting feels arcadey but enjoyable and there a lot of accessibility settings. I especially appreciate optional button press reloading, since Reverb G2 controllers are horrible for manual reloading. Player base is not too big for a cross-platfrom game: full 6v6 matches are only possible during peak hours. The rest of the time it will be about 3-8 players in a session with empty slots filled with bots. And AI is terrible: they can barely walk without getting stuck all the time. With small play base come issues with matchmaking: in every match experienced players will be mixed with newbies making new player experience particularly painful at times. And to add insult to injury Larcenauts matchmaking can't even distribute human players between teams equally. There are a lot of 2v4, 3v5, etc and the system doesn't bother to change team distribution between matches most of the time.","[""gameplay"", ""accessibility""]","[""network_server"", ""multiplayer"", ""difficulty_balance""]",True,,gemma3:27b,pseudo_topics_rag_v3_embedding,"[{""review"": ""Haven't played much but not super impressed. This would have been impressive in the first gen of VR but it's too basic and clunky. I have VTOL and it's much better."", ""positive_topics"": [], ""negative_topics"": [""gameplay"", ""controls""], ""score"": 0.5427}, {""review"": ""I love Tetris, it is one of my all time favorite games. That said it did not translate well to VR. Even on discount I'd say pass on this one, it just plays very clunky."", ""positive_topics"": [], ""negative_topics"": [""controls"", ""value""], ""score"": 0.4972}, {""review"": ""\""Beat\"" the game in like 15 minutes it was an overall boring experience. It did the bare minimum to utilize what is special about VR, would whole heartedly not recommend."", ""positive_topics"": [], ""negative_topics"": [""gameplay"", ""content""], ""score"": 0.4961}]",True,matched_target_labels_only,True,
138040190,1253270,pos__accessibility,pos__accessibility,"I umm'd and ahh'd as to whether to review this as recommended or not for a couple of weeks after completing. I ultimately erred on the side of recommending, as the game does deserve more attention than I feel it's gotten, but the recommendation is almost conditional on doing the YOLO (which has it's own drawbacks beyond just being another stupid platformer YOLO). Further detail below. For a casual player, the experience is short-lived. You get to the end, you get your food of choice, and you're done. This takes under 2 hours for a first play through. The additional modes do little to liven the game up, adding a new gimmick that changes how the game is played in some way that ultimately just gives the same experience with a slightly different shade of paint over the top. If your goal is to 'just get to the end', I'd recommend against the game. Where the game shines though is in figuring out cycles, figuring out approaches to make consistent that which seems like some haphazard BS the first play time through. This outcome is only achieved through the YOLO (endurance mode), assuming you don't trivialise the exercise through the use of accessibility options. I love that accessibility options are there enabling everyone to play how they feel best suits their needs, but for me, they took away from the one element of the game that made it worthwhile. I ultimately came back to the game to beat it without just the intent of ticking off 'another steam hundo'. When viewed with the lens of ""I need to not die"" (rather than just getting to the end), the sections are varied, the hazards are interesting, and the platforming is... well... inconsistent. Unfortunately whilst the 'levels' are interesting, the game decides it doesn't want to behave consistently. Some plays through a full jump won't clear 2x blocks, sometimes you'll get stuck in a corner, and other times you'll get pushed back by an invisible wall (that for some reason never happened in the 10hrs you'd played previously?). I've not been so frustrated with a game before due to the game itself, rather than something attributed to my own skills. So with all these caveats.... The game is flawed, the non-YOLO challenge is limited, the price is high for the content and design compared to other games in the genre... but it's a good game. A bit unpolished, a bit janky, a bit unfulfilling as a casual player.. but at the heart of it, it's a good game.","[""accessibility"", ""gameplay""]","[""bugs"", ""controls"", ""content"", ""value""]",True,,gemma3:27b,pseudo_topics_rag_v3_embedding,"[{""review"": ""Hats off to people who have mastered this game. Think twice before plonking down money for this. Compared to just about any other card game on steam this game relies mainly on the complexity of rules as the main element instead of simple base rules mixed with complexity of card combinations. Card combos can be complex too but you will never really get there unless you invest a lot of time to figuring out the smaller details of mechanics first. Speaking of mechanics - i have done the tutorials many times but i still seem to get myself many times into situations where i don't have the slightest clue to why a certain move cannot be used when i want to. Am i not following the rules or the UI doesnt show me what i can do? i have no idea. I read some guides. lurked the forums. confusion did not clear away. 'Dont do too soon x'. 'Dont try too late y'. very interesting but so confusing. In the end i really dont care if this is the 'best game' on the block for the people who really like card games - and looking at the hours played and positive comments it does seem to be some people's favorite. Entertainmnet value and fun has already been sacrificed here so the praise this game gets from the punishment liking veterans is just lost on me. Fun is essentially zero and thus this game gets the bottom feeder position in my card game library. I am sure it doesnt belong there but i really don't see any way i can bring it up from there either with the ever tightening competition in the card games section on Steam as there ARE very good alternatives if you have played your MtG:s and want to try something else. Technically i have not found anything wrong with the game. It works without crashing and graphics are really nice. Be warned - you dont see the complexity from the trailers. only when you try to actually learn the rules and play. I actually wish i could give a neutral review for this game as i hate to trash it but since it does cost some money and it doesn't really relay the complex nature of it correctly then a negative review it is then."", ""positive_topics"": [""graphics"", ""bugs""], ""negative_topics"": [""gameplay"", ""controls"", ""ui_ux"", ""difficulty_balance"", ""value""], ""score"": 0.4813}, {""review"": ""So far, I’m only playing on Beginner difficulty – the others feel a bit too challenging for me (for now). It’s a pity that multiplayer isn’t active at the moment, but I’m sure the game will be even better once it’s back! The maze-like sections and puzzles are a refreshing addition and really keep things interesting. Honestly, this might be the first platformer I actually finish 😄 Also, the price feels fair – I think it’s definitely worth it. 👍"", ""positive_topics"": [""gameplay"", ""content"", ""value""], ""negative_topics"": [""multiplayer""], ""score"": 0.4747}, {""review"": ""Ok here is the first REAL REVIEW: I finished the game on principle alone. The only reviewer who actually finished. I still cannot recommend this game based on certain aspects. First, you will fail. This is a running joke in this game as you are forced to fail at random times. Not my style of hardcore joking? This is built around speed racers, and as I know speed racers, you die a bazillion times before you master the level. This is not my style of game play, but that's what the developers wanted to cater towards. LEVEL 44 and VARIOUS random levels: Beware this game is not like others, no previous clues will help you understand that maps are never mentioned or that guessing (getting lucky) is a skill. No, this is not. It is tedious and forces a failure. If this game was designed so you die, then memorize everything as you die, it's exhausting. This game is not forgiving. Jumping/glitching balls/ cubes etc, somethings will collide in unexpected ways. After finishing the 100 levels, jumping is not very well polished, even though you can learn to master it, if you die five billion times. You will be forced to adapt to the jumping sensitivity that is presented. USE LIGHT PRESSURE. When moving through certain mazes with jump pads, make sure to look down and stay centered on cubes as you tap lightly with a keyboard. This game can be unforgiving later on, which is a speed runner mentality in design. It's not all jumping, there are some good puzzles... and SOME of those puzzles are about 70%+ of the game. Only a small portion is truly tedious... if you can get to it... Also, the steam achievements do not work first try. I'm missing some that should have completed. Still is what it is. Rated 6/10 Price point: $5 would be what it's worth in reality."", ""positive_topics"": [""gameplay""], ""negative_topics"": [""gameplay"", ""difficulty_balance"", ""controls"", ""bugs"", ""value""], ""score"": 0.4735}]",True,matched_target_labels_only,True,
201513050,1622100,pos__accessibility,pos__accessibility,"Took me a while to get into it, mainly due to the new genre introduction. However, thanks to the accessibility options, and a small mod (BrighterDreams), I managed to get through - and I'm so glad I did. Another phenomenal story to explore with a lot of fun puzzles to try and solve!","[""accessibility"", ""story"", ""gameplay""]",[],True,,gemma3:27b,pseudo_topics_rag_v3_embedding,"[{""review"": ""Apart from the beyond fantastic puzzles that captivated me instantly but the story telling is just top-tier. Easily has become one of my favorites."", ""positive_topics"": [""gameplay"", ""story""], ""negative_topics"": [], ""score"": 0.6377}, {""review"": ""So far, I’m only playing on Beginner difficulty – the others feel a bit too challenging for me (for now). It’s a pity that multiplayer isn’t active at the moment, but I’m sure the game will be even better once it’s back! The maze-like sections and puzzles are a refreshing addition and really keep things interesting. Honestly, this might be the first platformer I actually finish 😄 Also, the price feels fair – I think it’s definitely worth it. 👍"", ""positive_topics"": [""gameplay"", ""content"", ""value""], ""negative_topics"": [""multiplayer""], ""score"": 0.5888}, {""review"": ""I enjoyed how you piece all the characters lives together to discover the story. Its an enjoyable and relaxing game."", ""positive_topics"": [""story"", ""gameplay""], ""negative_topics"": [], ""score"": 0.5884}]",True,matched_target_labels_only,True,
158648910,1932700,pos__accessibility,pos__accessibility,"Entomophobia Entomophobia is a bug-slaying bullet-heaven where you collect a variety of unique weapons and upgrades unlike anything I have seen in a bullet-heaven so far. It currently has a few issues but it is early-access so they may be addressed by full release, it is also fairly easy once you know what upgrades to take and I found myself afking to farm the 1,000,000 kills achievement. Gameplay There are 8 characters in this game each with different stats, starting weapons and abilities, you also get a choice of gun to take with you, of which there are 5. Characters and guns can be unlocked by either completing achievements or buying them with meta-currency. There are a tonne of weapons in this game and they all act and are visually unique to anything I have seen in other bullet-heavens, how many games can you slay enemies with cornflakes, waffles and lemons while using a sniper rifle? You can take up to 5 weapons and passives total, as well as a stackable augment at every level. There's currently no way to tell when a weapon is max and there are no rerolls or banishes to help you get what you want. There are 3 maps in the game that all play basically the same as one another, the only real difference being slightly less space to move around, which is only more difficult for the first few minutes of each run. Enemies come in the same waves at the same time in each run, with each run lasting 20 minutes. Most enemies play the same but a few will back away from you while shooting projectiles and bosses come every 4 minutes or so dropping you extra upgrades. You get Shells while you play which can be spent on new characters, weapons and meta-upgrades, there are only 5 meta-upgrades that are very passive, by the time I had killed 1,000,000 bugs for the achievement I had an extra 22,000 shells that I couldn't spend on everything. There needs to be another sink to spend these on, preferably more combat upgrades. The game in it's current state is too easy, it becomes trivial after about 5 minutes if you know what upgrades to pick, I would personally like some sort of difficulty modifiers similar to 20 Minutes Till Dawn's Darkness levels that allow for a bit more of a challenge. Achievements (18/18) 95% of your time with the achievements in this game will be spent farming the 1 million bug kills, it helps to play on the River map as enemies are pushed from outside the map quite close to you and you can average around 25,000 kills per run, It took me a total of 30 hours to grind both kills and deaths. Music/sound There are a few different songs in the game that fit well, but they get repetitive after a while. Settings/Accessibility/Misc No rebindable controls. Auto-aim available. In-game achievement menu to see progress. Enemy outlines, projectile enemies are visually distinct. Settings to change the overlay colour of character, enemies, background and dangerous objects (but you can't scroll down far enough to change the dangerous objects one), these could be useful for people with colour-blindness. TL;DR Bug-slaying bullet-heaven where you collect a variety of unique weapons and upgrades. Needs more difficulty options. 3 maps that play very samey, 8 characters, 5 guns, tonnes of weapons. No rerolls/banishes. A few meta-upgrades. Very grindy achievements. Check out my Curator page","[""gameplay"", ""content"", ""audio"", ""accessibility""]","[""difficulty_balance"", ""replayability"", ""controls"", ""ui_ux"", ""content""]",True,,gemma3:27b,pseudo_topics_rag_v3_embedding,"[{""review"": ""I have no idea why this is called Drug wars. This game definitely is only maybe a third done. Play this game windowed; it'll run smoother. The pros: weapons are unique, you get ammo for finishers, the one enemy model is used in varying degrees (punching, shooting, throwing), everything you throw explodes, the weapons are easy to use, you regain health and it still remains tense at times, the puzzles are easy, you're never going to get lost in the levels, and the AI can be really tough. The cons: sometimes the enemies will lay on the ground but still shoot, they hobble around too much for the sniper to be much use, there's only one enemy model (three or four if you count the machines), there are loads of enemies in long hallways, this looks like it was made in 2004, and the AI can be exploited. Honestly, a lot better than I thought it would be. This feels like a mod that became its own executable but failed its Kickstater or something. If they had a bigger team (or if cracking the hieroglyphs that is the CryEngine code was as easy as Unreal or Source) this could've been more polished—well, obviously. I think games like these are the reason not many developers used CryEngine back in the day (that, and the whole 'use only one core' thing)."", ""positive_topics"": [""gameplay"", ""difficulty_balance"", ""content""], ""negative_topics"": [""graphics"", ""difficulty_balance"", ""content"", ""performance"", ""bugs""], ""score"": 0.3989}, {""review"": ""At 80 cents a minute, I would recommend that you look somewhere else. The only interesting this is the inclusion of a full length movie inside the game. Everything else looks like a mish mash of Unity assets from the store with unmodified enemy bodies. The gun play isn't terrible but honestly, I have no idea who this game is for. [URL]"", ""positive_topics"": [""content"", ""gameplay""], ""negative_topics"": [""value"", ""graphics""], ""score"": 0.3819}, {""review"": ""guns Guns and more GUNSSSS lol this game is insane once you start upgrading the ship i absolutely love it only thing tutorial is a little hard and to long an easy way to skip it would be a good add other than that this game amazing well done guys."", ""positive_topics"": [""gameplay""], ""negative_topics"": [""ui_ux""], ""score"": 0.345}]",True,matched_target_labels_only,True,
201886874,790060,pos__accessibility,pos__accessibility,"I haven't played a ton of this yet, but I can already tell that I will and I adore this. I'm not usually a bullet-hell girly, but this game makes the genre feel really accessible by virtue of how the game is as difficult as you want it to be, both in terms of difficulty options and because you can always pick an easier path if you're feeling overwhelmed. While the story isn't fully here yet, what is there is so lovingly implemented and the art is phenomenal, looking unlike anything I've ever seen before. Like it feels like a work of outsider art, but with super engaging like gameplay to go with it. The cherry on top is just how engaged the developer clearly is with their community, consistently releasing updates to make the game as good as it can be.","[""gameplay"", ""accessibility"", ""graphics"", ""story"", ""updates_support""]",[],True,,gemma3:27b,pseudo_topics_rag_v3_embedding,"[{""review"": ""A very nice, very stylish, creative roguelite bullet-heaven game. The game isn't super long, took me about 6 hours to finish, would probably take about 30 more minutes for 100% of the achievements. The game has full controller support and nice accessibility options for modulating difficulty, not to mention the ability to pick your difficulty less directly within runs as well. The art is great (gives me Cowboy Bebop vibes, can't quite put my finger on why), the music is great, the story (surprised me that there was any!) is basic but touching, the gameplay is somewhat innovative (mixing Necrodancer-style rhythm-combat mechanics with Vampire Survivors-like top-down bullet-heaven combat) and is pretty fun, although it gets a little bit repetitive by the end. I hope there is a bit more exploration of unsteady rhythms if the devs ever make a next entry, there is a lot of leniency in getting 'perfect's here and after a while the consistent rhythm gets pretty second-nature, so it might be nice to see that shaken up. The game lacks polish, but not in any way that truly breaks the experience. It's mostly observed in some unintended behaviours¹, incorrect tooltips, etc. The main thing that diminishes the experience in my opinion is the lack of visual clarity on some levels and with some builds (looking at you, 'Chain projectiles'). I also think it would benefit from some more clarity on how its basic mechanics work (tagging weapons with their damage types, an option to show values in skill descriptions, etc.), the 15 tips on pause help but don't really explain everything (although with how short the experience is and with how not-that-difficult even the later stages are, you won't play for long enough for this lack of knowledge to sour your experience like it probably would in a 100+ hour game). Ah, also, for whatever reason, achievements aren't working at all for me (they don't even show up on the game's page in my library), although that might be Steam's fault. Overall, I'd recommend the game, and also wish the best for the devs in their future endeavours! ¹ = Restarting a run will start you with a random character, including ones that you have not unlocked yet (including the secret 13th, happened on my first death lol). Sometimes the solo that gets activated seems to be random if you have 3 instruments and all have full meter. Using a solo sometimes allows enemies to fire projectiles after all the existing projectiles are cleared, meaning you can get locked into getting hit since you can't move during the solo animation (died to that once :'D). You can actually move during the solo animation, as well as the post-battle \""Kill the music\"" transition, if you were ending a dodge while entering those states. On controller, pausing on the item upgrade screen will pick whatever upgrade you were hovering when the game is unpaused."", ""positive_topics"": [""gameplay"", ""graphics"", ""audio"", ""story"", ""controls"", ""accessibility""], ""negative_topics"": [""gameplay"", ""ui_ux"", ""bugs""], ""score"": 0.7255}, {""review"": ""It looks nice I guess, and has a few interesting ideas, but other than that it's pretty bland when it comes to gameplay. The movement system is kinda unresponsive and individual platforming sections are too short to bring that sweet parkour satisfaction. The story and dialogues straight up suck, and there's too much of them. And the game's definitely too expensive for what it has to offer. For me this title, and the fact that it was signed as an exclusive to epic games for the first year, perfectly shows the halfway point in the slow deterioration of the studio. From a passionate Heart Machine that brought the world Hyper Light Drifter, to the greedy dummies who don't even know what their first game got famous for and are now desperately trying to recreate it to no avail."", ""positive_topics"": [""graphics""], ""negative_topics"": [""gameplay"", ""controls"", ""story"", ""content"", ""value""], ""score"": 0.6455}, {""review"": ""The gameplay is level based and monotonous. its too easy to kite enemys, combat does not feel enjoyable and stealth just doesnt matter, theres very little to craft and half the things you can craft don't seem to do anything worthwhile. the visuals are alright, probably not to most peoples tastes though. I expected something a little darker and a bit gritty, but theres constantly stock music playing in the backround thats reminiscent of android shovelware. theres a few mechanics that seem to do nothing such as bagging corpses and the rage meter, which is basically a stamina bar. tho i have had negative rage before and nothing happened. Even though i only played the first 3 levels I dont wanna play anymore, first impressions are important and this left a sour taste in my mouth. Even though i will be refunding this game I wish the devs better luck on their next one."", ""positive_topics"": [""graphics""], ""negative_topics"": [""gameplay"", ""audio"", ""content"", ""bugs""], ""score"": 0.6414}]",True,matched_target_labels_only,True,
201476332,1574580,pos__accessibility,pos__accessibility,"Strange Horticulture is an exquisitely crafted puzzle and exploration game that invites players into a world where botany meets mystery and folklore. Developed with an evident passion for plants and storytelling, the game offers a deeply atmospheric experience centered around running a curious herb shop in a remote and eerie village. From the moment you step into the shoes of the shopkeeper, Strange Horticulture weaves together the delicate art of plant identification with a compelling narrative that unfolds through cryptic requests, ancient secrets, and supernatural undertones. For players who enjoy slow-burning mysteries, detailed research mechanics, and atmospheric world-building, this game offers a unique and memorable adventure. At its heart, Strange Horticulture tasks players with running an old plant shop where villagers come seeking rare and sometimes bizarre herbs for their ailments or needs. The gameplay revolves around careful observation and deduction: you must examine the physical descriptions and symptoms provided by customers, then match these clues to an ever-growing compendium of plants. This process is intellectually engaging, requiring players to study botanical illustrations, cross-reference characteristics, and make informed decisions under subtle time pressure. Unlike many traditional puzzle games, Strange Horticulture rewards patience and curiosity, allowing you to gradually build knowledge rather than rush through challenges. One of the standout features of the game is its beautifully detailed plant database, which functions as both a tool and a narrative device. Each plant entry is meticulously designed, featuring hand-drawn artwork, botanical descriptions, historical uses, and notes on folklore and mythology. This encyclopedic approach immerses players in a rich world where plants carry meaning beyond their physical properties—some hold mystical powers, others are tied to local legends, and many possess symbolic weight in the unfolding story. The research element feels authentic and satisfying, giving the player a genuine sense of discovery akin to being a scholar or apothecary. The narrative in Strange Horticulture is subtle and layered, revealed gradually through the interactions with villagers, hidden notes, and the enigmatic mysteries surrounding the shop and its surroundings. The game cleverly intertwines folklore and horror, creating an unsettling atmosphere that lingers beneath the surface of its pastoral setting. Each customer’s request and story peel back another layer of the village’s secrets, encouraging players to pay close attention to dialogue and environmental cues. The story doesn’t rely on bombastic twists but rather builds tension through implication and the eerie connections between people and plants, making for an immersive and thought-provoking experience. Visually, the game is a triumph of minimalist design paired with intricate detail. The art style employs muted, earthy tones and finely drawn illustrations that evoke old botanical manuscripts and Victorian-era herbals. This aesthetic choice not only suits the game’s thematic focus but also enhances the mood of quiet mystery and antiquarian charm. The shop interface is clean and intuitive, allowing easy access to plant specimens, notes, and customer requests without overwhelming the player. Subtle animations and environmental details, such as rustling leaves or flickering candlelight, contribute to the ambiance without distracting from the core gameplay. Sound design plays a crucial role in building Strange Horticulture’s immersive atmosphere. The soundtrack consists of gentle, ambient melodies interspersed with natural sounds like wind, birdsong, and distant footsteps, all combining to create a serene yet slightly unsettling backdrop. Audio cues guide players through interactions and heighten moments of revelation or tension. The voice acting, while sparing, is well-executed, lending authenticity to the villagers’ varied personalities and enhancing the narrative depth. While Strange Horticulture excels in atmosphere and intellectual challenge, it may not appeal to all players due to its deliberately slow pace and cerebral focus. The absence of traditional action or urgent gameplay means the experience is more meditative than adrenaline-fueled. Some players might find the reliance on textual clues and botanical details a bit daunting or niche, requiring careful reading and note-taking to progress effectively. Additionally, the game’s open-ended puzzle design can sometimes lead to trial and error, especially for those unfamiliar with botanical terminology, which might disrupt the otherwise smooth flow. Technically, the game is well-optimized and runs smoothly across a variety of hardware. The interface is responsive, and the game’s minimalistic design ensures quick loading times and stable performance. The developers have also included accessibility options such as adjustable text sizes and colorblind modes, demonstrating thoughtful attention to player needs and comfort. In conclusion, Strange Horticulture is a beautifully realized and intellectually stimulating puzzle game that offers a rare blend of botanical scholarship, atmospheric storytelling, and quiet mystery. Its carefully crafted mechanics, evocative art, and immersive sound design combine to create a game that feels both scholarly and hauntingly poetic. While its slow pace and niche subject matter might limit its appeal to more casual or action-oriented players, those who appreciate thoughtful exploration and narrative depth will find Strange Horticulture to be a richly rewarding and unforgettable experience. It stands as a testament to how games can educate and intrigue simultaneously, cultivating a deep appreciation for the natural world and the mysteries hidden within it. Rating: 9/10","[""gameplay"", ""graphics"", ""story"", ""ui_ux"", ""audio"", ""accessibility""]","[""difficulty_balance""]",True,,gemma3:27b,pseudo_topics_rag_v3_embedding,"[{""review"": ""This game has major old school Sims vibes. Like the kind I used to play on the gameboy. No, it isn't solely vet stuff, and I think the extra voluntary missions make this game charming and enjoyable. If you ever get bored doing vet stuff, you can feed some fish, help farmer Harris, or look for hidden puzzle pieces. The tutorial was fun, and I enjoy the quest-based style of this game. If you're looking for something chill that has a lot of charm, this game is great. There are obviously some bugs that could be worked out, but that's to be expected."", ""positive_topics"": [""gameplay"", ""content""], ""negative_topics"": [""bugs""], ""score"": 0.433}, {""review"": ""Much like the global part of ABC Islands, this is Logistical as an idle game, where towns don't consume deliveries so you're free to do them as quickly or slowly as you like. There's still some strategy to the game though, and figuring out the puzzles was fun. A different take on Logistical, that I would recommend to fans of the base game and idle games."", ""positive_topics"": [""gameplay""], ""negative_topics"": [], ""score"": 0.4029}, {""review"": ""If you like puzzle mystery games with a dark story line, this is the game for you! One of my favorites, actually. I've completed it more than once!"", ""positive_topics"": [""gameplay"", ""story"", ""replayability""], ""negative_topics"": [], ""score"": 0.3875}]",True,matched_target_labels_only,True,
49679285,630640,pos__accessibility,pos__accessibility,"This is a Sound Voltex-like crossed with a racing game. Both aspects of the gameplay are woven together incredibly well. There are also a wealth of accessibility options, which is good to see. The dev team is always willing to listen to feedback. Um...Petals is stuck in my head?","[""gameplay"", ""accessibility""]",[],True,,gemma3:27b,pseudo_topics_rag_v3_embedding,"[{""review"": ""This game is a delight. I did have a few issues, in that the enemy placement fells a bit overwhelming and the movable blocks feel a bit hard to interact with, but the game has a really fun sound track and the character is adorable. Edit- I messed up and clicked the button for received for free instead of allow comments, pity my brain for not working"", ""positive_topics"": [""audio"", ""graphics""], ""negative_topics"": [""difficulty_balance"", ""controls""], ""score"": 0.5653}, {""review"": ""This game is deceptively simple to play and has an amazing amount of depth whether its game play, story, art, colors and effects. The amount of bops in the soundtrack is INSANE, its hard not to like all of them. I have seriously considered buying the music from steam. if you are a fan of anime you will adore this game. The voice acting is top notch as well. Also if you are paying attention to the conversations you'll realize there is an incredible amount of foreshadowing in this short game. There are only 3 VERY MINOR things I didn't like in the game. 1. The UI in the home base menu is not really intuitive in my opinion, especially some navigation bits. 2. There are times where I'd like a certain someone to be quiet while I navigate the menu 3. Cant choose tracks to listen to in-game and if multiple muses activate, you cant click on one to play their theme in battle 4th and smallest thing, i just wish the game was longer story wise. Also be warned this game is not a game that you play quickly. each battle is like a mini puzzle that you want to take your time with to end in as little turns as possible. The game is simple but It can be confusing to understand how to actually play cards properly on top of navigation in dungeons. basically as with other roguelites, you are suppose to repeat dungeons until you build enough level to tackle harder ones, but the hidden gem is that you aren't just leveling up or acquiring new cards , you are leveling up your knowledge base of the mechanics which is not quantifiable in game but is absolutely a stat you're increasing. Its a nice game for your brain to be honest. Overall, A+ across the board for me. Play this game if you like anime girls, card games and colors"", ""positive_topics"": [""gameplay"", ""story"", ""graphics"", ""audio""], ""negative_topics"": [""ui_ux"", ""content""], ""score"": 0.5256}, {""review"": ""at first look this game is quite dark and grim, plus pixataled, I am personaly not a fan of that graphic style, but the gameplay mechanics turned out to be quite fun, sometimes it really tests you reflexes, I like the challenge when there are many enemies in a row"", ""positive_topics"": [""gameplay""], ""negative_topics"": [""graphics""], ""score"": 0.5}]",True,matched_target_labels_only,True,
202585949,2608270,pos__accessibility,pos__accessibility,"This game is worth it just to hear the soundtrack. I love the difficulty and anyone who likes challenging top down games like Hotline Miami is going to enjoy this game. There are difficulty options so that everyone can enjoy the game in whatever way they like, including a CUSTOM DIFFICULTY OPTION (No skill issue excuses now, buy it already).","[""audio"", ""difficulty_balance"", ""accessibility"", ""value""]",[],True,,gemma3:27b,pseudo_topics_rag_v3_embedding,"[{""review"": ""The game is really great. I was playing to pass the time and soon I became addicted. The game is very fluid, and the features unlocked before the game starts and between waves add extra fun to the game. Also, the game is extremely cheap, I recommend it to everyone."", ""positive_topics"": [""gameplay"", ""value""], ""negative_topics"": [], ""score"": 0.5808}, {""review"": ""A very nice, very stylish, creative roguelite bullet-heaven game. The game isn't super long, took me about 6 hours to finish, would probably take about 30 more minutes for 100% of the achievements. The game has full controller support and nice accessibility options for modulating difficulty, not to mention the ability to pick your difficulty less directly within runs as well. The art is great (gives me Cowboy Bebop vibes, can't quite put my finger on why), the music is great, the story (surprised me that there was any!) is basic but touching, the gameplay is somewhat innovative (mixing Necrodancer-style rhythm-combat mechanics with Vampire Survivors-like top-down bullet-heaven combat) and is pretty fun, although it gets a little bit repetitive by the end. I hope there is a bit more exploration of unsteady rhythms if the devs ever make a next entry, there is a lot of leniency in getting 'perfect's here and after a while the consistent rhythm gets pretty second-nature, so it might be nice to see that shaken up. The game lacks polish, but not in any way that truly breaks the experience. It's mostly observed in some unintended behaviours¹, incorrect tooltips, etc. The main thing that diminishes the experience in my opinion is the lack of visual clarity on some levels and with some builds (looking at you, 'Chain projectiles'). I also think it would benefit from some more clarity on how its basic mechanics work (tagging weapons with their damage types, an option to show values in skill descriptions, etc.), the 15 tips on pause help but don't really explain everything (although with how short the experience is and with how not-that-difficult even the later stages are, you won't play for long enough for this lack of knowledge to sour your experience like it probably would in a 100+ hour game). Ah, also, for whatever reason, achievements aren't working at all for me (they don't even show up on the game's page in my library), although that might be Steam's fault. Overall, I'd recommend the game, and also wish the best for the devs in their future endeavours! ¹ = Restarting a run will start you with a random character, including ones that you have not unlocked yet (including the secret 13th, happened on my first death lol). Sometimes the solo that gets activated seems to be random if you have 3 instruments and all have full meter. Using a solo sometimes allows enemies to fire projectiles after all the existing projectiles are cleared, meaning you can get locked into getting hit since you can't move during the solo animation (died to that once :'D). You can actually move during the solo animation, as well as the post-battle \""Kill the music\"" transition, if you were ending a dodge while entering those states. On controller, pausing on the item upgrade screen will pick whatever upgrade you were hovering when the game is unpaused."", ""positive_topics"": [""gameplay"", ""graphics"", ""audio"", ""story"", ""controls"", ""accessibility""], ""negative_topics"": [""gameplay"", ""ui_ux"", ""bugs""], ""score"": 0.5799}, {""review"": ""This game is a delight. I did have a few issues, in that the enemy placement fells a bit overwhelming and the movable blocks feel a bit hard to interact with, but the game has a really fun sound track and the character is adorable. Edit- I messed up and clicked the button for received for free instead of allow comments, pity my brain for not working"", ""positive_topics"": [""audio"", ""graphics""], ""negative_topics"": [""difficulty_balance"", ""controls""], ""score"": 0.567}]",True,matched_target_labels_only,True,
17714830,354810,pos__accessibility,pos__accessibility,"When I first saw COATED in the Upcoming section, it looked interesting enough to bookmark for further examination upon release. I'm grown hesitant to actually buy day-of-release games, expecially if no discount is offered. But when I saw the following message on the Store Page, the decision was made: ""If you got a good experience, don't forget to mention that ""Only"" if you've a free moment. But in case you got a bad experience, then you ""MUST"" speak about it, that way you'll get better games next time."" This degree of commitment made the purchase decision easy. And the first few minutes of play indicates that this may just turn out to be a very pleasant game, at a fair price (even without discount.) One thing I've learned is that the most important aspect of any new game is a concerned DEV. I wonder, however, if I'll be the only player to accidentally loose all my save data by simply attempting to exit the OPTIONS screen. I'm not sure that gameplay should be a component of the setup menus. For small children, or their beginner parents wanting to bond, this sort of rage-inducing feature might be a bad idea. If Blind Color is the same as Color Blind, having 2 levels to select for accessibility is a wonderfully kind, as well as marketable, feature. Though COATED is advertised as playable by children, don't be misled. This game is challenging enough to be interesting to gamers of any age or skill level. (I hope to update this review soon.) Thank you.","[""accessibility"", ""value"", ""updates_support""]","[""bugs"", ""gameplay""]",True,,gemma3:27b,pseudo_topics_rag_v3_embedding,"[{""review"": ""I think they are headed in the right direction but in my opinion, it's not really playable and enjoyable yet. The user interface is clunky as best. The Single Player save game mechanics make ZERO sense. Whatever happened to saving a game, giving it a name, and then hitting save? Current interface doesn't make any sense. Map3, the beta map is SO dark inside buildings, even with the brightness turned all the way up. Melee weapons durability is ABYSMAL. Kill 4 zombies and your steel spear is ready to break. Base building is unnecessarily intricate and quite frankly, you darn near have to be a builder to figure it out. 10 minutes in to a game and they throw bandits at you that are, in my opinion way over powered so it becomes a dying simulator and then because the save game mechanics suck, you are are starting fresh with nothing. I see very little developer work in this but a lot of Unreal magic. Houses and building are not even close to scale. It's well on it's way to being another DayZ clone, which is fine, but I would not recommend paying for it TODAY. Wait a year and check back."", ""positive_topics"": [""other""], ""negative_topics"": [""ui_ux"", ""graphics"", ""difficulty_balance"", ""gameplay"", ""value""], ""score"": 0.4892}, {""review"": ""So, You want to buy RoboCritters? -Do you have a local group of 8 friends? -Do you have up to 8 Controllers? -Do you like paying money for a game that has \""online,\"" (but not really?) Then RoboCritters, Is the game for you! I purchased 2 copies of this game, and will be requesting a refund for both games. The \""online play,\"" doesn't work. For those of you who argue, \""The online clearly says BETA.\"" That's true. Although i have the feeling the \""BETA\"" tag is to save the devs any kind of scrutiny when their product doesn't work. Don't advertise your came can play online if it can't. Maybe if the devs actually make their game work ill buy it again. 0/10 - couldn't even mess around by myself locally. meaning i can't even judge the gameplay."", ""positive_topics"": [], ""negative_topics"": [""network_server"", ""multiplayer""], ""score"": 0.4481}, {""review"": ""tbh te game is already dead this is a cash grab they just took the vr version and gave it pc controls it should be free and even then it would suck"", ""positive_topics"": [], ""negative_topics"": [""value"", ""monetization""], ""score"": 0.4457}]",True,matched_target_labels_only,True,
202389219,1627350,pos__accessibility,pos__accessibility,"Fun mix of typing with horror, though it desperately needs a brightness slider. Try the demo to check if you can actually see anything first. I got this on offer through the Bloody Keys bundle, since I already had Blood Typers . I like typing, and typing games, but usually have a very low tolerance for genuinely scary horror. I can handle campy over the top stuff like Blood Typers and the Resident Evil games, but have never been able to get far in games like Amnesia and Phasmophobia . I have gotten all the way through to the first possible ending in Dead Letter Dept , so I think it's safe to say that it's on the lower end of scariness, though there are some slight jump-scares with static and visual effects on the screen. So far none of them have come with a loud noise though, which is usually the bigger problem. I did resort to walking backwards or while facing the floor near the end of the game though, so there might be things I deliberately missed. It's very fun and effective as a typing game, with an accessibility option to turn off cursive writing and an auto-suggest program to make sure you've typed a real address. Expect to have a lower WPM than you would normally manage though. Even if you're fearless, you're probably going to want to stop to read and process some of the things you're typing up. My main complaint is that it needs a brightness slider. I had to turn my monitor's brightness up from 20 to 100 to see anything, when the 20 setting has been perfect for every other game I play and video I watch.","[""gameplay"", ""accessibility""]","[""graphics""]",True,,gemma3:27b,pseudo_topics_rag_v3_embedding,"[{""review"": ""Slick graphics combine with an ominous atmosphere in an everchanging array of creepy nightmarish scenes as you try to discover the mystery behind missing young girl Amy. Very intelligent use of VR to keep you wondering whatever is coming next??? It's difficult to write this review and not give too much away, but a few minutes in and you'll be hooked! It's a dark and immersive experience that has some well executed white knuckle moments. It's a shame about the load times between scenes despite my beefy setup and depending on your exploration time, for the most part it's quite short, so grab it on sale. Great title for horror fans and to scare the wits out of your friends..."", ""positive_topics"": [""graphics"", ""gameplay"", ""content""], ""negative_topics"": [""performance"", ""value""], ""score"": 0.5161}, {""review"": ""I can't recommend this game. Honestly, it's mid! It isn't terrible, but it's also not very good. As a long time BATIM fan, this is one of the most underwhelming sequels I've ever seen. the writing is mediocre, the sound design is erratic at times, and the random lag spikes make it incredibly frustrating to navigate around the cartoon world. The game mechanics themselves are downright infuriating, not to mention the false sense that there may be multiple endings scattered around the game. The mechanic where the ink demon shows up, and you're required to hide, is VERY underwhelming and has almost no sense of actual urgency other than forcing the player to drop everything and find the nearest barrel. The fact that combat stops you from hiding is also incredibly frustrating, and caused multiple unnecessary deaths when I would get ganged up on by lost ones during an inconvenient demon appearance. The visuals and music are, as usual, very good. The consistent designs and stylistic choices are pleasant on the eyes and never get too boring. It's a gorgeous game, I'll give it that! The ending is cheesy and undeserved, it didn't feel nearly as impactful as it was implied to be. The fact that the Big Steve quest can be entirely skipped makes his appearance useless, but the fact that everyone else shows up too just makes it feel like a fix-it fic rather than the ending to a saga. TL;DR - Overall, I give it a 4/10. It's painfully mediocre, and the gameplay far overshadows any meaningful worldbuilding or lore added throughout the entire experience. I recommend watching someone else play this, or just reading the wiki, rather than purchasing it and playing it for yourself. (SPOILERS FOR THE ENDING - but seeing the little baby bendy at the end of the game DID make me squeal with joy, so actually, 10/10 flawless game no notes)"", ""positive_topics"": [""graphics"", ""audio""], ""negative_topics"": [""story"", ""gameplay"", ""performance"", ""audio""], ""score"": 0.5005}, {""review"": ""at first look this game is quite dark and grim, plus pixataled, I am personaly not a fan of that graphic style, but the gameplay mechanics turned out to be quite fun, sometimes it really tests you reflexes, I like the challenge when there are many enemies in a row"", ""positive_topics"": [""gameplay""], ""negative_topics"": [""graphics""], ""score"": 0.4964}]",True,matched_target_labels_only,True,
201785003,2702170,pos__accessibility,pos__accessibility,"My most highly anticipated game of 2025 sure lives up to expectations. I just love all the creativity in creating all the puzzles and metapuzzles. I suppose the game this most reminds me of (other than 20 small mazes) is the Fool's Errand and other games by Cliff Johnson, because both designers have a ton of ingenuity coming up with variations on traditional puzzles you've seen a million times before. I also want to thank the designer for including color-blind options (as well as options for the hearing impaired). There are so many puzzles game I can't play because that's overlooked. Highly recommended.","[""gameplay"", ""accessibility""]",[],True,,gemma3:27b,pseudo_topics_rag_v3_embedding,"[{""review"": ""the puzzles are easy and fun to figure out but the game itself looks like ass. a very short puzzle game that has good puzzles but looks terrible"", ""positive_topics"": [""gameplay""], ""negative_topics"": [""graphics""], ""score"": 0.5123}, {""review"": ""If you like puzzle mystery games with a dark story line, this is the game for you! One of my favorites, actually. I've completed it more than once!"", ""positive_topics"": [""gameplay"", ""story"", ""replayability""], ""negative_topics"": [], ""score"": 0.5077}, {""review"": ""Apart from the beyond fantastic puzzles that captivated me instantly but the story telling is just top-tier. Easily has become one of my favorites."", ""positive_topics"": [""gameplay"", ""story""], ""negative_topics"": [], ""score"": 0.4915}]",True,matched_target_labels_only,True,
34869076,655280,pos__accessibility,pos__accessibility,A realitivly simple arcade game. Its pretty fun. Id described this as something akin to asteroids. It has a well made color blind mode nearly every type of colorblindness.,"[""gameplay"", ""accessibility""]",[],True,,gemma3:27b,pseudo_topics_rag_v3_embedding,"[{""review"": ""This game rules! It's really fun and fast and feels like an arcade game. I hope to discover that there are others like it!"", ""positive_topics"": [""gameplay""], ""negative_topics"": [], ""score"": 0.6299}, {""review"": ""A neat little liminal game/walking simulator. Except for other liminal games such as POOLS, this most reminds me of LSD: Dream Emulator for the PSOne (grab and play that too if you can find it!). PROS: Great atmosphere, runs very well on Steam Deck despite not being verified, tight controls. CONS: Too expensive for the content on offer, a little janky in places."", ""positive_topics"": [""graphics"", ""performance"", ""controls""], ""negative_topics"": [""value"", ""bugs"", ""content""], ""score"": 0.619}, {""review"": ""Neat little boss fighting game. Quite short and easy, but worth it for the little amount of money. Would be cool if they used this as a demo for a bigger game."", ""positive_topics"": [""gameplay"", ""value""], ""negative_topics"": [""difficulty_balance"", ""content""], ""score"": 0.6038}]",True,matched_target_labels_only,True,
202154164,1345860,pos__accessibility,pos__accessibility,Fun and charming. I love the movement. The accessibility options are great too for when my kid is watching. They kept getting stressed out by me constantly falling in lava.,"[""gameplay"", ""accessibility""]",[],True,,gemma3:27b,pseudo_topics_rag_v3_embedding,"[{""review"": ""Interesting locations, beautiful animations and also a very pleasant game to relax after a working day"", ""positive_topics"": [""other""], ""negative_topics"": [], ""score"": 0.5}, {""review"": ""A neat little liminal game/walking simulator. Except for other liminal games such as POOLS, this most reminds me of LSD: Dream Emulator for the PSOne (grab and play that too if you can find it!). PROS: Great atmosphere, runs very well on Steam Deck despite not being verified, tight controls. CONS: Too expensive for the content on offer, a little janky in places."", ""positive_topics"": [""graphics"", ""performance"", ""controls""], ""negative_topics"": [""value"", ""bugs"", ""content""], ""score"": 0.4884}, {""review"": ""The game is really great. I was playing to pass the time and soon I became addicted. The game is very fluid, and the features unlocked before the game starts and between waves add extra fun to the game. Also, the game is extremely cheap, I recommend it to everyone."", ""positive_topics"": [""gameplay"", ""value""], ""negative_topics"": [], ""score"": 0.4457}]",True,matched_target_labels_only,True,
124388436,2145490,pos__accessibility,pos__accessibility,"Casual puzzler that builds on Lit Up foundations. 5 or 6 harder levels but nothing unsolvable. This game features colorblind mode and that is always a big plus. For the asking price you can't go wrong, especially if you like casual puzzles with few twists.","[""gameplay"", ""accessibility"", ""value""]",[],True,,gemma3:27b,pseudo_topics_rag_v3_embedding,"[{""review"": ""the puzzles are easy and fun to figure out but the game itself looks like ass. a very short puzzle game that has good puzzles but looks terrible"", ""positive_topics"": [""gameplay""], ""negative_topics"": [""graphics""], ""score"": 0.5792}, {""review"": ""Really conflicted about this game The first half was really amazing but the level design gets increasingly more annoying as you go on The encounter rate would have really needed some more fine tuning Same goes with the puzzles I love the game but I won't play it further it just feels like the game wants me to waste time on purpose and that's not good level design"", ""positive_topics"": [""gameplay""], ""negative_topics"": [""gameplay"", ""difficulty_balance""], ""score"": 0.5463}, {""review"": ""So far, I’m only playing on Beginner difficulty – the others feel a bit too challenging for me (for now). It’s a pity that multiplayer isn’t active at the moment, but I’m sure the game will be even better once it’s back! The maze-like sections and puzzles are a refreshing addition and really keep things interesting. Honestly, this might be the first platformer I actually finish 😄 Also, the price feels fair – I think it’s definitely worth it. 👍"", ""positive_topics"": [""gameplay"", ""content"", ""value""], ""negative_topics"": [""multiplayer""], ""score"": 0.5357}]",True,matched_target_labels_only,True,
14169345,248800,pos__accessibility,pos__accessibility,"Reviews for the Deaf and Hard of Hearing Overall Rating: 5/10 Gameplay Rating: 4/10 Accessibility Rating: 10/10 Overall rating is a combination of the gameplay (mechanics and story) and accessibility (how the game includes deaf/hoh gamers). General Gameplay Dysfunctional Systems is a graphic novel game that tells its story and involves the gamer in a story that plays out via text and images. You are Winter Harrison, a 14-year-old girl from a utopian world who serves as an interplanar mediator. She finds herself in Sule, a world entering into conflict that she and her mentor, Cyrus, must help resolve. If you're new to graphic novel games, the pacing is slow and story-driven. As these games go, Dysfunctional Systems' episode 1 is a short, simple introduction to the story that, though somewhat involving in its events, leaves the player left short-changed on any real development of character or story. Even so, if you have the money to spare on something you know is incomplete, this game is a small treat that can, in some ways, make up for its brevity. Replayability/Sequels While this episode has a promising start to something that could be interesting, it seems unclear whether or not there will be additional episodes following this one. General Accessibility Accessibility Options Options can be accessed before the game begins, allowing you control of game settings. Music and sound volume are controlled separately and can be muted altogether. The game plays out over text boxes. Text speed, textbox opacity and color, and the ability to skip text are all available options, giving gamers control over the pace of the game. Subtitles & Captions Dysfunctional Systems is captioned completely from beginning to end and the story plays out in text, which does not advance until the gamer decides to do so. Captions include the speaker's name and quotes for directly spoken text. Narrated text is provided without quotes and a name, so I assume it's the main character (Winter) thinking or addressing the gamer directly. The game's captions are very true to spoken word, so any deaf/hoh who do not frequently use English to communicate may find it tedious at times. Chatting/Communicating Dysfunctional Systems is a single player game; no communication/chatting options available. --- Visit Games Reviews for the Deaf/HoH [URL]","[""gameplay"", ""accessibility""]","[""content""]",True,,gemma3:27b,pseudo_topics_rag_v3_embedding,"[{""review"": ""This game is deceptively simple to play and has an amazing amount of depth whether its game play, story, art, colors and effects. The amount of bops in the soundtrack is INSANE, its hard not to like all of them. I have seriously considered buying the music from steam. if you are a fan of anime you will adore this game. The voice acting is top notch as well. Also if you are paying attention to the conversations you'll realize there is an incredible amount of foreshadowing in this short game. There are only 3 VERY MINOR things I didn't like in the game. 1. The UI in the home base menu is not really intuitive in my opinion, especially some navigation bits. 2. There are times where I'd like a certain someone to be quiet while I navigate the menu 3. Cant choose tracks to listen to in-game and if multiple muses activate, you cant click on one to play their theme in battle 4th and smallest thing, i just wish the game was longer story wise. Also be warned this game is not a game that you play quickly. each battle is like a mini puzzle that you want to take your time with to end in as little turns as possible. The game is simple but It can be confusing to understand how to actually play cards properly on top of navigation in dungeons. basically as with other roguelites, you are suppose to repeat dungeons until you build enough level to tackle harder ones, but the hidden gem is that you aren't just leveling up or acquiring new cards , you are leveling up your knowledge base of the mechanics which is not quantifiable in game but is absolutely a stat you're increasing. Its a nice game for your brain to be honest. Overall, A+ across the board for me. Play this game if you like anime girls, card games and colors"", ""positive_topics"": [""gameplay"", ""story"", ""graphics"", ""audio""], ""negative_topics"": [""ui_ux"", ""content""], ""score"": 0.5264}, {""review"": ""Game is really good i give it an AdventNEON thumbs up! It was really fun dashing around as fast as I could, and the boss fights really made me feel like I was in a flash Sonic animation. Sound track is also good, aside from maybe one or two tracks. Didn't really get to listen too much of it in the game because I was too busy trying to dash as fast as I could. A few minor negatives though. Nothing too crazy that spoil the game for me, though It would be nice to have them fixed or ironed out in a potential sequel. -The story itself is alright, nothing too crazy. The game is mostly focused on being, you know, a game. -Sprite are did feel a bit inconsistent, especially when some were drawn at a perspective instead of flat. -There are a couple moments that break the immersion of the game. (Characters moving stiffly on a set path, bullets being shot not lining up with the barrel, sound effect when kicking up specifically stopped playing sometimes, stuff like that.) -Some parts can feel a bit jack to play. I can't remember what specifically, but there were some minor annoyances. (I'm looking at you, gears that I get stuck in during the time stop segments.) -Would've like some of the mechanics to be explained or introduced better as most of the time you are just thrown into them. I was able to catch of pretty easily, but sometimes it took a bit to understand them. -The game is TOO SHORT I WANT TO RUN AROUND MORE. All in all, extremely impressive for a solo dev. I hope we get to see Neon more in the future. Kachow. Also I remember there being some sort of fanart thing where fanart was going to be put in the game unless I'm misremembering things. If it is I would like to redraw mine it's been 4 years. Thanks."", ""positive_topics"": [""gameplay"", ""audio"", ""story"", ""graphics""], ""negative_topics"": [""graphics"", ""audio"", ""gameplay"", ""ui_ux"", ""content""], ""score"": 0.5211}, {""review"": ""I enjoyed the game for a bit, but there are numerous issues that made me stop playing: -Obvious bugs like menu items being incorrect or not working. Most of these are pre-existing bugs from many years ago that were ignored and never fixed. -Translation is actually worse than it used to be. Some item names actually don't make sense anymore. -Some alchemy recipes are listed incorrectly in-game (they take different materials than are listed in the in-game recipe). -Autobattle is too poorly implemented. -There are 2 audio sliders: BGM and VFX. Neither of these affect the voiceover volume which cannot be adjusted or silenced. -The original game came with a strategy guide which listed necessary information for playing the game (like stat requirements for classes.) There is no digital strategy guide, so if you want to play advanced classes you have to use google to look up the requirements. TLDR; Nothing was improved besides the graphics. All bugs and broken behaviors from the original are still there with no fixes."", ""positive_topics"": [""graphics""], ""negative_topics"": [""bugs"", ""localization"", ""gameplay"", ""audio"", ""ui_ux"", ""updates_support""], ""score"": 0.491}]",True,matched_target_labels_only,True,
50922579,944300,pos__accessibility,pos__accessibility,"Byte Driver does everything it says it wants to on the tin. Crazy arcade car racing with lasers and frantic speeds . It uses minimalistic graphics and a lovely soundtrack to go along with the out there style of game play. PROS: Accessibility Options if you hate the screenshake, or the colors get to you. Various other options I didn't test as well that I don't want to confirm but probably work. Boss Fights, Yea I wasn't expecting bosses. Quite fun! The controls work really well on a controller, and with the mouse. I had no issues playing either way. CONS: I could only find the control scheme in the tutorial and it's a cut scene so you need to read fast. You can't change the controls at all. It uses the dial up modem noise. --- All in all. It's a nice and hard retro style racing game. Certainly worth it, and very fun. Also, the soundtrack is worth the extra money.","[""gameplay"", ""graphics"", ""audio"", ""controls"", ""accessibility""]","[""ui_ux""]",True,,gemma3:27b,pseudo_topics_rag_v3_embedding,"[{""review"": ""Lack of tutorial made me feel completely lost. I couldn't navigate well and had a hard time figuring out the controls. Poor graphics and sound design is very obvious and gets boring very fast. Seems like not a lot of work was put into the game. Overall very unsatisfied."", ""positive_topics"": [], ""negative_topics"": [""ui_ux"", ""controls"", ""graphics"", ""audio""], ""score"": 0.6446}, {""review"": ""This game is deceptively simple to play and has an amazing amount of depth whether its game play, story, art, colors and effects. The amount of bops in the soundtrack is INSANE, its hard not to like all of them. I have seriously considered buying the music from steam. if you are a fan of anime you will adore this game. The voice acting is top notch as well. Also if you are paying attention to the conversations you'll realize there is an incredible amount of foreshadowing in this short game. There are only 3 VERY MINOR things I didn't like in the game. 1. The UI in the home base menu is not really intuitive in my opinion, especially some navigation bits. 2. There are times where I'd like a certain someone to be quiet while I navigate the menu 3. Cant choose tracks to listen to in-game and if multiple muses activate, you cant click on one to play their theme in battle 4th and smallest thing, i just wish the game was longer story wise. Also be warned this game is not a game that you play quickly. each battle is like a mini puzzle that you want to take your time with to end in as little turns as possible. The game is simple but It can be confusing to understand how to actually play cards properly on top of navigation in dungeons. basically as with other roguelites, you are suppose to repeat dungeons until you build enough level to tackle harder ones, but the hidden gem is that you aren't just leveling up or acquiring new cards , you are leveling up your knowledge base of the mechanics which is not quantifiable in game but is absolutely a stat you're increasing. Its a nice game for your brain to be honest. Overall, A+ across the board for me. Play this game if you like anime girls, card games and colors"", ""positive_topics"": [""gameplay"", ""story"", ""graphics"", ""audio""], ""negative_topics"": [""ui_ux"", ""content""], ""score"": 0.5674}, {""review"": ""Neat little boss fighting game. Quite short and easy, but worth it for the little amount of money. Would be cool if they used this as a demo for a bigger game."", ""positive_topics"": [""gameplay"", ""value""], ""negative_topics"": [""difficulty_balance"", ""content""], ""score"": 0.5649}]",True,matched_target_labels_only,True,
202722427,3047750,pos__accessibility,pos__accessibility,"This has been on my wishlist, for a complete year, Now that I got to play it I'm happy to report I really enjoyed, I really got attached to my herd despite the short play time. This is not a long game, but a very immersive one. It runed very smoothly on my comptuer, one you get used to the controls and the Calicorn's AI the herd can be led rather easily. It was not as relaxed as I imagined at first, the thoughts of losing a creature did add some tension, which is adding to the immersion. If you want a more relaxed experience you can always adjust the accessibility settings which is always a bonus to me ! I would recommend the game if you are wanting a short, immersive, experience.","[""gameplay"", ""accessibility""]","[""content""]",True,,gemma3:27b,pseudo_topics_rag_v3_embedding,"[{""review"": ""at first look this game is quite dark and grim, plus pixataled, I am personaly not a fan of that graphic style, but the gameplay mechanics turned out to be quite fun, sometimes it really tests you reflexes, I like the challenge when there are many enemies in a row"", ""positive_topics"": [""gameplay""], ""negative_topics"": [""graphics""], ""score"": 0.5263}, {""review"": ""A very nice, very stylish, creative roguelite bullet-heaven game. The game isn't super long, took me about 6 hours to finish, would probably take about 30 more minutes for 100% of the achievements. The game has full controller support and nice accessibility options for modulating difficulty, not to mention the ability to pick your difficulty less directly within runs as well. The art is great (gives me Cowboy Bebop vibes, can't quite put my finger on why), the music is great, the story (surprised me that there was any!) is basic but touching, the gameplay is somewhat innovative (mixing Necrodancer-style rhythm-combat mechanics with Vampire Survivors-like top-down bullet-heaven combat) and is pretty fun, although it gets a little bit repetitive by the end. I hope there is a bit more exploration of unsteady rhythms if the devs ever make a next entry, there is a lot of leniency in getting 'perfect's here and after a while the consistent rhythm gets pretty second-nature, so it might be nice to see that shaken up. The game lacks polish, but not in any way that truly breaks the experience. It's mostly observed in some unintended behaviours¹, incorrect tooltips, etc. The main thing that diminishes the experience in my opinion is the lack of visual clarity on some levels and with some builds (looking at you, 'Chain projectiles'). I also think it would benefit from some more clarity on how its basic mechanics work (tagging weapons with their damage types, an option to show values in skill descriptions, etc.), the 15 tips on pause help but don't really explain everything (although with how short the experience is and with how not-that-difficult even the later stages are, you won't play for long enough for this lack of knowledge to sour your experience like it probably would in a 100+ hour game). Ah, also, for whatever reason, achievements aren't working at all for me (they don't even show up on the game's page in my library), although that might be Steam's fault. Overall, I'd recommend the game, and also wish the best for the devs in their future endeavours! ¹ = Restarting a run will start you with a random character, including ones that you have not unlocked yet (including the secret 13th, happened on my first death lol). Sometimes the solo that gets activated seems to be random if you have 3 instruments and all have full meter. Using a solo sometimes allows enemies to fire projectiles after all the existing projectiles are cleared, meaning you can get locked into getting hit since you can't move during the solo animation (died to that once :'D). You can actually move during the solo animation, as well as the post-battle \""Kill the music\"" transition, if you were ending a dodge while entering those states. On controller, pausing on the item upgrade screen will pick whatever upgrade you were hovering when the game is unpaused."", ""positive_topics"": [""gameplay"", ""graphics"", ""audio"", ""story"", ""controls"", ""accessibility""], ""negative_topics"": [""gameplay"", ""ui_ux"", ""bugs""], ""score"": 0.5099}, {""review"": ""Game is really good i give it an AdventNEON thumbs up! It was really fun dashing around as fast as I could, and the boss fights really made me feel like I was in a flash Sonic animation. Sound track is also good, aside from maybe one or two tracks. Didn't really get to listen too much of it in the game because I was too busy trying to dash as fast as I could. A few minor negatives though. Nothing too crazy that spoil the game for me, though It would be nice to have them fixed or ironed out in a potential sequel. -The story itself is alright, nothing too crazy. The game is mostly focused on being, you know, a game. -Sprite are did feel a bit inconsistent, especially when some were drawn at a perspective instead of flat. -There are a couple moments that break the immersion of the game. (Characters moving stiffly on a set path, bullets being shot not lining up with the barrel, sound effect when kicking up specifically stopped playing sometimes, stuff like that.) -Some parts can feel a bit jack to play. I can't remember what specifically, but there were some minor annoyances. (I'm looking at you, gears that I get stuck in during the time stop segments.) -Would've like some of the mechanics to be explained or introduced better as most of the time you are just thrown into them. I was able to catch of pretty easily, but sometimes it took a bit to understand them. -The game is TOO SHORT I WANT TO RUN AROUND MORE. All in all, extremely impressive for a solo dev. I hope we get to see Neon more in the future. Kachow. Also I remember there being some sort of fanart thing where fanart was going to be put in the game unless I'm misremembering things. If it is I would like to redraw mine it's been 4 years. Thanks."", ""positive_topics"": [""gameplay"", ""audio"", ""story"", ""graphics""], ""negative_topics"": [""graphics"", ""audio"", ""gameplay"", ""ui_ux"", ""content""], ""score"": 0.5091}]",True,matched_target_labels_only,True,
51005832,377500,pos__accessibility,pos__accessibility,"Prismatica is a color theory puzzle game where colors are scrambled and you have to rotate the gears to move the colored tiles around until they are in their appropriate places. This includes their combinations as well (example: If a red and a yellow gear have shared tiles, those tiles will turn orange). There are four total sections, each with a standard and challenge category of 12 puzzles (so there are a total of 48 puzzles that are the same in both standard mode and challenge mode). Standard mode gives you your first of three stars for that level, and challenge mode asks you to finish the same puzzle under a certain number of moves and under a certain amount of time to get the other two stars. I finished the game with all puzzles at three stars in about 11 hours. I definitely enjoyed my time with this game. I think it's great that there is a standard and challenge mode. A nice feature they included is that you don't have to finish both of the challenges at once to get the other two stars. You can focus on one at a time if you would prefer, because once you complete a task it gives you the star. This is much more preferable to having to be conscious of the moves you are making, while still moving as quickly as possible. When it came to the challenges, I felt there were levels that gave you plenty of time/number of moves to complete it, but there were also some others that felt like it didn't give quite enough wiggle room for mistakes. I did find, however, that after moving forward in standard mode, the challenge mode for earlier levels became easier to handle because of the extra practice I had gotten, so I recommend continuing standard or just jumping to a different challenge level if you are having trouble. The game settings are pretty simple, but this isn't really an issue because of the minimalist nature of the game. There is a button to toggle music on and off and another button to toggle sound effects on and off. There is also a colorblind mode that puts symbols over the colors for clearer matching. I ended up muting sound effects because they became a bit irritating to listen to. I kept the music on because it had enough variation and I enjoyed its upbeat nature. The fanfare that comes with completing a level filled me with so much joy and satisfaction. It made working through the puzzles very rewarding. I definitely recommend this game to those who are looking for a short but fun experience that exercises your brain. I felt myself starting to understand the required rotations necessary to move the tiles where I wanted to (In that respect I very much see how the Rubik's Cube inspired them), and at the end of each level I felt accomplished and pleased. Some may feel that the price is a little high with the amount of hours played, so if that's the case go ahead and get it on a sale, but I personally enjoyed the whole experience enough to say it's worth the full price.","[""gameplay"", ""content"", ""accessibility"", ""audio""]","[""difficulty_balance"", ""audio"", ""value""]",True,,gemma3:27b,pseudo_topics_rag_v3_embedding,"[{""review"": ""the puzzles are easy and fun to figure out but the game itself looks like ass. a very short puzzle game that has good puzzles but looks terrible"", ""positive_topics"": [""gameplay""], ""negative_topics"": [""graphics""], ""score"": 0.4161}, {""review"": ""This is a fun single-screen platformer. You must collect a key in each level to progress to the next. You must collect a coin in each level to 100% the achievements. I love the minimalist graphics. Took me just under an hour to complete the game. Thumbs up. Recommended."", ""positive_topics"": [""gameplay"", ""graphics"", ""content""], ""negative_topics"": [], ""score"": 0.4065}, {""review"": ""So far, I’m only playing on Beginner difficulty – the others feel a bit too challenging for me (for now). It’s a pity that multiplayer isn’t active at the moment, but I’m sure the game will be even better once it’s back! The maze-like sections and puzzles are a refreshing addition and really keep things interesting. Honestly, this might be the first platformer I actually finish 😄 Also, the price feels fair – I think it’s definitely worth it. 👍"", ""positive_topics"": [""gameplay"", ""content"", ""value""], ""negative_topics"": [""multiplayer""], ""score"": 0.4052}]",True,matched_target_labels_only,True,
201883172,2005010,pos__accessibility,pos__accessibility,"I always enjoyed it for about 30 minutes per sitting. Any duration after that got repetitive and often annoying, despite how great the presentation was. Don't pay full price. The Good +Skippable splash screens +Four difficulties +Horde mode (survive waves of enemies and bosses) +Tons of options, can rebind everything, adjust UI etc +Display options to increase or decrease pixelation +Accessibility options to include invincibility +Surprisingly colorful, for the most part +Rare cutscenes are well drawn +Good music +Sound is excellent. Love the thumping of movement and bolt weapons. +Autosaves, quicksaves, and manual saves available +Squishy enemies in all levels for power trip +The servoskull has some rare but funny dialog +You can hear when a bolter magazine is nearly empty YMMV ~EULA ~The story makes no sense unless you're familiar with Warhammer ~10-12 hours for a single playthrough ~Servoskull can be distracting, even when set to low duration ~Shotgun's kinda garbage...and it's not bound to #3 ~No map ~HP, armor, weapon powerup, ammo capacity reset after each level ~The rare areas with unexpected instant death mechanics are annoying ~Many combat areas don't provide enough room to dodge well ~Falling in most pits just teleports you to nearest platform ~The angled elevator in chapter 3 was very buggy for me ~The melee attack is needlessly complicated and rather useless ~The dash doesn't work if you're on any kind of incline ~The taunt is great for RP, but pointless otherwise. This, the melee attack, and dash (if it worked on anything other than flat terrain) should have given some kind of buff or health/armor regen if used successfully. The Bad -Gets repetitive quickly, especially the first and third chapters -Game doesn't explain quirks of some weapons -More fog than Turok on the N64. Some can be turned off, but not all -The two charging enemies do ridiculous damage -The two charging enemies are usually unavoidable. Seriously. F those Aspirants. -Bosses are repeated over and over and over and over -Many bosses have infinite annoying trash spawns -Vortex grenades should have their own hotkey -Servoskull's directions are often wrong (deadend, old objective, etc) -One boss had a wall-of-text dialog that there was no chance to read in the middle of combat Played on: Win11Pro, i7-14700K, RTX5060 Ti 16GB, 32GB DDR5-6000 @ 1920x1080 using KB&M Normal difficulty","[""audio"", ""controls"", ""accessibility"", ""graphics""]","[""gameplay"", ""difficulty_balance"", ""bugs"", ""content"", ""ui_ux""]",True,,gemma3:27b,pseudo_topics_rag_v3_embedding,"[{""review"": ""Game is really good i give it an AdventNEON thumbs up! It was really fun dashing around as fast as I could, and the boss fights really made me feel like I was in a flash Sonic animation. Sound track is also good, aside from maybe one or two tracks. Didn't really get to listen too much of it in the game because I was too busy trying to dash as fast as I could. A few minor negatives though. Nothing too crazy that spoil the game for me, though It would be nice to have them fixed or ironed out in a potential sequel. -The story itself is alright, nothing too crazy. The game is mostly focused on being, you know, a game. -Sprite are did feel a bit inconsistent, especially when some were drawn at a perspective instead of flat. -There are a couple moments that break the immersion of the game. (Characters moving stiffly on a set path, bullets being shot not lining up with the barrel, sound effect when kicking up specifically stopped playing sometimes, stuff like that.) -Some parts can feel a bit jack to play. I can't remember what specifically, but there were some minor annoyances. (I'm looking at you, gears that I get stuck in during the time stop segments.) -Would've like some of the mechanics to be explained or introduced better as most of the time you are just thrown into them. I was able to catch of pretty easily, but sometimes it took a bit to understand them. -The game is TOO SHORT I WANT TO RUN AROUND MORE. All in all, extremely impressive for a solo dev. I hope we get to see Neon more in the future. Kachow. Also I remember there being some sort of fanart thing where fanart was going to be put in the game unless I'm misremembering things. If it is I would like to redraw mine it's been 4 years. Thanks."", ""positive_topics"": [""gameplay"", ""audio"", ""story"", ""graphics""], ""negative_topics"": [""graphics"", ""audio"", ""gameplay"", ""ui_ux"", ""content""], ""score"": 0.614}, {""review"": ""A very nice, very stylish, creative roguelite bullet-heaven game. The game isn't super long, took me about 6 hours to finish, would probably take about 30 more minutes for 100% of the achievements. The game has full controller support and nice accessibility options for modulating difficulty, not to mention the ability to pick your difficulty less directly within runs as well. The art is great (gives me Cowboy Bebop vibes, can't quite put my finger on why), the music is great, the story (surprised me that there was any!) is basic but touching, the gameplay is somewhat innovative (mixing Necrodancer-style rhythm-combat mechanics with Vampire Survivors-like top-down bullet-heaven combat) and is pretty fun, although it gets a little bit repetitive by the end. I hope there is a bit more exploration of unsteady rhythms if the devs ever make a next entry, there is a lot of leniency in getting 'perfect's here and after a while the consistent rhythm gets pretty second-nature, so it might be nice to see that shaken up. The game lacks polish, but not in any way that truly breaks the experience. It's mostly observed in some unintended behaviours¹, incorrect tooltips, etc. The main thing that diminishes the experience in my opinion is the lack of visual clarity on some levels and with some builds (looking at you, 'Chain projectiles'). I also think it would benefit from some more clarity on how its basic mechanics work (tagging weapons with their damage types, an option to show values in skill descriptions, etc.), the 15 tips on pause help but don't really explain everything (although with how short the experience is and with how not-that-difficult even the later stages are, you won't play for long enough for this lack of knowledge to sour your experience like it probably would in a 100+ hour game). Ah, also, for whatever reason, achievements aren't working at all for me (they don't even show up on the game's page in my library), although that might be Steam's fault. Overall, I'd recommend the game, and also wish the best for the devs in their future endeavours! ¹ = Restarting a run will start you with a random character, including ones that you have not unlocked yet (including the secret 13th, happened on my first death lol). Sometimes the solo that gets activated seems to be random if you have 3 instruments and all have full meter. Using a solo sometimes allows enemies to fire projectiles after all the existing projectiles are cleared, meaning you can get locked into getting hit since you can't move during the solo animation (died to that once :'D). You can actually move during the solo animation, as well as the post-battle \""Kill the music\"" transition, if you were ending a dodge while entering those states. On controller, pausing on the item upgrade screen will pick whatever upgrade you were hovering when the game is unpaused."", ""positive_topics"": [""gameplay"", ""graphics"", ""audio"", ""story"", ""controls"", ""accessibility""], ""negative_topics"": [""gameplay"", ""ui_ux"", ""bugs""], ""score"": 0.6103}, {""review"": ""This game is deceptively simple to play and has an amazing amount of depth whether its game play, story, art, colors and effects. The amount of bops in the soundtrack is INSANE, its hard not to like all of them. I have seriously considered buying the music from steam. if you are a fan of anime you will adore this game. The voice acting is top notch as well. Also if you are paying attention to the conversations you'll realize there is an incredible amount of foreshadowing in this short game. There are only 3 VERY MINOR things I didn't like in the game. 1. The UI in the home base menu is not really intuitive in my opinion, especially some navigation bits. 2. There are times where I'd like a certain someone to be quiet while I navigate the menu 3. Cant choose tracks to listen to in-game and if multiple muses activate, you cant click on one to play their theme in battle 4th and smallest thing, i just wish the game was longer story wise. Also be warned this game is not a game that you play quickly. each battle is like a mini puzzle that you want to take your time with to end in as little turns as possible. The game is simple but It can be confusing to understand how to actually play cards properly on top of navigation in dungeons. basically as with other roguelites, you are suppose to repeat dungeons until you build enough level to tackle harder ones, but the hidden gem is that you aren't just leveling up or acquiring new cards , you are leveling up your knowledge base of the mechanics which is not quantifiable in game but is absolutely a stat you're increasing. Its a nice game for your brain to be honest. Overall, A+ across the board for me. Play this game if you like anime girls, card games and colors"", ""positive_topics"": [""gameplay"", ""story"", ""graphics"", ""audio""], ""negative_topics"": [""ui_ux"", ""content""], ""score"": 0.5856}]",True,matched_target_labels_only,True,
11505465,315940,pos__localization,pos__localization,"First Try on Top Hat The Video can be found here: [URL] Before recording and writing this review, I have played the game until Level 3-3 on normal mode, which took me about 30 minutes. First off, the options menu is relatively simplistic. You have 3 seperate sliders for audio options. Apart from that you can adjust the screen size(which I would not consider resolution options). Last, but by no means least, you can rebind the controls for keyboard and controller. Going into the game, the first thing I've noticed is that the dialogue is well translated and the jokes came across fairly well. The music is also quite good, the only minor complaint I have is that the looping of the music is a bit clunky. Gameplaywise I have to say that the gunplay(if can call it that way) and the platforming feel nice. The enemy variety and enemy design is simplistic, but it does the job. The bosses so far feel relatively underwhelming(the mechanic of the first one is easy to dodge, the second one is quite tedious to fight), but it might change later on. One thing I'd like to add before coming to the conclusion is that one of the ""selling ponits"" of the game is ""Challenging. Really"". So far I have to say, the game is not that challenging. It is more the case that the game is unforgivable in terms of mistakes. Since there are no savegame slots, you will only have one savegame. Apart from your progress your current lifecount is saved as well, which can end in a mess when you are only on one life bevore hitting a checkpoint. I can imagine that it is getting frustrating when you hit harder levels(or even bossfights) with only one life left. The question I suppose is: Is the game difficult, because it's genuinely difficult, or is it because of design decisions in terms of savepoints, etc? And in the case of top hat, I say, it is ""difficult"" for the wrong reasons. With that out of the way we come to the tl:dr: Is the game worth it? It is not a bad game that is for sure, but as I've stated above, I went about 1/3 through the game within 30 minutes, so you can say that your average playthrough will take you somewhat around 2 hours. And apart from Achievments and a higher difficulty levels there is not much replayability available. With that said, I'd say it's a definite buy at a sale, but if you are desperate for a nice action plattformer, you might consider buying this game even on full price.","[""audio"", ""gameplay"", ""localization""]","[""difficulty_balance"", ""content"", ""performance""]",True,,gemma3:27b,pseudo_topics_rag_v3_embedding,"[{""review"": ""This game is deceptively simple to play and has an amazing amount of depth whether its game play, story, art, colors and effects. The amount of bops in the soundtrack is INSANE, its hard not to like all of them. I have seriously considered buying the music from steam. if you are a fan of anime you will adore this game. The voice acting is top notch as well. Also if you are paying attention to the conversations you'll realize there is an incredible amount of foreshadowing in this short game. There are only 3 VERY MINOR things I didn't like in the game. 1. The UI in the home base menu is not really intuitive in my opinion, especially some navigation bits. 2. There are times where I'd like a certain someone to be quiet while I navigate the menu 3. Cant choose tracks to listen to in-game and if multiple muses activate, you cant click on one to play their theme in battle 4th and smallest thing, i just wish the game was longer story wise. Also be warned this game is not a game that you play quickly. each battle is like a mini puzzle that you want to take your time with to end in as little turns as possible. The game is simple but It can be confusing to understand how to actually play cards properly on top of navigation in dungeons. basically as with other roguelites, you are suppose to repeat dungeons until you build enough level to tackle harder ones, but the hidden gem is that you aren't just leveling up or acquiring new cards , you are leveling up your knowledge base of the mechanics which is not quantifiable in game but is absolutely a stat you're increasing. Its a nice game for your brain to be honest. Overall, A+ across the board for me. Play this game if you like anime girls, card games and colors"", ""positive_topics"": [""gameplay"", ""story"", ""graphics"", ""audio""], ""negative_topics"": [""ui_ux"", ""content""], ""score"": 0.6738}, {""review"": ""Game is really good i give it an AdventNEON thumbs up! It was really fun dashing around as fast as I could, and the boss fights really made me feel like I was in a flash Sonic animation. Sound track is also good, aside from maybe one or two tracks. Didn't really get to listen too much of it in the game because I was too busy trying to dash as fast as I could. A few minor negatives though. Nothing too crazy that spoil the game for me, though It would be nice to have them fixed or ironed out in a potential sequel. -The story itself is alright, nothing too crazy. The game is mostly focused on being, you know, a game. -Sprite are did feel a bit inconsistent, especially when some were drawn at a perspective instead of flat. -There are a couple moments that break the immersion of the game. (Characters moving stiffly on a set path, bullets being shot not lining up with the barrel, sound effect when kicking up specifically stopped playing sometimes, stuff like that.) -Some parts can feel a bit jack to play. I can't remember what specifically, but there were some minor annoyances. (I'm looking at you, gears that I get stuck in during the time stop segments.) -Would've like some of the mechanics to be explained or introduced better as most of the time you are just thrown into them. I was able to catch of pretty easily, but sometimes it took a bit to understand them. -The game is TOO SHORT I WANT TO RUN AROUND MORE. All in all, extremely impressive for a solo dev. I hope we get to see Neon more in the future. Kachow. Also I remember there being some sort of fanart thing where fanart was going to be put in the game unless I'm misremembering things. If it is I would like to redraw mine it's been 4 years. Thanks."", ""positive_topics"": [""gameplay"", ""audio"", ""story"", ""graphics""], ""negative_topics"": [""graphics"", ""audio"", ""gameplay"", ""ui_ux"", ""content""], ""score"": 0.5898}, {""review"": ""Lack of tutorial made me feel completely lost. I couldn't navigate well and had a hard time figuring out the controls. Poor graphics and sound design is very obvious and gets boring very fast. Seems like not a lot of work was put into the game. Overall very unsatisfied."", ""positive_topics"": [], ""negative_topics"": [""ui_ux"", ""controls"", ""graphics"", ""audio""], ""score"": 0.5802}]",True,matched_target_labels_only,True,
134261592,1864530,pos__localization,pos__localization,"Succubi's Trap Dungeon of Seduction is expensive, short, linear and not good, the bare minimum was done here. Good Translation is good. The themes/h-tags are not common and one might overlook some of the bad because it. Bad Dialogue has no header/prefix to indicate who his talking, making reading conversations confusing. Game is short and linear. Bland RPG maker mechanics that have no items or strategy, it just adds unnecessary RNG to the already unnecessary combat, randomly making it feel either too easy or unfair. Maps are poorly designed, they are large, empty and unappealing. Conclusion Succubi's Trap Dungeon of Seduction should have been a simple visual novel, that way they could tell the short story and be done with it. I can't stress enough how the game is also excessively overpriced, this is not worth 12,49€, it would be 1,99€ at best, in the case that you're really into the themes/tags of this h-game, don't spend more than that.","[""localization""]","[""value"", ""content"", ""gameplay"", ""ui_ux"", ""difficulty_balance"", ""graphics""]",True,,gemma3:27b,pseudo_topics_rag_v3_embedding,"[{""review"": ""The story, in my opinion, is too simple, but the gameplay makes a good impression. For such a small price, I recommend it."", ""positive_topics"": [""gameplay"", ""value""], ""negative_topics"": [""story""], ""score"": 0.5209}, {""review"": ""Poor. And overpriced for what it is. The self-proclaimed comparisons to skyrim do it no favours. It's an hour long trek through a standard dungeon setting with nothing much interesting happening. You walk corridors, collect skull collectibles, bash skeletons, jump a few platforms, and that's it. Avoid. EDIT: Just noticed that two of the positive reviewers on this game have only 2 reviews on steam - and their other review is for the other game by this developer. Read into that what you will."", ""positive_topics"": [], ""negative_topics"": [""value"", ""content"", ""gameplay""], ""score"": 0.4792}, {""review"": ""A nice little game, story oriented... Well it is a Visual Novel, so not really a \""game\"" tbh, more of an \""interactive story\"" where you can change the ending. Visuals are pretty nice and the soundtrack is really cool and chill, i really liked it ! It will take about 30min to 1hours to complete, and have Multiple endings. For its price tag, honestly, it is worth !"", ""positive_topics"": [""story"", ""graphics"", ""audio"", ""content"", ""replayability"", ""value""], ""negative_topics"": [], ""score"": 0.4766}]",True,matched_target_labels_only,True,
135608146,1986250,pos__localization,pos__localization,A short but fun game with an excellent translation,"[""gameplay"", ""localization""]",[],True,,gemma3:27b,pseudo_topics_rag_v3_embedding,"[{""review"": ""Pretty decent board game! Fairly simple mechanics that let you have some strategy but also allows for some RNG stuff that can give you a boost. The biggest problem I had with this game was the translation was pretty broken English but I also understand that this is a super small Japanese developer who probably didn't have a lot of money for that to happen professionally. The English is still something that you can parse, it just takes a tad bit of effort sometimes. Still, minor quibble. There is something neat with this game and this dev deserved to finally have a positive review on Steam after a couple years without a single one. I like your game. Thank you."", ""positive_topics"": [""gameplay""], ""negative_topics"": [""localization""], ""score"": 0.6042}, {""review"": ""This game is definitely worth a playthrough! The art is handcrafted and BEAUTIFUL, and the localization allows the Chilean flavor of the game to come through in English without any awkwardness. The action is sharp and engaging. There's an option for two player co-op (and even couch co-op, which is sorely lacking these days!). The difficulty is real, but the combat and upgrade system does allow for building some seriously powerful combos. Especially if the game is on sale, pick it up!"", ""positive_topics"": [""graphics"", ""localization"", ""gameplay"", ""multiplayer"", ""difficulty_balance"", ""value""], ""negative_topics"": [], ""score"": 0.5186}, {""review"": ""BEST GAME IN THE WORLD"", ""positive_topics"": [""other""], ""negative_topics"": [], ""score"": 0.4802}]",True,matched_target_labels_only,True,
142174580,2220690,pos__localization,pos__localization,"Hi. This game is a platformer consisting of the most usual gameplay for this genre. The graphics are made in retro style, the controls are standard (up, down, left, right, jump and interaction button). Good translation into other languages (not like many games, mindless machine translation). There are achievements in the game for those who collect them on Steam. They are given out simply for passing. The story is interesting (in the style of ordinary life of an ordinary person, with ordinary life situations), but the plot itself is not particularly interesting. In general, the game is worthy of attention, but in my opinion, the price is still overpriced.","[""graphics"", ""localization"", ""gameplay""]","[""value"", ""story""]",True,,gemma3:27b,pseudo_topics_rag_v3_embedding,"[{""review"": ""The story, in my opinion, is too simple, but the gameplay makes a good impression. For such a small price, I recommend it."", ""positive_topics"": [""gameplay"", ""value""], ""negative_topics"": [""story""], ""score"": 0.6067}, {""review"": ""This game is definitely worth a playthrough! The art is handcrafted and BEAUTIFUL, and the localization allows the Chilean flavor of the game to come through in English without any awkwardness. The action is sharp and engaging. There's an option for two player co-op (and even couch co-op, which is sorely lacking these days!). The difficulty is real, but the combat and upgrade system does allow for building some seriously powerful combos. Especially if the game is on sale, pick it up!"", ""positive_topics"": [""graphics"", ""localization"", ""gameplay"", ""multiplayer"", ""difficulty_balance"", ""value""], ""negative_topics"": [], ""score"": 0.5815}, {""review"": ""I bought this game a while a go it was on sale. And honestly I just found it very boring. I will never play it again. It just wasn't fun in my opinion."", ""positive_topics"": [], ""negative_topics"": [""gameplay""], ""score"": 0.5792}]",True,matched_target_labels_only,True,
189944549,1184640,pos__localization,pos__localization,"It was an ok game, but very easy while also frustrating. There is no way to skip the tutorial, and even after that the game insists on holding your hand whether you want to or not. Puzzles are extremely easy throughout. HOS are ok, generally well translated, but the ones that are not are extremely confusing. Also, the misclick penalty seems to just be about number of misclicks in a row, with no timer involved. Towards the end of the game, it becomes frustratingly hard for all the wrong reasons. There are hints, but only text ones, and no map indications, so you spend most of your time running around trying to find a person with something new to say, but in most cases, which of the HOS's has reactivated. And for my taste, there were way to many of those, especially compared to the few puzzles. The hints might tell you what to do to meet your objectives, but they tended to point to the wrong ones, while also spoiling the already too easy puzzles. Two of the last few puzzles even had built in backtracking. The story is the usual kind for this kind of game, when it is there at all, but I wasn't expecting much from it. It has an ok base, honestly, but some very bad design choices made it mainly frustrating. The short bit between they stopped telling you what to do before you just had to guess where to go was ok? I honestly can't recommend it, even on sale. Hopefully the devs learn from the experience and get better with time.","[""localization""]","[""difficulty_balance"", ""ui_ux"", ""content"", ""story"", ""gameplay""]",True,,gemma3:27b,pseudo_topics_rag_v3_embedding,"[{""review"": ""Lack of tutorial made me feel completely lost. I couldn't navigate well and had a hard time figuring out the controls. Poor graphics and sound design is very obvious and gets boring very fast. Seems like not a lot of work was put into the game. Overall very unsatisfied."", ""positive_topics"": [], ""negative_topics"": [""ui_ux"", ""controls"", ""graphics"", ""audio""], ""score"": 0.5677}, {""review"": ""Hats off to people who have mastered this game. Think twice before plonking down money for this. Compared to just about any other card game on steam this game relies mainly on the complexity of rules as the main element instead of simple base rules mixed with complexity of card combinations. Card combos can be complex too but you will never really get there unless you invest a lot of time to figuring out the smaller details of mechanics first. Speaking of mechanics - i have done the tutorials many times but i still seem to get myself many times into situations where i don't have the slightest clue to why a certain move cannot be used when i want to. Am i not following the rules or the UI doesnt show me what i can do? i have no idea. I read some guides. lurked the forums. confusion did not clear away. 'Dont do too soon x'. 'Dont try too late y'. very interesting but so confusing. In the end i really dont care if this is the 'best game' on the block for the people who really like card games - and looking at the hours played and positive comments it does seem to be some people's favorite. Entertainmnet value and fun has already been sacrificed here so the praise this game gets from the punishment liking veterans is just lost on me. Fun is essentially zero and thus this game gets the bottom feeder position in my card game library. I am sure it doesnt belong there but i really don't see any way i can bring it up from there either with the ever tightening competition in the card games section on Steam as there ARE very good alternatives if you have played your MtG:s and want to try something else. Technically i have not found anything wrong with the game. It works without crashing and graphics are really nice. Be warned - you dont see the complexity from the trailers. only when you try to actually learn the rules and play. I actually wish i could give a neutral review for this game as i hate to trash it but since it does cost some money and it doesn't really relay the complex nature of it correctly then a negative review it is then."", ""positive_topics"": [""graphics"", ""bugs""], ""negative_topics"": [""gameplay"", ""controls"", ""ui_ux"", ""difficulty_balance"", ""value""], ""score"": 0.5532}, {""review"": ""Game is really good i give it an AdventNEON thumbs up! It was really fun dashing around as fast as I could, and the boss fights really made me feel like I was in a flash Sonic animation. Sound track is also good, aside from maybe one or two tracks. Didn't really get to listen too much of it in the game because I was too busy trying to dash as fast as I could. A few minor negatives though. Nothing too crazy that spoil the game for me, though It would be nice to have them fixed or ironed out in a potential sequel. -The story itself is alright, nothing too crazy. The game is mostly focused on being, you know, a game. -Sprite are did feel a bit inconsistent, especially when some were drawn at a perspective instead of flat. -There are a couple moments that break the immersion of the game. (Characters moving stiffly on a set path, bullets being shot not lining up with the barrel, sound effect when kicking up specifically stopped playing sometimes, stuff like that.) -Some parts can feel a bit jack to play. I can't remember what specifically, but there were some minor annoyances. (I'm looking at you, gears that I get stuck in during the time stop segments.) -Would've like some of the mechanics to be explained or introduced better as most of the time you are just thrown into them. I was able to catch of pretty easily, but sometimes it took a bit to understand them. -The game is TOO SHORT I WANT TO RUN AROUND MORE. All in all, extremely impressive for a solo dev. I hope we get to see Neon more in the future. Kachow. Also I remember there being some sort of fanart thing where fanart was going to be put in the game unless I'm misremembering things. If it is I would like to redraw mine it's been 4 years. Thanks."", ""positive_topics"": [""gameplay"", ""audio"", ""story"", ""graphics""], ""negative_topics"": [""graphics"", ""audio"", ""gameplay"", ""ui_ux"", ""content""], ""score"": 0.5078}]",True,matched_target_labels_only,True,
201353532,1093910,pos__localization,pos__localization,"Despite being a short game, the story is really deep and there are no boring moments. Good translation, atmosphere, pixel art. The characters are really diverse I've experienced slight performance issues in some scenes even with gaming specs, but it's nothing much. The game is worth the price. When it's on sale it feels like a steal","[""story"", ""graphics"", ""localization"", ""value""]","[""performance""]",True,,gemma3:27b,pseudo_topics_rag_v3_embedding,"[{""review"": ""The story, in my opinion, is too simple, but the gameplay makes a good impression. For such a small price, I recommend it."", ""positive_topics"": [""gameplay"", ""value""], ""negative_topics"": [""story""], ""score"": 0.7413}, {""review"": ""A nice little game, story oriented... Well it is a Visual Novel, so not really a \""game\"" tbh, more of an \""interactive story\"" where you can change the ending. Visuals are pretty nice and the soundtrack is really cool and chill, i really liked it ! It will take about 30min to 1hours to complete, and have Multiple endings. For its price tag, honestly, it is worth !"", ""positive_topics"": [""story"", ""graphics"", ""audio"", ""content"", ""replayability"", ""value""], ""negative_topics"": [], ""score"": 0.6948}, {""review"": ""The game is really great. I was playing to pass the time and soon I became addicted. The game is very fluid, and the features unlocked before the game starts and between waves add extra fun to the game. Also, the game is extremely cheap, I recommend it to everyone."", ""positive_topics"": [""gameplay"", ""value""], ""negative_topics"": [], ""score"": 0.635}]",True,matched_target_labels_only,True,
201434854,653950,pos__localization,pos__localization,"For the price, it's really nicely put together and presented. The translation is good. The supernatural element could've been better thought out (the memory manipulation felt contrived and didn't especially make sense to me), and the two girls felt like they were defined by their attractiveness and attraction to the protagonist, with no deeper personality traits. It's a very short VN, so not much space for character development, but the protagonist is one of those 'what girl could possibly like me?' kind of guys who somehow manages to attract not one, but two, utterly devoted, beautiful girls. Overall, it was pleasant enough.","[""value"", ""localization""]","[""story""]",True,,gemma3:27b,pseudo_topics_rag_v3_embedding,"[{""review"": ""Slick graphics combine with an ominous atmosphere in an everchanging array of creepy nightmarish scenes as you try to discover the mystery behind missing young girl Amy. Very intelligent use of VR to keep you wondering whatever is coming next??? It's difficult to write this review and not give too much away, but a few minutes in and you'll be hooked! It's a dark and immersive experience that has some well executed white knuckle moments. It's a shame about the load times between scenes despite my beefy setup and depending on your exploration time, for the most part it's quite short, so grab it on sale. Great title for horror fans and to scare the wits out of your friends..."", ""positive_topics"": [""graphics"", ""gameplay"", ""content""], ""negative_topics"": [""performance"", ""value""], ""score"": 0.5036}, {""review"": ""The story, in my opinion, is too simple, but the gameplay makes a good impression. For such a small price, I recommend it."", ""positive_topics"": [""gameplay"", ""value""], ""negative_topics"": [""story""], ""score"": 0.4713}, {""review"": ""I enjoyed how you piece all the characters lives together to discover the story. Its an enjoyable and relaxing game."", ""positive_topics"": [""story"", ""gameplay""], ""negative_topics"": [], ""score"": 0.4593}]",True,matched_target_labels_only,True,
202263846,1835830,pos__localization,pos__localization,"Dark mahou shoujo eroge that fights aliens in outer space which makes into a very unique setting that somehow works. 🟩 Pros 🟥 Cons ✅Top tier artwork ✅Great OST and voice acting ✅The localization is good, no modern audience/woke/gen z cringe ✅Good story while having a decent pace, starts off slow as a dark nukige with a lot of segs that somewhow becomes distracting but if you let it cook, it'll eventually get deeper. 🟥The deliciousness came in too quickly making you not care too much about the characters at first but they'll eventually grow as the plot moves forward. 🟥Alternative routes are weak Game length ▰▰▰▰▱▱▱▱▱ ~16-20 hours depending on read speed and reading alternative routes I rate 8/10","[""story"", ""audio"", ""localization"", ""graphics""]","[""content""]",True,,gemma3:27b,pseudo_topics_rag_v3_embedding,"[{""review"": ""This game is deceptively simple to play and has an amazing amount of depth whether its game play, story, art, colors and effects. The amount of bops in the soundtrack is INSANE, its hard not to like all of them. I have seriously considered buying the music from steam. if you are a fan of anime you will adore this game. The voice acting is top notch as well. Also if you are paying attention to the conversations you'll realize there is an incredible amount of foreshadowing in this short game. There are only 3 VERY MINOR things I didn't like in the game. 1. The UI in the home base menu is not really intuitive in my opinion, especially some navigation bits. 2. There are times where I'd like a certain someone to be quiet while I navigate the menu 3. Cant choose tracks to listen to in-game and if multiple muses activate, you cant click on one to play their theme in battle 4th and smallest thing, i just wish the game was longer story wise. Also be warned this game is not a game that you play quickly. each battle is like a mini puzzle that you want to take your time with to end in as little turns as possible. The game is simple but It can be confusing to understand how to actually play cards properly on top of navigation in dungeons. basically as with other roguelites, you are suppose to repeat dungeons until you build enough level to tackle harder ones, but the hidden gem is that you aren't just leveling up or acquiring new cards , you are leveling up your knowledge base of the mechanics which is not quantifiable in game but is absolutely a stat you're increasing. Its a nice game for your brain to be honest. Overall, A+ across the board for me. Play this game if you like anime girls, card games and colors"", ""positive_topics"": [""gameplay"", ""story"", ""graphics"", ""audio""], ""negative_topics"": [""ui_ux"", ""content""], ""score"": 0.5444}, {""review"": ""The game is WAAAAY to dark. Really strains my eyes. There isn't much to do besides from going from one point of interest to another... no aliens stalking the player, no creepy caves... Combat is what you would expect from a third person shooter BUT there is no dodge mechanic no abilities... just Run and Gun. ( Granted I only played less than 1 h ). I wanted to like it and even buy it for a friend but I guess it's not for me."", ""positive_topics"": [], ""negative_topics"": [""graphics"", ""gameplay"", ""content""], ""score"": 0.5442}, {""review"": ""at first look this game is quite dark and grim, plus pixataled, I am personaly not a fan of that graphic style, but the gameplay mechanics turned out to be quite fun, sometimes it really tests you reflexes, I like the challenge when there are many enemies in a row"", ""positive_topics"": [""gameplay""], ""negative_topics"": [""graphics""], ""score"": 0.5361}]",True,matched_target_labels_only,True,
202745684,3197710,pos__localization,pos__localization,"lovely art, music, and voice acting. translation is good (insofar as it's well written and compelling, can't speak to accuracy) but has some quirks and minor issues/typos. on the shorter side, but will run for a few hours more at least if you want to listen to all the VO in full. i really enjoyed it.","[""graphics"", ""audio"", ""localization"", ""story""]","[""bugs""]",True,,gemma3:27b,pseudo_topics_rag_v3_embedding,"[{""review"": ""This game is definitely worth a playthrough! The art is handcrafted and BEAUTIFUL, and the localization allows the Chilean flavor of the game to come through in English without any awkwardness. The action is sharp and engaging. There's an option for two player co-op (and even couch co-op, which is sorely lacking these days!). The difficulty is real, but the combat and upgrade system does allow for building some seriously powerful combos. Especially if the game is on sale, pick it up!"", ""positive_topics"": [""graphics"", ""localization"", ""gameplay"", ""multiplayer"", ""difficulty_balance"", ""value""], ""negative_topics"": [], ""score"": 0.5816}, {""review"": ""A nice little game, story oriented... Well it is a Visual Novel, so not really a \""game\"" tbh, more of an \""interactive story\"" where you can change the ending. Visuals are pretty nice and the soundtrack is really cool and chill, i really liked it ! It will take about 30min to 1hours to complete, and have Multiple endings. For its price tag, honestly, it is worth !"", ""positive_topics"": [""story"", ""graphics"", ""audio"", ""content"", ""replayability"", ""value""], ""negative_topics"": [], ""score"": 0.5486}, {""review"": ""A very nice, very stylish, creative roguelite bullet-heaven game. The game isn't super long, took me about 6 hours to finish, would probably take about 30 more minutes for 100% of the achievements. The game has full controller support and nice accessibility options for modulating difficulty, not to mention the ability to pick your difficulty less directly within runs as well. The art is great (gives me Cowboy Bebop vibes, can't quite put my finger on why), the music is great, the story (surprised me that there was any!) is basic but touching, the gameplay is somewhat innovative (mixing Necrodancer-style rhythm-combat mechanics with Vampire Survivors-like top-down bullet-heaven combat) and is pretty fun, although it gets a little bit repetitive by the end. I hope there is a bit more exploration of unsteady rhythms if the devs ever make a next entry, there is a lot of leniency in getting 'perfect's here and after a while the consistent rhythm gets pretty second-nature, so it might be nice to see that shaken up. The game lacks polish, but not in any way that truly breaks the experience. It's mostly observed in some unintended behaviours¹, incorrect tooltips, etc. The main thing that diminishes the experience in my opinion is the lack of visual clarity on some levels and with some builds (looking at you, 'Chain projectiles'). I also think it would benefit from some more clarity on how its basic mechanics work (tagging weapons with their damage types, an option to show values in skill descriptions, etc.), the 15 tips on pause help but don't really explain everything (although with how short the experience is and with how not-that-difficult even the later stages are, you won't play for long enough for this lack of knowledge to sour your experience like it probably would in a 100+ hour game). Ah, also, for whatever reason, achievements aren't working at all for me (they don't even show up on the game's page in my library), although that might be Steam's fault. Overall, I'd recommend the game, and also wish the best for the devs in their future endeavours! ¹ = Restarting a run will start you with a random character, including ones that you have not unlocked yet (including the secret 13th, happened on my first death lol). Sometimes the solo that gets activated seems to be random if you have 3 instruments and all have full meter. Using a solo sometimes allows enemies to fire projectiles after all the existing projectiles are cleared, meaning you can get locked into getting hit since you can't move during the solo animation (died to that once :'D). You can actually move during the solo animation, as well as the post-battle \""Kill the music\"" transition, if you were ending a dodge while entering those states. On controller, pausing on the item upgrade screen will pick whatever upgrade you were hovering when the game is unpaused."", ""positive_topics"": [""gameplay"", ""graphics"", ""audio"", ""story"", ""controls"", ""accessibility""], ""negative_topics"": [""gameplay"", ""ui_ux"", ""bugs""], ""score"": 0.5372}]",True,matched_target_labels_only,True,
202927334,3668560,pos__localization,pos__localization,"Great game and a BIG improvement over the first game. The english translation is good, from start to finish, with some minor errors here and there (Like how during one of Charlotte's encounters, she keeps saying ""Your mother"" when she's actually meant to say ""My mother""). The Art and animations are high quality. The story is more focused than the first game, having a main objective other than to bang everyone (It's like fallout 3 and 4, but with sex). My only gripe with it is that we don't get to play as Ron for long, since he's only there for the prequel story (Past Chapter). Consequently, we don't get to spend much time with Sophia, Olivia and past Margaret.","[""story"", ""graphics"", ""localization""]","[""content""]",True,,gemma3:27b,pseudo_topics_rag_v3_embedding,"[{""review"": ""I really enjoyed this chapter. This is probably my favourite chapter so far, though it has some things holding it back from beating chapter 3, the best chapter. Positives: Best story of the entire series Looks great visually in some areas The new characters are awesome Interesting puzzles Great gameplay mechanics new and old Negatives: Bugs. There were so many at release and some still exists (like one to do with the Doctor's eye on the tv's). The improved story means that there is unskippable dialogue. A marketed character is unutilized and a major character can be a bit disappointing to some. Though great visually at times, it is a downgrade compared to chapter 3. Conclusion: its a great game with flaws. Its not as good as the previous chapter, but better than the first 2. 7.5-8/10"", ""positive_topics"": [""story"", ""graphics"", ""gameplay""], ""negative_topics"": [""bugs"", ""story"", ""graphics""], ""score"": 0.5173}, {""review"": ""I don't normally write reviews and I don't normally play 'Point and Click\"" games but this game is absolutely superb. The story is great with plenty of twists and turns. The art still is 10/10 and the gameplay is interesting and engaging. If you've never played a P&C before, make this your first."", ""positive_topics"": [""story"", ""graphics"", ""gameplay""], ""negative_topics"": [], ""score"": 0.4722}, {""review"": ""This game is definitely worth a playthrough! The art is handcrafted and BEAUTIFUL, and the localization allows the Chilean flavor of the game to come through in English without any awkwardness. The action is sharp and engaging. There's an option for two player co-op (and even couch co-op, which is sorely lacking these days!). The difficulty is real, but the combat and upgrade system does allow for building some seriously powerful combos. Especially if the game is on sale, pick it up!"", ""positive_topics"": [""graphics"", ""localization"", ""gameplay"", ""multiplayer"", ""difficulty_balance"", ""value""], ""negative_topics"": [], ""score"": 0.451}]",True,matched_target_labels_only,True,
203030579,613470,pos__localization,pos__localization,"The Inner World: The Last Wind Monk is a thoughtful and endearing point-and-click adventure that builds on the quirky charm of its predecessor, deepening the narrative and expanding the strange, whimsical world of Asposia. Developed by Studio Fizbin and published by Headup Games, the game offers a blend of clever puzzles, heartfelt storytelling, and richly imaginative world-building that appeals to fans of both classic adventure titles and modern narrative-driven games. While it remains grounded in traditional point-and-click mechanics, The Last Wind Monk excels by infusing its universe with emotional depth, character growth, and a surprising layer of political and philosophical commentary. The story picks up a few years after the events of the first game, once again following Robert, the unlikely hero and flute-nose monk, who has been in hiding since the rise of a fanatical regime bent on eradicating his kind. The antagonist Emil, a populist tyrant, has spread propaganda that blames the flute-noses for Asposia’s past misfortunes. Robert must now team up with returning characters like the spirited Laura and the ever-loyal pigeon Peck to find the mythical last Wind Monk and restore peace. What begins as a whimsical journey soon reveals itself to be a surprisingly poignant tale about intolerance, identity, and the misuse of power. The themes are handled delicately, balancing humor with introspection and satire with sincerity. Visually, The Last Wind Monk is a joy to behold. The hand-drawn art style, filled with odd, soft-edged characters and surreal landscapes, creates a world that feels like a cross between a children’s storybook and a surrealist painting. The environments are packed with detail and personality, from gloomy prison cells to vast underground temples and lively cityscapes. Each area feels distinct and alive, with cleverly designed layouts that encourage exploration and interaction. The animations are smooth and expressive, lending additional character to every NPC and making even minor interactions feel rewarding. The gameplay sticks closely to the genre’s roots, emphasizing item collection, environmental interaction, and puzzle-solving. What sets it apart, however, is the variety introduced through character switching. Players can control Robert, Laura, and Peck at different points, each with their own abilities and perspectives. Peck, for example, can fly into otherwise inaccessible areas, while Laura’s no-nonsense attitude often drives narrative momentum. The puzzles themselves range from simple to delightfully convoluted, often requiring players to combine items in unconventional ways or interpret dialogue clues carefully. At times, puzzle logic may feel obtuse, but the integrated hint system ensures that players who get stuck can move forward without too much frustration. The voice acting and writing deserve particular praise. The English voice cast delivers consistently strong performances, with Robert’s earnestness, Laura’s sarcasm, and Peck’s chirps and squawks all contributing to a warm and often hilarious tone. The dialogue is witty and smart, balancing slapstick humor with deeper philosophical questions. Studio Fizbin has a gift for writing dialogue that’s playful yet meaningful, often masking social commentary beneath layers of absurdity. The localization is excellent, retaining the humor and nuance of the original German version without losing cultural relevance or tone. The Inner World: The Last Wind Monk is not without flaws. Some players might find the pacing a bit slow in certain sections, especially when backtracking through areas or solving particularly complex puzzles. Additionally, while the game expands on the lore of Asposia, it relies heavily on familiarity with the first game—new players might feel slightly lost without having experienced Robert’s original journey. That said, for returning fans or those willing to dive into the world of Asposia from the start, the payoff is rich and rewarding. In conclusion, The Inner World: The Last Wind Monk is a charming and surprisingly poignant adventure that combines the classic appeal of point-and-click gameplay with modern storytelling finesse. Its unique visual style, engaging puzzles, and heartfelt narrative create an experience that’s both whimsical and reflective. It’s a game that dares to be silly while also addressing serious themes, offering a thoughtful commentary on prejudice, fear, and hope in a world that feels just fantastical enough to mirror our own. For players who appreciate narrative-driven adventures with personality, warmth, and just a touch of melancholy, this game is an easy recommendation. Rating: 8/10","[""story"", ""graphics"", ""gameplay"", ""ui_ux"", ""localization""]","[""content""]",True,,gemma3:27b,pseudo_topics_rag_v3_embedding,"[{""review"": ""Gameplay is essentially boring, the plot obscure and the protagonist is an annoying ****. Ymmv ofc."", ""positive_topics"": [], ""negative_topics"": [""gameplay"", ""story""], ""score"": 0.3666}, {""review"": ""I really enjoyed this chapter. This is probably my favourite chapter so far, though it has some things holding it back from beating chapter 3, the best chapter. Positives: Best story of the entire series Looks great visually in some areas The new characters are awesome Interesting puzzles Great gameplay mechanics new and old Negatives: Bugs. There were so many at release and some still exists (like one to do with the Doctor's eye on the tv's). The improved story means that there is unskippable dialogue. A marketed character is unutilized and a major character can be a bit disappointing to some. Though great visually at times, it is a downgrade compared to chapter 3. Conclusion: its a great game with flaws. Its not as good as the previous chapter, but better than the first 2. 7.5-8/10"", ""positive_topics"": [""story"", ""graphics"", ""gameplay""], ""negative_topics"": [""bugs"", ""story"", ""graphics""], ""score"": 0.3632}, {""review"": ""I enjoyed how you piece all the characters lives together to discover the story. Its an enjoyable and relaxing game."", ""positive_topics"": [""story"", ""gameplay""], ""negative_topics"": [], ""score"": 0.3607}]",True,matched_target_labels_only,True,
203091583,3815890,pos__localization,pos__localization,"SO HAPPY IT'S FINALLY ON STEAM!!! AND PLAYABLE ON MAC??? THANK YOU SM <3 The translation is excellent and there are options to change font size and line spacing too. UNCENSORED TOO The list of seiyuus are TOP TIER and they voice a lot of other BL games too :D - Gian - Suzuki Tatsuhisa (Makoto - Free, Ranmaru - Utapri) - Ivan - Hirakawa Daisuke (Rei - Free, Kakyouin - JJKB) - Giulio - Iguchi Yuuichi (Hotarumaru - TKRB) - Bernardo - Yusa Kouji (Harada - Hakuouki, Stanley - Dr Stone) - Luchino - Miki Shinichirou (Hijikata - Hakuouki, Roy - Fullmetal Alchemist)","[""localization"", ""accessibility"", ""audio""]",[],True,,gemma3:27b,pseudo_topics_rag_v3_embedding,"[{""review"": ""Pretty decent board game! Fairly simple mechanics that let you have some strategy but also allows for some RNG stuff that can give you a boost. The biggest problem I had with this game was the translation was pretty broken English but I also understand that this is a super small Japanese developer who probably didn't have a lot of money for that to happen professionally. The English is still something that you can parse, it just takes a tad bit of effort sometimes. Still, minor quibble. There is something neat with this game and this dev deserved to finally have a positive review on Steam after a couple years without a single one. I like your game. Thank you."", ""positive_topics"": [""gameplay""], ""negative_topics"": [""localization""], ""score"": 0.4698}, {""review"": ""This game is deceptively simple to play and has an amazing amount of depth whether its game play, story, art, colors and effects. The amount of bops in the soundtrack is INSANE, its hard not to like all of them. I have seriously considered buying the music from steam. if you are a fan of anime you will adore this game. The voice acting is top notch as well. Also if you are paying attention to the conversations you'll realize there is an incredible amount of foreshadowing in this short game. There are only 3 VERY MINOR things I didn't like in the game. 1. The UI in the home base menu is not really intuitive in my opinion, especially some navigation bits. 2. There are times where I'd like a certain someone to be quiet while I navigate the menu 3. Cant choose tracks to listen to in-game and if multiple muses activate, you cant click on one to play their theme in battle 4th and smallest thing, i just wish the game was longer story wise. Also be warned this game is not a game that you play quickly. each battle is like a mini puzzle that you want to take your time with to end in as little turns as possible. The game is simple but It can be confusing to understand how to actually play cards properly on top of navigation in dungeons. basically as with other roguelites, you are suppose to repeat dungeons until you build enough level to tackle harder ones, but the hidden gem is that you aren't just leveling up or acquiring new cards , you are leveling up your knowledge base of the mechanics which is not quantifiable in game but is absolutely a stat you're increasing. Its a nice game for your brain to be honest. Overall, A+ across the board for me. Play this game if you like anime girls, card games and colors"", ""positive_topics"": [""gameplay"", ""story"", ""graphics"", ""audio""], ""negative_topics"": [""ui_ux"", ""content""], ""score"": 0.4469}, {""review"": ""Shinobi Shift is a first-person game with cyberpunk-style graphics and interesting levels, well done here"", ""positive_topics"": [""graphics"", ""content""], ""negative_topics"": [], ""score"": 0.4358}]",True,matched_target_labels_only,True,
203208041,3478920,pos__localization,pos__localization,"9/10 dating sim Great artwork and animations Story is fun and easy to get through with good translation (mostly) very short (good and bad). Easy to run thru each waifu's story and start another, but overall content may be lacking for some. Give it a shot and enjoy. I hope this dev keeps adding more or makes another title.","[""graphics"", ""story"", ""localization"", ""replayability""]","[""content""]",True,,gemma3:27b,pseudo_topics_rag_v3_embedding,"[{""review"": ""Game is a great Idea the Graphics are pretty Polished but because of how new it is, it is very Dead Server Wise, so I recommend you have friends to play with, because I didn't, 8/10 might buy it again later on"", ""positive_topics"": [""graphics""], ""negative_topics"": [""multiplayer""], ""score"": 0.4412}, {""review"": ""The story, in my opinion, is too simple, but the gameplay makes a good impression. For such a small price, I recommend it."", ""positive_topics"": [""gameplay"", ""value""], ""negative_topics"": [""story""], ""score"": 0.4347}, {""review"": ""yepppp it may take a lot of time, for the story so far i like"", ""positive_topics"": [""story""], ""negative_topics"": [], ""score"": 0.4219}]",True,matched_target_labels_only,True,
24416880,411760,pos__localization,pos__localization,"It looked like a good game. A great art style, had amazing reviews for it, but it just was not for me. If you notice, I didn't play the game very long, and for good reason. The game is really well translated from Russian to English, but the choices didn't really vary. It was either sudden death, which was usually the option I picked, or the other option which ended up being the correct option. No real branching choices. It took me forever to get this game to work on my computer, only for me to be disappointed. The game would be better with more choices for scenarios that didn't just lead to sudden death. I may be just picky though. I'm not upset about how much I spent on this, considering it was on sale for pretty cheap, but I think you should look elsewhere before spending your money on this game.","[""graphics"", ""localization"", ""value""]","[""story"", ""difficulty_balance"", ""performance""]",True,,gemma3:27b,pseudo_topics_rag_v3_embedding,"[{""review"": ""Pretty decent board game! Fairly simple mechanics that let you have some strategy but also allows for some RNG stuff that can give you a boost. The biggest problem I had with this game was the translation was pretty broken English but I also understand that this is a super small Japanese developer who probably didn't have a lot of money for that to happen professionally. The English is still something that you can parse, it just takes a tad bit of effort sometimes. Still, minor quibble. There is something neat with this game and this dev deserved to finally have a positive review on Steam after a couple years without a single one. I like your game. Thank you."", ""positive_topics"": [""gameplay""], ""negative_topics"": [""localization""], ""score"": 0.6721}, {""review"": ""This game is definitely worth a playthrough! The art is handcrafted and BEAUTIFUL, and the localization allows the Chilean flavor of the game to come through in English without any awkwardness. The action is sharp and engaging. There's an option for two player co-op (and even couch co-op, which is sorely lacking these days!). The difficulty is real, but the combat and upgrade system does allow for building some seriously powerful combos. Especially if the game is on sale, pick it up!"", ""positive_topics"": [""graphics"", ""localization"", ""gameplay"", ""multiplayer"", ""difficulty_balance"", ""value""], ""negative_topics"": [], ""score"": 0.5773}, {""review"": ""A nice little game, story oriented... Well it is a Visual Novel, so not really a \""game\"" tbh, more of an \""interactive story\"" where you can change the ending. Visuals are pretty nice and the soundtrack is really cool and chill, i really liked it ! It will take about 30min to 1hours to complete, and have Multiple endings. For its price tag, honestly, it is worth !"", ""positive_topics"": [""story"", ""graphics"", ""audio"", ""content"", ""replayability"", ""value""], ""negative_topics"": [], ""score"": 0.577}]",True,matched_target_labels_only,True,
40821450,771100,pos__localization,pos__localization,"Has potential but is really limited. This is one of those games if you want to call it that where you check in every once in a while and develop more conversation points with the person. I felt I exhausted mostly all the conversation points in less than a half hour of play and than from there it was running into the same conversation points and eventually giving up trying to run into new conversation. The communication is okay but is too repetitive and schedule dependent to be of interest. I think one of the conversations that threw me off went something along the lines of this when I checked in after some time hoping to spawn new conversation points: Hey it's been a while since we've talked. You should ask how was your day. I'm not being pushy or anything ""How was your day?"" Hmm my day let me think, did anything interesting happen? No, but thanks for asking. Pros +Simple to understand +Good translation +Cute anime girl? Cons -Repetitive conversation -Relies on exact entering of key terms and questions to understand - AI understanding just falls short So if you want an ai bot for conversation you can go elsewhere. There are free bots such as cleverbot that has more foundation. This just can't stand well on it's own despite it's anime girl presentation. If it had more dialogue branches and choices than it could be a fun little simulation. I'd say pass on it though. Follow my reviews through my curator at Crim's Humble Opinion","[""localization""]","[""gameplay"", ""content""]",True,,gemma3:27b,pseudo_topics_rag_v3_embedding,"[{""review"": ""doesn´t realy feel like a game, mostly you klick throu endless conversations on which u have no influence, the only choices you can make are with wich person you spend lunchbreakes or a day off. in investigations you have to klick throu all options untill u have all information and its resolved automatically. i was realy excited, but it feels more like you are watching a movie during which you nonstop have to read subtitles."", ""positive_topics"": [], ""negative_topics"": [""gameplay"", ""ui_ux""], ""score"": 0.519}, {""review"": ""This game is deceptively simple to play and has an amazing amount of depth whether its game play, story, art, colors and effects. The amount of bops in the soundtrack is INSANE, its hard not to like all of them. I have seriously considered buying the music from steam. if you are a fan of anime you will adore this game. The voice acting is top notch as well. Also if you are paying attention to the conversations you'll realize there is an incredible amount of foreshadowing in this short game. There are only 3 VERY MINOR things I didn't like in the game. 1. The UI in the home base menu is not really intuitive in my opinion, especially some navigation bits. 2. There are times where I'd like a certain someone to be quiet while I navigate the menu 3. Cant choose tracks to listen to in-game and if multiple muses activate, you cant click on one to play their theme in battle 4th and smallest thing, i just wish the game was longer story wise. Also be warned this game is not a game that you play quickly. each battle is like a mini puzzle that you want to take your time with to end in as little turns as possible. The game is simple but It can be confusing to understand how to actually play cards properly on top of navigation in dungeons. basically as with other roguelites, you are suppose to repeat dungeons until you build enough level to tackle harder ones, but the hidden gem is that you aren't just leveling up or acquiring new cards , you are leveling up your knowledge base of the mechanics which is not quantifiable in game but is absolutely a stat you're increasing. Its a nice game for your brain to be honest. Overall, A+ across the board for me. Play this game if you like anime girls, card games and colors"", ""positive_topics"": [""gameplay"", ""story"", ""graphics"", ""audio""], ""negative_topics"": [""ui_ux"", ""content""], ""score"": 0.4164}, {""review"": ""Pretty decent board game! Fairly simple mechanics that let you have some strategy but also allows for some RNG stuff that can give you a boost. The biggest problem I had with this game was the translation was pretty broken English but I also understand that this is a super small Japanese developer who probably didn't have a lot of money for that to happen professionally. The English is still something that you can parse, it just takes a tad bit of effort sometimes. Still, minor quibble. There is something neat with this game and this dev deserved to finally have a positive review on Steam after a couple years without a single one. I like your game. Thank you."", ""positive_topics"": [""gameplay""], ""negative_topics"": [""localization""], ""score"": 0.4015}]",True,matched_target_labels_only,True,
41589644,762930,pos__localization,pos__localization,"has minori ever made a VN that has no stunning visuals? just to give a little idea of how stunning the visuals are, chapter 1 is 2.58gb in size, 1.1gb of which is just in the backgrounds alone. chapter 2 is 2.28gb in size, 900mb goes to backgrounds. and both chapters have less than 50 backgrounds. how about the chapters themselves? It has got me interested in one sitting (actually two sittings, I had to sleep). translation is great. I don't wanna spoil anything aside that Alice is a miracle of this universe. this is not yet a complete game. there will be 5 chapters for this game and the main dev (minori, not mangagamer) is looking for $350k to fund the next chapter. $230k of which has already been reached as of this writing.","[""graphics"", ""story"", ""localization""]",[],True,,gemma3:27b,pseudo_topics_rag_v3_embedding,"[{""review"": ""I really enjoyed this chapter. This is probably my favourite chapter so far, though it has some things holding it back from beating chapter 3, the best chapter. Positives: Best story of the entire series Looks great visually in some areas The new characters are awesome Interesting puzzles Great gameplay mechanics new and old Negatives: Bugs. There were so many at release and some still exists (like one to do with the Doctor's eye on the tv's). The improved story means that there is unskippable dialogue. A marketed character is unutilized and a major character can be a bit disappointing to some. Though great visually at times, it is a downgrade compared to chapter 3. Conclusion: its a great game with flaws. Its not as good as the previous chapter, but better than the first 2. 7.5-8/10"", ""positive_topics"": [""story"", ""graphics"", ""gameplay""], ""negative_topics"": [""bugs"", ""story"", ""graphics""], ""score"": 0.4523}, {""review"": ""Considering the price? Just not worth it. The Content itself is... ok, i guess. It's just basically another area (that doesnt really add anything either, its just a way to skip a different area in the normal way) with it's own boss, graphics and enemytype - like any other area too. And then theres the additional character, which at least has its own mechanics. It really just adds 1/10 of the content. Buuuuuut... with a DLC thats 30% of the price of the original game, i want at least either of these things: >at least 20%-30% more content, so that you at least pay for what you get - NOPE. >something done really well, thats totally different compared to the original game - NOPE. >something gameplaychanging, if only slightly, that enhances the original game too - NOPE. For like 1-2$ it would be fine. But this price is just too high for the little things you get. With many other DLCs you miss out on some cool stuff, but with this? Meh. For the most playthroughs i dont even use the DLC-part of the game. So i just can't recommend it. It feels like its just a tiny extra that shouldve been included in the original game from the beginning, nothing worth making a DLC out of."", ""positive_topics"": [""content""], ""negative_topics"": [""content"", ""value"", ""monetization""], ""score"": 0.4037}, {""review"": ""This is the most boring, unfinished game I have seen yet. It looks colourful on the store page, but my god how boring it is. I hate to write negative reviews, but there's no excuse for this kind of shoddy junk."", ""positive_topics"": [], ""negative_topics"": [""gameplay""], ""score"": 0.4017}]",True,matched_target_labels_only,True,
48984715,593540,pos__localization,pos__localization,"Good casual game with very simple resource and time management. I hope see more games of this series on steam. Enjoyable cute art and story like a fairy tale. The Brazil portuguese translation is good and nothing to complain. Recommended if you like the theme and look for a casual relax game. Played on Manjaro Linux, without any problem found.","[""story"", ""graphics"", ""localization"", ""value""]",[],True,,gemma3:27b,pseudo_topics_rag_v3_embedding,"[{""review"": ""This game is definitely worth a playthrough! The art is handcrafted and BEAUTIFUL, and the localization allows the Chilean flavor of the game to come through in English without any awkwardness. The action is sharp and engaging. There's an option for two player co-op (and even couch co-op, which is sorely lacking these days!). The difficulty is real, but the combat and upgrade system does allow for building some seriously powerful combos. Especially if the game is on sale, pick it up!"", ""positive_topics"": [""graphics"", ""localization"", ""gameplay"", ""multiplayer"", ""difficulty_balance"", ""value""], ""negative_topics"": [], ""score"": 0.6237}, {""review"": ""Pretty decent board game! Fairly simple mechanics that let you have some strategy but also allows for some RNG stuff that can give you a boost. The biggest problem I had with this game was the translation was pretty broken English but I also understand that this is a super small Japanese developer who probably didn't have a lot of money for that to happen professionally. The English is still something that you can parse, it just takes a tad bit of effort sometimes. Still, minor quibble. There is something neat with this game and this dev deserved to finally have a positive review on Steam after a couple years without a single one. I like your game. Thank you."", ""positive_topics"": [""gameplay""], ""negative_topics"": [""localization""], ""score"": 0.6043}, {""review"": ""The game is really great. I was playing to pass the time and soon I became addicted. The game is very fluid, and the features unlocked before the game starts and between waves add extra fun to the game. Also, the game is extremely cheap, I recommend it to everyone."", ""positive_topics"": [""gameplay"", ""value""], ""negative_topics"": [], ""score"": 0.5613}]",True,matched_target_labels_only,True,
49066374,923900,pos__localization,pos__localization,"A fantastic VN with a very high production value. Kinda blown away with the music in it, as there are several theme and ending songs with full vocals and a wide variety of music types. The story is extremely well done and unique (I have 100+ VNs and nothing even similar to this one), and the voice work is top notch. The translation is generally good. There are a number of spelling errors, but the tone and flow of the English language translation is good and sounds very natural. Overall; the localization team for English did an excellent job. My only complaint is that skipping text to complete all of the endings is very tedious, as the skipping feature is stopped every scene change, where the screen fades out and back in, or where the chapter animations are. This is a minor complaint, but it did add significant time to the acquisition of all endings. I recommend saving at every decision branch to facilitate completion of all of the endings. Also; Litona is adorable and Aco is amazing. I need an altruistic magical girl and sassy A.I. irl asap.","[""story"", ""audio"", ""graphics"", ""localization""]","[""ui_ux""]",True,,gemma3:27b,pseudo_topics_rag_v3_embedding,"[{""review"": ""A nice little game, story oriented... Well it is a Visual Novel, so not really a \""game\"" tbh, more of an \""interactive story\"" where you can change the ending. Visuals are pretty nice and the soundtrack is really cool and chill, i really liked it ! It will take about 30min to 1hours to complete, and have Multiple endings. For its price tag, honestly, it is worth !"", ""positive_topics"": [""story"", ""graphics"", ""audio"", ""content"", ""replayability"", ""value""], ""negative_topics"": [], ""score"": 0.5356}, {""review"": ""Pretty decent board game! Fairly simple mechanics that let you have some strategy but also allows for some RNG stuff that can give you a boost. The biggest problem I had with this game was the translation was pretty broken English but I also understand that this is a super small Japanese developer who probably didn't have a lot of money for that to happen professionally. The English is still something that you can parse, it just takes a tad bit of effort sometimes. Still, minor quibble. There is something neat with this game and this dev deserved to finally have a positive review on Steam after a couple years without a single one. I like your game. Thank you."", ""positive_topics"": [""gameplay""], ""negative_topics"": [""localization""], ""score"": 0.5137}, {""review"": ""A very nice, very stylish, creative roguelite bullet-heaven game. The game isn't super long, took me about 6 hours to finish, would probably take about 30 more minutes for 100% of the achievements. The game has full controller support and nice accessibility options for modulating difficulty, not to mention the ability to pick your difficulty less directly within runs as well. The art is great (gives me Cowboy Bebop vibes, can't quite put my finger on why), the music is great, the story (surprised me that there was any!) is basic but touching, the gameplay is somewhat innovative (mixing Necrodancer-style rhythm-combat mechanics with Vampire Survivors-like top-down bullet-heaven combat) and is pretty fun, although it gets a little bit repetitive by the end. I hope there is a bit more exploration of unsteady rhythms if the devs ever make a next entry, there is a lot of leniency in getting 'perfect's here and after a while the consistent rhythm gets pretty second-nature, so it might be nice to see that shaken up. The game lacks polish, but not in any way that truly breaks the experience. It's mostly observed in some unintended behaviours¹, incorrect tooltips, etc. The main thing that diminishes the experience in my opinion is the lack of visual clarity on some levels and with some builds (looking at you, 'Chain projectiles'). I also think it would benefit from some more clarity on how its basic mechanics work (tagging weapons with their damage types, an option to show values in skill descriptions, etc.), the 15 tips on pause help but don't really explain everything (although with how short the experience is and with how not-that-difficult even the later stages are, you won't play for long enough for this lack of knowledge to sour your experience like it probably would in a 100+ hour game). Ah, also, for whatever reason, achievements aren't working at all for me (they don't even show up on the game's page in my library), although that might be Steam's fault. Overall, I'd recommend the game, and also wish the best for the devs in their future endeavours! ¹ = Restarting a run will start you with a random character, including ones that you have not unlocked yet (including the secret 13th, happened on my first death lol). Sometimes the solo that gets activated seems to be random if you have 3 instruments and all have full meter. Using a solo sometimes allows enemies to fire projectiles after all the existing projectiles are cleared, meaning you can get locked into getting hit since you can't move during the solo animation (died to that once :'D). You can actually move during the solo animation, as well as the post-battle \""Kill the music\"" transition, if you were ending a dodge while entering those states. On controller, pausing on the item upgrade screen will pick whatever upgrade you were hovering when the game is unpaused."", ""positive_topics"": [""gameplay"", ""graphics"", ""audio"", ""story"", ""controls"", ""accessibility""], ""negative_topics"": [""gameplay"", ""ui_ux"", ""bugs""], ""score"": 0.5097}]",True,matched_target_labels_only,True,
49467621,906300,pos__localization,pos__localization,"Under One Wing is a Visual Novel that really reminded me of ""If my Heart had Wings"", with the same kind of Setting and everything. This one had a few advantages though cause you get a very good Translation and Voice Acting which makes every VN just a lot better. I also really enjoy the Art and if you play with the R18 Patch you really not only get a good amount of Fanservice, but it really improves the Romance Aspect of this Game. They did a great Job with the Personalities and the Relationships with the Girls. I am sure that you will enjoy all the different Girls and that there will be one that you are going to like the most. Back to the Story, you enroll in a School, where everyone flighs with their Planes and have the Luck that the Dorm you stay in only has cute Girls. Together with them you participate in Flight Battles. If you are interested in World War 2 planes, or planes in general this VN will be perfect for you, but even if you arent especially looking for that, but a great Romance Story, then you will also really enjoy this Game. It really just is like ""If my Heart had Wings"" just that you dont need the Community Patch to make it great. It isnt perfect for sure, but it is really enjoyable and if you have a thing for Romance Stories and cute Girls you will really enjoy it. Overall i would give it a 9/10 since it really does a lot right. Check out my Currator Page: [URL]","[""story"", ""graphics"", ""audio"", ""localization""]",[],True,,gemma3:27b,pseudo_topics_rag_v3_embedding,"[{""review"": ""A really fun choose your own adventure game with a lot of choice for anyone wanting to play a morally interesting character. I loved the relationships you could build. The only thing I didn't like was the statblock as it was a bit confusing. I recomend this game to anyone wanting a magical based lgbt friendly school game, it's hella good."", ""positive_topics"": [""gameplay"", ""story"", ""content""], ""negative_topics"": [""ui_ux""], ""score"": 0.4788}, {""review"": ""game's a fun tactical shooter, with scuffed movement, fields, way too open at times and an enemy armor system that often furstrated me. but overall, the game's fun and really makes you feel like a tactical mastermind at times. that being said, the polar regions map, is one I disencourage people to play, it's both too small and lacking in chackpoints. overall, yeah I'd recommend the game, but be warned, it requires concentration."", ""positive_topics"": [""gameplay""], ""negative_topics"": [""gameplay"", ""difficulty_balance"", ""content""], ""score"": 0.4679}, {""review"": ""This game is deceptively simple to play and has an amazing amount of depth whether its game play, story, art, colors and effects. The amount of bops in the soundtrack is INSANE, its hard not to like all of them. I have seriously considered buying the music from steam. if you are a fan of anime you will adore this game. The voice acting is top notch as well. Also if you are paying attention to the conversations you'll realize there is an incredible amount of foreshadowing in this short game. There are only 3 VERY MINOR things I didn't like in the game. 1. The UI in the home base menu is not really intuitive in my opinion, especially some navigation bits. 2. There are times where I'd like a certain someone to be quiet while I navigate the menu 3. Cant choose tracks to listen to in-game and if multiple muses activate, you cant click on one to play their theme in battle 4th and smallest thing, i just wish the game was longer story wise. Also be warned this game is not a game that you play quickly. each battle is like a mini puzzle that you want to take your time with to end in as little turns as possible. The game is simple but It can be confusing to understand how to actually play cards properly on top of navigation in dungeons. basically as with other roguelites, you are suppose to repeat dungeons until you build enough level to tackle harder ones, but the hidden gem is that you aren't just leveling up or acquiring new cards , you are leveling up your knowledge base of the mechanics which is not quantifiable in game but is absolutely a stat you're increasing. Its a nice game for your brain to be honest. Overall, A+ across the board for me. Play this game if you like anime girls, card games and colors"", ""positive_topics"": [""gameplay"", ""story"", ""graphics"", ""audio""], ""negative_topics"": [""ui_ux"", ""content""], ""score"": 0.4662}]",True,matched_target_labels_only,True,
54783224,1122810,pos__localization,pos__localization,"Really enjoying it so far. As in the description it feels a lot like playing a space/sci-fi version of Advanced war. The battles/scenarios are fun, the ship design ability is interesting and it's really well-written and pretty well translated considering it's (I assume) a small Chinese development team. One downside is that the tutorials don't really explain all the systems that well but you'll figure out things through trial and error and you don't waste a lot of time because of any misunderstandings. Made a recording of my first 40 or so minutes with the game here. [URL] Will try make another video showing the ship design stuff later.","[""gameplay"", ""value"", ""localization""]","[""ui_ux""]",True,,gemma3:27b,pseudo_topics_rag_v3_embedding,"[{""review"": ""Pretty decent board game! Fairly simple mechanics that let you have some strategy but also allows for some RNG stuff that can give you a boost. The biggest problem I had with this game was the translation was pretty broken English but I also understand that this is a super small Japanese developer who probably didn't have a lot of money for that to happen professionally. The English is still something that you can parse, it just takes a tad bit of effort sometimes. Still, minor quibble. There is something neat with this game and this dev deserved to finally have a positive review on Steam after a couple years without a single one. I like your game. Thank you."", ""positive_topics"": [""gameplay""], ""negative_topics"": [""localization""], ""score"": 0.6729}, {""review"": ""The game is really great. I was playing to pass the time and soon I became addicted. The game is very fluid, and the features unlocked before the game starts and between waves add extra fun to the game. Also, the game is extremely cheap, I recommend it to everyone."", ""positive_topics"": [""gameplay"", ""value""], ""negative_topics"": [], ""score"": 0.6388}, {""review"": ""This game is definitely worth a playthrough! The art is handcrafted and BEAUTIFUL, and the localization allows the Chilean flavor of the game to come through in English without any awkwardness. The action is sharp and engaging. There's an option for two player co-op (and even couch co-op, which is sorely lacking these days!). The difficulty is real, but the combat and upgrade system does allow for building some seriously powerful combos. Especially if the game is on sale, pick it up!"", ""positive_topics"": [""graphics"", ""localization"", ""gameplay"", ""multiplayer"", ""difficulty_balance"", ""value""], ""negative_topics"": [], ""score"": 0.5977}]",True,matched_target_labels_only,True,
65593844,937490,pos__localization,pos__localization,"A pretty good horror VN. The English was pretty much flawless and very well translated, and the voice actors were awesome. This, combined with the fitting soundtrack, made the VN a pleasant experience. I don't scare very easily at all, but there were one or two moments where things got a bit eerie. Despite not being terrified while sitting on the edge of my seat, the presentation was enough to keep me engaged and interested. Recommend picking it up on sale as I did, as I don't think it's worth the money for the price it is currently at due to the short length and minimalistic content. But it is worth a read for sure.","[""audio"", ""localization""]","[""value"", ""content""]",True,,gemma3:27b,pseudo_topics_rag_v3_embedding,"[{""review"": ""solid horror VN with an excellent soundtrack"", ""positive_topics"": [""audio""], ""negative_topics"": [], ""score"": 0.645}, {""review"": ""Slick graphics combine with an ominous atmosphere in an everchanging array of creepy nightmarish scenes as you try to discover the mystery behind missing young girl Amy. Very intelligent use of VR to keep you wondering whatever is coming next??? It's difficult to write this review and not give too much away, but a few minutes in and you'll be hooked! It's a dark and immersive experience that has some well executed white knuckle moments. It's a shame about the load times between scenes despite my beefy setup and depending on your exploration time, for the most part it's quite short, so grab it on sale. Great title for horror fans and to scare the wits out of your friends..."", ""positive_topics"": [""graphics"", ""gameplay"", ""content""], ""negative_topics"": [""performance"", ""value""], ""score"": 0.6269}, {""review"": ""very interesting mix of a couple other horror titles cant wait try with some friends and to see where it goes"", ""positive_topics"": [""multiplayer""], ""negative_topics"": [], ""score"": 0.6092}]",True,matched_target_labels_only,True,
93380870,924780,pos__localization,pos__localization,"A cute and engaging otome game, set during a cat princess's diplomatic visit to a human kingdom in a time when there is still some contention between the two races. The story switches focus back and forth between a budding romance and the more serious sociopolitical issues faced as the princess struggles to do what is best for her people. The English translation is excellent, the characters endearing, and the humor delightful. I have played it through once so far and enjoyed it immensely. There is of course replay value as well, there being two routes you can experience (or a mix thereof). Learning that this is a stand-alone entry in a game series I expect I'll be trying more titles from this developer in future.","[""story"", ""localization"", ""value"", ""replayability""]",[],True,,gemma3:27b,pseudo_topics_rag_v3_embedding,"[{""review"": ""This game is definitely worth a playthrough! The art is handcrafted and BEAUTIFUL, and the localization allows the Chilean flavor of the game to come through in English without any awkwardness. The action is sharp and engaging. There's an option for two player co-op (and even couch co-op, which is sorely lacking these days!). The difficulty is real, but the combat and upgrade system does allow for building some seriously powerful combos. Especially if the game is on sale, pick it up!"", ""positive_topics"": [""graphics"", ""localization"", ""gameplay"", ""multiplayer"", ""difficulty_balance"", ""value""], ""negative_topics"": [], ""score"": 0.5065}, {""review"": ""Pretty decent board game! Fairly simple mechanics that let you have some strategy but also allows for some RNG stuff that can give you a boost. The biggest problem I had with this game was the translation was pretty broken English but I also understand that this is a super small Japanese developer who probably didn't have a lot of money for that to happen professionally. The English is still something that you can parse, it just takes a tad bit of effort sometimes. Still, minor quibble. There is something neat with this game and this dev deserved to finally have a positive review on Steam after a couple years without a single one. I like your game. Thank you."", ""positive_topics"": [""gameplay""], ""negative_topics"": [""localization""], ""score"": 0.502}, {""review"": ""Decent word game with a superfluous timer. Feels juicy to play. The control scheme for the game is fun, and so is having the same controls in the menu. Also, the rosettes were pretty. Slight misgivings: ESC cancels out of the entire three-stage level, so you have to do it again; and the game absolutely hates alt-tab. And the game features some offputting play-forever achievements."", ""positive_topics"": [""gameplay"", ""controls"", ""graphics""], ""negative_topics"": [""controls"", ""bugs""], ""score"": 0.4829}]",True,matched_target_labels_only,True,
29364589,545130,neg__network_server,neg__network_server,"Good game, have extremely bad latency problems however, my laptop is far beyond the recommended specifications to run this game, would be nice for this to be fixed asap. Also game attempts to instal each time on start up saying performing first time start up. This happens for over 10 minutes each startup even when game has already been installed and downloaded. Great game other than how slow it runs on my laptop and the annoying instal feature. Will struggle to play until these problems have a solution.","[""gameplay""]","[""performance"", ""network_server""]",True,,gemma3:27b,pseudo_topics_rag_v3_embedding,"[{""review"": ""It runs terribly and looks awful. For a solo development, it is pretty cool but as a game that I paid $$ for, it is a failure. Take this over to itch.io for some help and feedback. [URL]"", ""positive_topics"": [], ""negative_topics"": [""performance"", ""graphics"", ""value""], ""score"": 0.5711}, {""review"": ""Developer: Fix your game! I couldn't even navigate in the menu because the amount of lag. The loading time was awful and the game froze just from me to trying to put the settings LOWER. How would you expect me to start the game and actually try to play this if the menu doesn't even work? Can't recommend this to anybody."", ""positive_topics"": [], ""negative_topics"": [""ui_ux"", ""performance"", ""bugs""], ""score"": 0.545}, {""review"": ""This Game, THIS... game, you can only enjoy it if you spend 12 hours a day playing it and become a pro, if not, like me, and like every other normal person, this game is pure trash, it's full of hackers, they are not afraid to show it, the d-sync is terrible, you can be behind the wall and still get shot, the aiming animations are a disaster, and you cant even hit 60 FpS if you dont have a powerful computer. If you want to become a pro in this game rather than in CsGo or other MUCH better shooter games, then, download this game, i personally don´t recommend this game"", ""positive_topics"": [], ""negative_topics"": [""difficulty_balance"", ""multiplayer"", ""network_server"", ""graphics"", ""performance""], ""score"": 0.5103}]",True,matched_target_labels_only,True,
115678760,1946590,neg__network_server,neg__network_server,is an interesting game for me but always have connection problem and sometimes i cannot proceed the stage after clearing,[],"[""network_server"", ""bugs""]",True,,gemma3:27b,pseudo_topics_rag_v3_embedding,"[{""review"": ""this game sucks. Played it for 11 min and I never wanna play again that's for sure"", ""positive_topics"": [], ""negative_topics"": [""other""], ""score"": 0.4745}, {""review"": ""This game no longer works, QR Code & web-link used to join games on your phone is no longer functioning"", ""positive_topics"": [], ""negative_topics"": [""bugs"", ""network_server""], ""score"": 0.4648}, {""review"": ""have never been able to play any of these scenarios no refund issued BAD BAD BAD"", ""positive_topics"": [], ""negative_topics"": [""bugs"", ""value""], ""score"": 0.4502}]",True,matched_target_labels_only,True,
201598930,3024040,neg__network_server,neg__network_server,"I love Stronghold Crusader, having played a TON of it in childhood and adulthood. As games go, it's meant a lot to me over the years. There are good things about this game, but overall, it's not worth your $25. FireFly are doing what they do, trying to grab your cash while coasting on nostalgia and dwindling goodwill. The updated artwork is more detailed, but not all of it looks better. Most of it looks great, but some of it looks very bad. Certain animations are choppy or otherwise look odd. Multiplayer seems to work fine, though there are latency issues that are unacceptable for a modern RTS of this price. I'll note that in the first co-op trail scenario, my cousin and I encountered a glitch where our troops couldn't pass through our gatehouses. How something that fundamental gets screwed up on a remaster, I don't know. Edited after playing a little more.","[""gameplay""]","[""graphics"", ""monetization"", ""network_server"", ""bugs"", ""value""]",True,,gemma3:27b,pseudo_topics_rag_v3_embedding,"[{""review"": ""A very nice, very stylish, creative roguelite bullet-heaven game. The game isn't super long, took me about 6 hours to finish, would probably take about 30 more minutes for 100% of the achievements. The game has full controller support and nice accessibility options for modulating difficulty, not to mention the ability to pick your difficulty less directly within runs as well. The art is great (gives me Cowboy Bebop vibes, can't quite put my finger on why), the music is great, the story (surprised me that there was any!) is basic but touching, the gameplay is somewhat innovative (mixing Necrodancer-style rhythm-combat mechanics with Vampire Survivors-like top-down bullet-heaven combat) and is pretty fun, although it gets a little bit repetitive by the end. I hope there is a bit more exploration of unsteady rhythms if the devs ever make a next entry, there is a lot of leniency in getting 'perfect's here and after a while the consistent rhythm gets pretty second-nature, so it might be nice to see that shaken up. The game lacks polish, but not in any way that truly breaks the experience. It's mostly observed in some unintended behaviours¹, incorrect tooltips, etc. The main thing that diminishes the experience in my opinion is the lack of visual clarity on some levels and with some builds (looking at you, 'Chain projectiles'). I also think it would benefit from some more clarity on how its basic mechanics work (tagging weapons with their damage types, an option to show values in skill descriptions, etc.), the 15 tips on pause help but don't really explain everything (although with how short the experience is and with how not-that-difficult even the later stages are, you won't play for long enough for this lack of knowledge to sour your experience like it probably would in a 100+ hour game). Ah, also, for whatever reason, achievements aren't working at all for me (they don't even show up on the game's page in my library), although that might be Steam's fault. Overall, I'd recommend the game, and also wish the best for the devs in their future endeavours! ¹ = Restarting a run will start you with a random character, including ones that you have not unlocked yet (including the secret 13th, happened on my first death lol). Sometimes the solo that gets activated seems to be random if you have 3 instruments and all have full meter. Using a solo sometimes allows enemies to fire projectiles after all the existing projectiles are cleared, meaning you can get locked into getting hit since you can't move during the solo animation (died to that once :'D). You can actually move during the solo animation, as well as the post-battle \""Kill the music\"" transition, if you were ending a dodge while entering those states. On controller, pausing on the item upgrade screen will pick whatever upgrade you were hovering when the game is unpaused."", ""positive_topics"": [""gameplay"", ""graphics"", ""audio"", ""story"", ""controls"", ""accessibility""], ""negative_topics"": [""gameplay"", ""ui_ux"", ""bugs""], ""score"": 0.5266}, {""review"": ""I think they are headed in the right direction but in my opinion, it's not really playable and enjoyable yet. The user interface is clunky as best. The Single Player save game mechanics make ZERO sense. Whatever happened to saving a game, giving it a name, and then hitting save? Current interface doesn't make any sense. Map3, the beta map is SO dark inside buildings, even with the brightness turned all the way up. Melee weapons durability is ABYSMAL. Kill 4 zombies and your steel spear is ready to break. Base building is unnecessarily intricate and quite frankly, you darn near have to be a builder to figure it out. 10 minutes in to a game and they throw bandits at you that are, in my opinion way over powered so it becomes a dying simulator and then because the save game mechanics suck, you are are starting fresh with nothing. I see very little developer work in this but a lot of Unreal magic. Houses and building are not even close to scale. It's well on it's way to being another DayZ clone, which is fine, but I would not recommend paying for it TODAY. Wait a year and check back."", ""positive_topics"": [""other""], ""negative_topics"": [""ui_ux"", ""graphics"", ""difficulty_balance"", ""gameplay"", ""value""], ""score"": 0.5001}, {""review"": ""While I thought at first they were trying to implement some form of Hunger Games / Battle Royale - szenario into the Deadfire world, it turns out to be a boring arena throwing waves of enemies at you. There is nothing new or groundbreaking about it, aside from those tedious fights, its a bunch of side quests and a few of those scripted encounters. I wouldnt recommend it at all."", ""positive_topics"": [], ""negative_topics"": [""gameplay"", ""content""], ""score"": 0.4753}]",True,matched_target_labels_only,True,
202161839,1874880,neg__network_server,neg__network_server,"The idea is great but the game and engine is ass, servers are just constants lagging from god knows where. BTW arguing with a game Dev for this game will get you banned. Un-fucking-believable! I though they would be better than that. SMH",[],"[""performance"", ""network_server"", ""other""]",True,,gemma3:27b,pseudo_topics_rag_v3_embedding,"[{""review"": ""Game is a great Idea the Graphics are pretty Polished but because of how new it is, it is very Dead Server Wise, so I recommend you have friends to play with, because I didn't, 8/10 might buy it again later on"", ""positive_topics"": [""graphics""], ""negative_topics"": [""multiplayer""], ""score"": 0.5334}, {""review"": ""Besides the fact of complete emptyness and just playing with bot it's really a great game if more people played it'll be better, way better"", ""positive_topics"": [""gameplay""], ""negative_topics"": [""multiplayer""], ""score"": 0.4876}, {""review"": ""This Game, THIS... game, you can only enjoy it if you spend 12 hours a day playing it and become a pro, if not, like me, and like every other normal person, this game is pure trash, it's full of hackers, they are not afraid to show it, the d-sync is terrible, you can be behind the wall and still get shot, the aiming animations are a disaster, and you cant even hit 60 FpS if you dont have a powerful computer. If you want to become a pro in this game rather than in CsGo or other MUCH better shooter games, then, download this game, i personally don´t recommend this game"", ""positive_topics"": [], ""negative_topics"": [""difficulty_balance"", ""multiplayer"", ""network_server"", ""graphics"", ""performance""], ""score"": 0.4607}]",True,matched_target_labels_only,True,
30131602,216150,neg__network_server,neg__network_server,"DO NOT PLAY THIS GAME IF YOU DO NOT LIKE DOING REPTITIVE THINGS, LAG, UNSTABLE SERVERS, CRASHING OF THE GAME 30% OF THE TIME, MISJUDGEMENT OF GAME MASTERS. The reason I have only 0.1 hours is because I use the game launcher. The game has lost so much ever since I came back to it. I remember back in the days when party questing was live, I was always looking forward to party questing with other people but now they took the fun out of it. In party quest areas, you may find like 1 or 2 peeps, that is not enough to get you into one, and they may be 80% be afk They may try to attract you to the game by putting up events but it really is not worth it. Try another game. Plus Game Masters look investigater and suspend/ban legit players who report real hackers and let the hackers roam while they put the legit players on the ground for a month. It is just absurd, they are taking the very incentive that makes us report hackers, to get them banned. The community is pretty much dead as well. If you are looking to play, don't, you will just be wasting your time as have I. -I got banned for no reason. I was not using any illegal programs nor was I violating any policy. I have been playing all day and suiciding on purpose to not over level so I could play with someone while I look for some equipments. I am greatly disatisfied with this suspension as there are real hackers that I see on the server and I am always reporting them when I see them, but instead, I am the one that gets falsely accused by the program. This is unfair not just to me but the whole community as well. People who do not use illegal programs, such as myself, getting banned while the real ones stay botting or w.e., this is to be not treaded lightly. Their customer service is not implemented well, when asked to provide information on why I was banned, all I got was ""I understand that this is very upsetting, but any evidence obtained by Nexon is proprietary and we will not be able to release that information."" and they would change the subject towards abiding the Terms of Services before playing the game. These gamemasters would keep saying that they had checked their evidence and would pass judgement on me by banning me but when they are asked to provide the evidence, they would avoid it (I believe they randomly ban people, that is why they do not hand out proof on why people get banned). Every response mentioned insisted that I should have read the Terms of Services and that I should commit to the agreement before I play. As to my knowledge, I have never broken any of those rules, I have gone through the list that they gave me multiple times and still unable to acknowledge the ban because I have never broke any of thoe terms and conducts they have provided. In addition, my time and effort put into leveling up my characters as fast as possible is labeled as leveling exploit (I was leveling so fast because I was strong and using the 1.5x/2x they gave us and the buffs that came with the event). I basically got banned for leveling up too fast, and when I tried to appeal, they ignored my requests and gave me no proof; I bet they did not want to admit that they banned the wrong person. In conclusion, I realized that they do not give a rat's ass about what we have to say. If these Gamemasters were judges, I am pretty sure they would pass the wrong judgements upon people such as letting the bad ones stay in society; meanwhile, caging the good ones in jail. If you are looking into this game, keep in mind that you have no voice in what-so-ever.",[],"[""performance"", ""bugs"", ""network_server"", ""monetization"", ""updates_support"", ""multiplayer"", ""ui_ux""]",True,,gemma3:27b,pseudo_topics_rag_v3_embedding,"[{""review"": ""Wonderful game! If you like Old School Runescape then this is a game for you! Plenty to grind and friends to be made. The thing i like most about this game is that all levels are important, so if join late or not able to play all the time. The game still makes you feel important and has meaning progression."", ""positive_topics"": [""gameplay"", ""multiplayer"", ""content"", ""replayability""], ""negative_topics"": [], ""score"": 0.5002}, {""review"": ""This Game, THIS... game, you can only enjoy it if you spend 12 hours a day playing it and become a pro, if not, like me, and like every other normal person, this game is pure trash, it's full of hackers, they are not afraid to show it, the d-sync is terrible, you can be behind the wall and still get shot, the aiming animations are a disaster, and you cant even hit 60 FpS if you dont have a powerful computer. If you want to become a pro in this game rather than in CsGo or other MUCH better shooter games, then, download this game, i personally don´t recommend this game"", ""positive_topics"": [], ""negative_topics"": [""difficulty_balance"", ""multiplayer"", ""network_server"", ""graphics"", ""performance""], ""score"": 0.4883}, {""review"": ""The game is WAAAAY to dark. Really strains my eyes. There isn't much to do besides from going from one point of interest to another... no aliens stalking the player, no creepy caves... Combat is what you would expect from a third person shooter BUT there is no dodge mechanic no abilities... just Run and Gun. ( Granted I only played less than 1 h ). I wanted to like it and even buy it for a friend but I guess it's not for me."", ""positive_topics"": [], ""negative_topics"": [""graphics"", ""gameplay"", ""content""], ""score"": 0.4732}]",True,matched_target_labels_only,True,
202664015,635260,neg__network_server,neg__network_server,"Me, trying to tandem with someone for the first time: ""Alright, just gotta get close and maintain the angle... nice and smooth..."" The other driver: Immediately disconnects",[],"[""multiplayer"", ""network_server""]",True,,gemma3:27b,pseudo_topics_rag_v3_embedding,[],True,matched_target_labels_only,True,
84757816,731250,neg__network_server,neg__network_server,"To be honest the game is really very good and cool, it's well simples and still it's in development but has a good purpose of becoming the game better and fun, more than now they ''the devs'' decided that game will be free so may help make the game more accessible and popular between all players of worldside, i like the way how the developers of game are very friendly and helpful when need, i wish good luck to the devs and hope game will become more famous and more playble on future 9/10 i hope too that devs be sure to make/create a server in America Latina since im Brazilian and it's needing have this, thanks","[""gameplay"", ""accessibility"", ""updates_support""]","[""network_server""]",True,,gemma3:27b,pseudo_topics_rag_v3_embedding,"[{""review"": ""This game is definitely worth a playthrough! The art is handcrafted and BEAUTIFUL, and the localization allows the Chilean flavor of the game to come through in English without any awkwardness. The action is sharp and engaging. There's an option for two player co-op (and even couch co-op, which is sorely lacking these days!). The difficulty is real, but the combat and upgrade system does allow for building some seriously powerful combos. Especially if the game is on sale, pick it up!"", ""positive_topics"": [""graphics"", ""localization"", ""gameplay"", ""multiplayer"", ""difficulty_balance"", ""value""], ""negative_topics"": [], ""score"": 0.5455}, {""review"": ""Game is a great Idea the Graphics are pretty Polished but because of how new it is, it is very Dead Server Wise, so I recommend you have friends to play with, because I didn't, 8/10 might buy it again later on"", ""positive_topics"": [""graphics""], ""negative_topics"": [""multiplayer""], ""score"": 0.5261}, {""review"": ""Pretty decent board game! Fairly simple mechanics that let you have some strategy but also allows for some RNG stuff that can give you a boost. The biggest problem I had with this game was the translation was pretty broken English but I also understand that this is a super small Japanese developer who probably didn't have a lot of money for that to happen professionally. The English is still something that you can parse, it just takes a tad bit of effort sometimes. Still, minor quibble. There is something neat with this game and this dev deserved to finally have a positive review on Steam after a couple years without a single one. I like your game. Thank you."", ""positive_topics"": [""gameplay""], ""negative_topics"": [""localization""], ""score"": 0.5048}]",True,matched_target_labels_only,True,
30190210,555570,neg__network_server,neg__network_server,Server always has crash and disconnect problem. Rent a server but can't even play more than a minute because of the disconection problem.,[],"[""network_server"", ""bugs""]",True,,gemma3:27b,pseudo_topics_rag_v3_embedding,"[{""review"": ""It keeps crashing. It gets to 95% then stays there for 5 minutes. Then it just crashes... It worked when I first downloaded the game, but on turn 7 it crashed, and I couldn't get back to my saved game nor a new game... I verified the files, uninstalled and reinstalled, but nothing worked. I asked some friends about this, and most said they refunded too."", ""positive_topics"": [], ""negative_topics"": [""bugs"", ""performance""], ""score"": 0.5226}, {""review"": ""have never been able to play any of these scenarios no refund issued BAD BAD BAD"", ""positive_topics"": [], ""negative_topics"": [""bugs"", ""value""], ""score"": 0.4673}, {""review"": ""Game crashed three times while trying to play it. That's as much as I plan to fool with it for a free game I was given in apology over another game. Can't say I got to play it too much because of all the trouble, so take that as you will. [URL] Here's some video of what it looks like played if you're interested, or read the other reviews. Here's the error my Steam now has (going to have to reboot) where it thinks the game is still running but it's not. [URL] It's not a huge thing - I just gotta reboot but it illustrates the issues."", ""positive_topics"": [], ""negative_topics"": [""bugs""], ""score"": 0.4559}]",True,matched_target_labels_only,True,
201516704,1604270,neg__network_server,neg__network_server,"TL;DR: Unique multiplayer, but rough around the edges. Cheaters are everywhere, the anti-cheat is as real as winning a war against a weak neighbor country in one month, and both MMR and netcode feel like they were coded by interns on their first day. Matches are long, unbalanced, and full of quitters, which is more of a design flaw than a player issue. Single player is not worth touching. Updates arrive slowly, marketed as “meaningful,” but usually fix little while breaking something else. Buy it on sale, know exactly what hole you are jumping into, and you might have some fun. Just do not expect anything close to polished or professional. Buy it for the multiplayer only, and train yourself to turn off half your brain, since rush B is always the meta. There is no real anti-cheat, so cheaters are as common as mosquitoes in summer. It got so bad that the developers had to lock the cheater report thread on Discord because they could not keep up and it was making the game, and some regions of the world, look even worse. MMR is broken, the netcode is unreliable, and it shows. Matches can last 45 minutes or more, there is no option to forfeit, and players quit constantly. The developers keep saying they will punish quitters, but the problem is not the players, it is the design. Matchmaking is sloppy, balance is inconsistent, and the so called rock paper scissors mechanic rarely applies in practice. People are not leaving because they are bad, they are leaving because nobody wants to waste nearly an hour, including the lobby and matchmaking wait, on a match that is doomed from the start. I have played over 100 matches without quitting, the only times I disconnected were due to crashes or connection issues, which is just another headache. That being said, there is nothing else quite like it. WARNO might come close in gameplay, but its community is probably just as questionable. Single player is the comedy act nobody asked for. You cannot save mid mission, some missions take hours, and the AI is both dumb and omniscient at the same time. It feels like fighting a wallhack bot that still makes terrible decisions. Funny to watch, awful to play, and definitely not worth the effort. The game goes on sale often. I pre ordered the Vanguard Edition, refunded it on launch day, and bought the Standard Edition for 20 percent less the same day. No regrets there. When it works, which is maybe 50 to 60 percent of the time, it is genuinely fun. The rest of the time you are just spinning the wheel of crashes, ragequits, and hackers. Do I recommend it? Yes, but only on sale and only if you keep your expectations in check. Go in expecting a smooth experience and you will end up saltier than the BA mods on Discord. PS: I also wrote a guide on how to quit the game, since the quit button itself usually does not work.","[""gameplay""]","[""multiplayer"", ""network_server"", ""bugs"", ""difficulty_balance"", ""performance"", ""ui_ux"", ""value""]",True,,gemma3:27b,pseudo_topics_rag_v3_embedding,"[{""review"": ""This Game, THIS... game, you can only enjoy it if you spend 12 hours a day playing it and become a pro, if not, like me, and like every other normal person, this game is pure trash, it's full of hackers, they are not afraid to show it, the d-sync is terrible, you can be behind the wall and still get shot, the aiming animations are a disaster, and you cant even hit 60 FpS if you dont have a powerful computer. If you want to become a pro in this game rather than in CsGo or other MUCH better shooter games, then, download this game, i personally don´t recommend this game"", ""positive_topics"": [], ""negative_topics"": [""difficulty_balance"", ""multiplayer"", ""network_server"", ""graphics"", ""performance""], ""score"": 0.4887}, {""review"": ""You'll prolly have to join a Discord or play with friends for consistent matches but it's a good game with the majority if not all of the cast being usable if not just actually good. Plus it's the 2.X version which wasn't originally released on consoles"", ""positive_topics"": [""gameplay""], ""negative_topics"": [""multiplayer""], ""score"": 0.4846}, {""review"": ""The game is WAAAAY to dark. Really strains my eyes. There isn't much to do besides from going from one point of interest to another... no aliens stalking the player, no creepy caves... Combat is what you would expect from a third person shooter BUT there is no dodge mechanic no abilities... just Run and Gun. ( Granted I only played less than 1 h ). I wanted to like it and even buy it for a friend but I guess it's not for me."", ""positive_topics"": [], ""negative_topics"": [""graphics"", ""gameplay"", ""content""], ""score"": 0.4762}]",True,matched_target_labels_only,True,
29747876,470040,neg__network_server,neg__network_server,No EU servers. Why?,[],"[""network_server""]",True,,gemma3:27b,pseudo_topics_rag_v3_embedding,"[{""review"": ""Waste of time. Probably the most unintuitive game I've ever purchased. Multiplayer options only, and just about every server rejected my request to join. Thankfully, Steam accepted my request for a refund."", ""positive_topics"": [], ""negative_topics"": [""ui_ux"", ""network_server"", ""value""], ""score"": 0.4287}, {""review"": ""i see no difference on my fsx?! maybe few mountains got updated in america (which is not whole world!!!!!!), but mountain above my home city in europe is exactly the same as default... i got cheated! and i know steam wont return my money..."", ""positive_topics"": [], ""negative_topics"": [""value"", ""content""], ""score"": 0.3535}, {""review"": ""I realy love this game played a alpha version years ago on the Gamescon in Germany"", ""positive_topics"": [""other""], ""negative_topics"": [], ""score"": 0.3108}]",True,matched_target_labels_only,True,
202809356,1249970,neg__network_server,neg__network_server,Online only ruins this game for me. I cant even play the game right now. Login failed login failed login failed login failed......... I verified files uninstalled reinstall restarted pc went to bed turned 30 years old woke up had a kid ive tried everything and i cant play the game... dont even bother,[],"[""network_server""]",True,,gemma3:27b,pseudo_topics_rag_v3_embedding,"[{""review"": ""This game no longer works, QR Code & web-link used to join games on your phone is no longer functioning"", ""positive_topics"": [], ""negative_topics"": [""bugs"", ""network_server""], ""score"": 0.5369}, {""review"": ""Developer: Fix your game! I couldn't even navigate in the menu because the amount of lag. The loading time was awful and the game froze just from me to trying to put the settings LOWER. How would you expect me to start the game and actually try to play this if the menu doesn't even work? Can't recommend this to anybody."", ""positive_topics"": [], ""negative_topics"": [""ui_ux"", ""performance"", ""bugs""], ""score"": 0.4984}, {""review"": ""Game crashed three times while trying to play it. That's as much as I plan to fool with it for a free game I was given in apology over another game. Can't say I got to play it too much because of all the trouble, so take that as you will. [URL] Here's some video of what it looks like played if you're interested, or read the other reviews. Here's the error my Steam now has (going to have to reboot) where it thinks the game is still running but it's not. [URL] It's not a huge thing - I just gotta reboot but it illustrates the issues."", ""positive_topics"": [], ""negative_topics"": [""bugs""], ""score"": 0.4923}]",True,matched_target_labels_only,True,
113196619,1792010,neg__network_server,neg__network_server,Imagine getting kicked from the server in the middle of a PUZZLE game,[],"[""network_server""]",True,,gemma3:27b,pseudo_topics_rag_v3_embedding,"[{""review"": ""the puzzles are easy and fun to figure out but the game itself looks like ass. a very short puzzle game that has good puzzles but looks terrible"", ""positive_topics"": [""gameplay""], ""negative_topics"": [""graphics""], ""score"": 0.4131}, {""review"": ""doesn´t realy feel like a game, mostly you klick throu endless conversations on which u have no influence, the only choices you can make are with wich person you spend lunchbreakes or a day off. in investigations you have to klick throu all options untill u have all information and its resolved automatically. i was realy excited, but it feels more like you are watching a movie during which you nonstop have to read subtitles."", ""positive_topics"": [], ""negative_topics"": [""gameplay"", ""ui_ux""], ""score"": 0.387}, {""review"": ""Besides the fact of complete emptyness and just playing with bot it's really a great game if more people played it'll be better, way better"", ""positive_topics"": [""gameplay""], ""negative_topics"": [""multiplayer""], ""score"": 0.3851}]",True,matched_target_labels_only,True,
9279049,48160,neg__network_server,neg__network_server,"cant play game, ubisoft closed the servers, so why are you still selling the game if you cant play it any at all, royally pissed off",[],"[""network_server"", ""value""]",True,,gemma3:27b,pseudo_topics_rag_v3_embedding,"[{""review"": ""Shit game like always. Not even worth getting payed to play it. Cant imagine how anybody could create this pile of steaming dump and be proud of himself. If EA would close today forever, I could finally sleep at night."", ""positive_topics"": [], ""negative_topics"": [""value""], ""score"": 0.534}, {""review"": ""Waste of time. Probably the most unintuitive game I've ever purchased. Multiplayer options only, and just about every server rejected my request to join. Thankfully, Steam accepted my request for a refund."", ""positive_topics"": [], ""negative_topics"": [""ui_ux"", ""network_server"", ""value""], ""score"": 0.5199}, {""review"": ""have never been able to play any of these scenarios no refund issued BAD BAD BAD"", ""positive_topics"": [], ""negative_topics"": [""bugs"", ""value""], ""score"": 0.4978}]",True,matched_target_labels_only,True,
203177716,2523720,neg__network_server,neg__network_server,"The game feels smooth and polished at first, but the longer I play, the more it becomes clear it’s just another cash grab. The Microsoft account login issue should’ve been fixed the moment players started reporting it. Multiplayer can be fun if you luck into randoms, but most of the time matchmaking throws you against sweaty, over-leveled parties in the 20–40 rank range. They go all out for no reason—gatekeeping special weapons and spawn camping rank 0–10 teams—which completely kills the experience. Matchmaking clearly needs a rework, but let’s be real: it’s not going to happen. Save your money.","[""performance""]","[""monetization"", ""network_server"", ""multiplayer"", ""value""]",True,,gemma3:27b,pseudo_topics_rag_v3_embedding,"[{""review"": ""Waste of time. Probably the most unintuitive game I've ever purchased. Multiplayer options only, and just about every server rejected my request to join. Thankfully, Steam accepted my request for a refund."", ""positive_topics"": [], ""negative_topics"": [""ui_ux"", ""network_server"", ""value""], ""score"": 0.5237}, {""review"": ""Terrible, terrible game. It is horrendously imbalanced. Every random encounter is a life-or-death situation because all your characters are always very low on health. There's nowhere to heal and virtually no items to use to heal yourself with. I bought this game despite some of the bad reviews because it was only $0.80. Don't make the same mistake I did. Take that $0.80 and swallow it. You'll get a lot more enjoyment out of passing coins the following day than you will by playing this game."", ""positive_topics"": [], ""negative_topics"": [""difficulty_balance"", ""content"", ""value""], ""score"": 0.4643}, {""review"": ""I really enjoy the format of the game, the battles are like real life, not just everyone drifting around on a track trying to get points. After finishing my PC and moving to playing on it the game is next level too. The devs are really pushing some big things for the game and its players and myself and our team can't wait to see it finished!"", ""positive_topics"": [""gameplay"", ""updates_support""], ""negative_topics"": [], ""score"": 0.448}]",True,matched_target_labels_only,True,
29563620,397100,neg__network_server,neg__network_server,"Made a truck with G.I.T.S laughing man logo on the side, then server crash for some reason, re-enter, everyone is out to kill me... 10/10 would be blame for hacker again XD","[""other""]","[""network_server""]",True,,gemma3:27b,pseudo_topics_rag_v3_embedding,"[{""review"": ""Game is a great Idea the Graphics are pretty Polished but because of how new it is, it is very Dead Server Wise, so I recommend you have friends to play with, because I didn't, 8/10 might buy it again later on"", ""positive_topics"": [""graphics""], ""negative_topics"": [""multiplayer""], ""score"": 0.4053}, {""review"": ""Game crashed three times while trying to play it. That's as much as I plan to fool with it for a free game I was given in apology over another game. Can't say I got to play it too much because of all the trouble, so take that as you will. [URL] Here's some video of what it looks like played if you're interested, or read the other reviews. Here's the error my Steam now has (going to have to reboot) where it thinks the game is still running but it's not. [URL] It's not a huge thing - I just gotta reboot but it illustrates the issues."", ""positive_topics"": [], ""negative_topics"": [""bugs""], ""score"": 0.345}, {""review"": ""gib pets or i bite 10/10 would awoo again"", ""positive_topics"": [""other""], ""negative_topics"": [], ""score"": 0.3116}]",True,matched_target_labels_only,True,
106545520,438920,neg__network_server,neg__network_server,"The game, when first released, was an experiment for Boomzap as they wished to branch out into the Strategy genre after having made their name with Hidden Object games. This game quickly became one of my favorite indie games and is quick and easy to pick up and play, while offering quite the challenge as you move through the campaign. They also released a mobile version of the game, and buying one version (mobile or PC) gave you the other version for free, allowing you to continue through your campaign through either method. Within the past year or so, issues arose with the authentication server, which made the game impossible to play beyond a demo like mode if you installed it on a new device. The devs indicated that it would be costly, if not impossible, to fix those issues due to the backend coding that allowed them to connect mobile and PC versions. Gratefully, though, they have worked to get the PC version back up and running, though Multiplayer needed to be disabled in order to do so. I still recommend this game as it's a fun game to play. I am by no means an expert in the Strategy genre. I have played games like Civilization, Total War, Risk, Stronghold, et al. but haven't played any with the card mechanic like this that I recall, so can't make comparisons. All I can say is that I have enjoyed this game from the start, and look forward to continuing through the campaigns at my leisure, and playing those skirmishes, which I have done a lot of. The loss of multiplayer and mobile suck, but at the end of the day, despite losing money on this experiment, the devs put forth the effort to get the PC version back up and working and are to be commended for doing so.","[""gameplay"", ""value""]","[""network_server"", ""multiplayer""]",True,,gemma3:27b,pseudo_topics_rag_v3_embedding,"[{""review"": ""This Game, THIS... game, you can only enjoy it if you spend 12 hours a day playing it and become a pro, if not, like me, and like every other normal person, this game is pure trash, it's full of hackers, they are not afraid to show it, the d-sync is terrible, you can be behind the wall and still get shot, the aiming animations are a disaster, and you cant even hit 60 FpS if you dont have a powerful computer. If you want to become a pro in this game rather than in CsGo or other MUCH better shooter games, then, download this game, i personally don´t recommend this game"", ""positive_topics"": [], ""negative_topics"": [""difficulty_balance"", ""multiplayer"", ""network_server"", ""graphics"", ""performance""], ""score"": 0.4778}, {""review"": ""This game no longer works, QR Code & web-link used to join games on your phone is no longer functioning"", ""positive_topics"": [], ""negative_topics"": [""bugs"", ""network_server""], ""score"": 0.4681}, {""review"": ""The game is WAAAAY to dark. Really strains my eyes. There isn't much to do besides from going from one point of interest to another... no aliens stalking the player, no creepy caves... Combat is what you would expect from a third person shooter BUT there is no dodge mechanic no abilities... just Run and Gun. ( Granted I only played less than 1 h ). I wanted to like it and even buy it for a friend but I guess it's not for me."", ""positive_topics"": [], ""negative_topics"": [""graphics"", ""gameplay"", ""content""], ""score"": 0.4508}]",True,matched_target_labels_only,True,
160407698,2768190,neg__network_server,neg__network_server,"""Unable to communicate with the WWE2K24 server at this time. Please try again later.""",[],"[""network_server""]",True,,gemma3:27b,pseudo_topics_rag_v3_embedding,[],True,matched_target_labels_only,True,
169743440,1631830,neg__network_server,neg__network_server,"I really really want to play this game, however it seems the online servers are down, so the only way to do so is splitscreen multiplayer. The remote hosting through steam for this is a buggy mess, dont bother.",[],"[""multiplayer"", ""network_server"", ""bugs""]",True,,gemma3:27b,pseudo_topics_rag_v3_embedding,"[{""review"": ""Waste of time. Probably the most unintuitive game I've ever purchased. Multiplayer options only, and just about every server rejected my request to join. Thankfully, Steam accepted my request for a refund."", ""positive_topics"": [], ""negative_topics"": [""ui_ux"", ""network_server"", ""value""], ""score"": 0.496}, {""review"": ""You'll prolly have to join a Discord or play with friends for consistent matches but it's a good game with the majority if not all of the cast being usable if not just actually good. Plus it's the 2.X version which wasn't originally released on consoles"", ""positive_topics"": [""gameplay""], ""negative_topics"": [""multiplayer""], ""score"": 0.4429}, {""review"": ""Game is a great Idea the Graphics are pretty Polished but because of how new it is, it is very Dead Server Wise, so I recommend you have friends to play with, because I didn't, 8/10 might buy it again later on"", ""positive_topics"": [""graphics""], ""negative_topics"": [""multiplayer""], ""score"": 0.3767}]",True,matched_target_labels_only,True,
202980937,1604270,neg__network_server,neg__network_server,"I stopped playing about a month ago because constant leavers killed the fun for me and my friends. Today I decided to give it another shot to see if things had improved. Spoiler: they haven’t. The following is a good example of the current state and average experience with this game: I qued up for two games. First queue: two players on the enemy team disconnected during loading and never came back. We spent 45 minutes in unfun seal-clubbing because there’s still no surrender option. Second queue: waited ~7 minutes, got kicked from the queue with a connection error. Restarted the game and queued again. Then had to wait another 7 minutes. - My own account that I previously queued with then somehow ended up on the enemy team, so I basically played against myself. - My deck that picked didn’t transfer into the match (probably because I was in the lobby twice). - Enemy players were displayed as “friendly” in chat. - I couldn’t spawn units at all! - After leaving the game, I couldn’t even rejoin. - When the match ended, I still got slapped with a full -25 ELO penalty. - Potentially had to wait another 5-7 min to find the next match - i quit instead. The gameplay itself is fun when the core game functions actually work, but that’s the problem, they rarely do. Add in constant bugs (invisible units, rubber-banding, hits not registering, LOS not working), broken reporting/anticheat, and poor connection stability… and it’s pretty clear why hardly anyone is still playing this game. I can’t really comment on the single-player aspect since I only played two missions, but it still has no save function since launch. In this state this RTS is definitely not worth a hefty 50 EUR. EDIT - 29.08.2025: The latest balancing patch has made an already dominant RU faction even stronger, rendering some US deck combinations almost unusable.","[""gameplay""]","[""bugs"", ""multiplayer"", ""network_server"", ""value"", ""difficulty_balance""]",True,,gemma3:27b,pseudo_topics_rag_v3_embedding,"[{""review"": ""this game sucks. Played it for 11 min and I never wanna play again that's for sure"", ""positive_topics"": [], ""negative_topics"": [""other""], ""score"": 0.4424}, {""review"": ""Could not get past first 15 minutes. I could cope with awful introduction (it is a snoozefest), but this game running so poorly with the way it looks is an instant refund. Don't get the appeal, likely never will."", ""positive_topics"": [], ""negative_topics"": [""story"", ""performance"", ""value""], ""score"": 0.3518}, {""review"": ""Waste of time. Probably the most unintuitive game I've ever purchased. Multiplayer options only, and just about every server rejected my request to join. Thankfully, Steam accepted my request for a refund."", ""positive_topics"": [], ""negative_topics"": [""ui_ux"", ""network_server"", ""value""], ""score"": 0.3429}]",True,matched_target_labels_only,True,
202735602,1635450,neg__network_server,neg__network_server,"I *loved* this game when it came out, and now there is a connection issue that keeps me from even being able to play. At this point, this game was a total waste of money.",[],"[""network_server"", ""value""]",True,,gemma3:27b,pseudo_topics_rag_v3_embedding,"[{""review"": ""I bought this game a while a go it was on sale. And honestly I just found it very boring. I will never play it again. It just wasn't fun in my opinion."", ""positive_topics"": [], ""negative_topics"": [""gameplay""], ""score"": 0.6569}, {""review"": ""The game is really great. I was playing to pass the time and soon I became addicted. The game is very fluid, and the features unlocked before the game starts and between waves add extra fun to the game. Also, the game is extremely cheap, I recommend it to everyone."", ""positive_topics"": [""gameplay"", ""value""], ""negative_topics"": [], ""score"": 0.5982}, {""review"": ""I WANTED to like this game. I spent over a year following it, waiting through multiple delayed release dates, and I kept looking forward to finally getting to play it. Unfortunately, once I was actually able to, I found it unplayable due to bugs - the game freezes at a specific point, and while you can go into the menu and save and such, it won't progress any further, and this has happened in all four routes that I tried. Now, I liked most of the characters, and the storyline seemed interesting (at least, what I could see of it). If the bugs were fixed, my opinion of the game might go up. But as far as I'm aware, the devs haven't even acknowledged the bugs, let alone made any attempt to fix them, so my recommendation is to not bother with this game. I regret wasting the money on it."", ""positive_topics"": [""story""], ""negative_topics"": [""bugs"", ""updates_support"", ""value""], ""score"": 0.5862}]",True,matched_target_labels_only,True,
201759804,1985810,neg__network_server,neg__network_server,doesn't wanna connect to the servers anymore and I've ruled out every possibility that would cause it not to so yeah I'm out twenty buck because the game ran just fine until after the refund period,[],"[""network_server"", ""value""]",True,,gemma3:27b,pseudo_topics_rag_v3_embedding,"[{""review"": ""have never been able to play any of these scenarios no refund issued BAD BAD BAD"", ""positive_topics"": [], ""negative_topics"": [""bugs"", ""value""], ""score"": 0.5506}, {""review"": ""Waste of time. Probably the most unintuitive game I've ever purchased. Multiplayer options only, and just about every server rejected my request to join. Thankfully, Steam accepted my request for a refund."", ""positive_topics"": [], ""negative_topics"": [""ui_ux"", ""network_server"", ""value""], ""score"": 0.5364}, {""review"": ""This game has been a mess since I've owned it. Tried playing again recently on Oculus and it refuses to work. If it hasn't been fixed by now.. then it's of no interest to me. Its too bad because there aren't any VR games like this that I can think of. It doesn't matter how much the game is.. or if it was completely free of charge.. if it crashes and doesn't work then what's the point?"", ""positive_topics"": [], ""negative_topics"": [""bugs"", ""value""], ""score"": 0.4426}]",True,matched_target_labels_only,True,
202781563,311210,neg__network_server,neg__network_server,its fun but the online muiltiplayer is kinda trash it keeps failing to connect to servers even tho i have gigabyte internet and my latency is 5-16ms,"[""gameplay""]","[""multiplayer"", ""network_server""]",True,,gemma3:27b,pseudo_topics_rag_v3_embedding,"[{""review"": ""Waste of time. Probably the most unintuitive game I've ever purchased. Multiplayer options only, and just about every server rejected my request to join. Thankfully, Steam accepted my request for a refund."", ""positive_topics"": [], ""negative_topics"": [""ui_ux"", ""network_server"", ""value""], ""score"": 0.4435}, {""review"": ""It runs terribly and looks awful. For a solo development, it is pretty cool but as a game that I paid $$ for, it is a failure. Take this over to itch.io for some help and feedback. [URL]"", ""positive_topics"": [], ""negative_topics"": [""performance"", ""graphics"", ""value""], ""score"": 0.4334}, {""review"": ""Game is a great Idea the Graphics are pretty Polished but because of how new it is, it is very Dead Server Wise, so I recommend you have friends to play with, because I didn't, 8/10 might buy it again later on"", ""positive_topics"": [""graphics""], ""negative_topics"": [""multiplayer""], ""score"": 0.4288}]",True,matched_target_labels_only,True,
29512570,317360,neg__network_server,neg__network_server,"Double Action. This might be one of the best FREE multiplayer games you can get on Steam right now. It not only has fun competative gameplay, it has good action. Hence the name ""Double Action"". If you want to feel as though you were in an action movie, then this game is for you. I had alot of fun with this, and will contiue to in the future. Pros: - Good Multiplayer - Quick and easy to learn - Great weapons, classes and humorous ""cliched"" skins Cons: - Cursing Children (Can any multiplayer game these days not have cursing children?!?!?) - Lack of Regular Addons/Updates - Connection can get lag at times (The smaller the server the better) 9/10 ""One of best free multiplayer games on steam, it's fun, edgy, and gives you ACTION"" P.S ""If you are a fan of the following - Chuck Norris - Bruce Lee - Clint Eastwood - Keanu Reeves - Bruce Willis -Sylvester Stallone - Jackie Chan - Jet Li - Steven Seagal - Liam Neeson - Mel Gibson - Nicolas Cage - Dolph Lundgren - Donnie Yen -Jason Statham - Jean-Claude Van Damme - Chow Yun-fat - Michael Jai White - Charles Bronson - Arnold Schwarzenegger - Samuel L. Jackson - Morgan Freeman - Robert Downey Jr. - Chris Hemsworth - Chris Evans - Tom Hiddleston - Chris Pratt - Mark Ruffalo - Ryan Reynolds - Jeremy Renner - John Travolta - Christopher Walken - Steve Buscemi - Sean Bean - Michael Bay - Forest Whitaker - Will Smith - Or any other action actor Then this game is for you. (If you read this whole list, I applaud you and I'm sorry for wasting 10 seconds of your life.)","[""gameplay"", ""multiplayer"", ""value""]","[""network_server"", ""updates_support""]",True,,gemma3:27b,pseudo_topics_rag_v3_embedding,"[{""review"": ""The game is WAAAAY to dark. Really strains my eyes. There isn't much to do besides from going from one point of interest to another... no aliens stalking the player, no creepy caves... Combat is what you would expect from a third person shooter BUT there is no dodge mechanic no abilities... just Run and Gun. ( Granted I only played less than 1 h ). I wanted to like it and even buy it for a friend but I guess it's not for me."", ""positive_topics"": [], ""negative_topics"": [""graphics"", ""gameplay"", ""content""], ""score"": 0.5136}, {""review"": ""Neat little boss fighting game. Quite short and easy, but worth it for the little amount of money. Would be cool if they used this as a demo for a bigger game."", ""positive_topics"": [""gameplay"", ""value""], ""negative_topics"": [""difficulty_balance"", ""content""], ""score"": 0.5046}, {""review"": ""This Game, THIS... game, you can only enjoy it if you spend 12 hours a day playing it and become a pro, if not, like me, and like every other normal person, this game is pure trash, it's full of hackers, they are not afraid to show it, the d-sync is terrible, you can be behind the wall and still get shot, the aiming animations are a disaster, and you cant even hit 60 FpS if you dont have a powerful computer. If you want to become a pro in this game rather than in CsGo or other MUCH better shooter games, then, download this game, i personally don´t recommend this game"", ""positive_topics"": [], ""negative_topics"": [""difficulty_balance"", ""multiplayer"", ""network_server"", ""graphics"", ""performance""], ""score"": 0.4986}]",True,matched_target_labels_only,True,
202797894,2646460,neg__network_server,neg__network_server,"Do not play, In my time on official servers, I keep seeing non-chinese people on pvp servers get banned when the chinese teams are going around with cheat programs. I saw a few players with chinese characters in their name. They were teleporting and moving really fast. I dare not report them because we get banned for reporting any chinese player. Just look in their discord if they havent deleted it all. I left the pvp servers due to them being able to just walk in your base...no thanks. If the developers would not be prejudice, the pvp servers might be viable if the game was better. The game though, not good in general...lots of problems lead to a non-immersive experience. Some of the biggest downfalls are jankyness with combat. Overall, terrible experience. Even worse, using my main character turned out to be completely useless compared to tribesman, which the game did not tell me about. This lead to me wasting days/weeks on leveling it up on official servers. Lag and enemies teleporting around because of no lag compensation. Do not recommend. Seems to be geared to waste your time and just extend your playtime for little benefit. I do not feel rewarded for my time trying to gather things at all. A survival game with with such a grind, and adding the fact that combat is so janky compounds a problem. The problem is the punishing game mechanics. If you get killed while controling a tribesman you took 8 days to find...it gets deleted. Bye bye...there is a buildable object which you can save just a few of your best tribesman but thats late game and not many people ever play to that point. Which leads us to the next fact. When you choose your character, your starting mask is most likely the only mask you will ever use unless you delete your character or start a new game. So your telling me the game doesnt tell you whats good and bad, of corse not. Those who have played a while do. The only truely viable weapon in pvp is usually hammer and sometime gaunlets, everyone runs hammer to get them stunned faster and simply deal more damage. Pve...imagine that, same thing...suprised me when I learned this. The stats are useless except full Strength for hammer, or agility if you want their associated damage types. I tried a tank build...LOL. I switched back after 2 months of testing it it was so bad. The only thing that matters in a game that is so janky and its literally just a dps race usually with some timing on attacks...is just that...damage and when to apply that damage. If thats true, then people should just run hammer and nothing really else since its the highest hit damage per swing (I think)...oh wait, THEY DO. just youtube soulmask pvp videos. Look at the weapon they are using if you dont believe me. This all could be argued to still be worthy of playing...perhaps, if there was any non-chinese crews running around to even fight in the first place, most have been falsely banned or just quit because they knew they were next. I didn't think a game developer would do these practices assuming this is a business. Why would a business be racist? Its lost revenue...I do not understand this. Maybe they got some real life friends who play on their servers...and when someone reports them, they get auto banned? I do not know. Shorter version: Do not buy. 15 year old games are less jank than this. Much less having to worry about getting banned for no good reason as an American. I guess they got my money now...",[],"[""multiplayer"", ""network_server"", ""gameplay"", ""content"", ""difficulty_balance"", ""value"", ""bugs""]",True,,gemma3:27b,pseudo_topics_rag_v3_embedding,"[{""review"": ""This Game, THIS... game, you can only enjoy it if you spend 12 hours a day playing it and become a pro, if not, like me, and like every other normal person, this game is pure trash, it's full of hackers, they are not afraid to show it, the d-sync is terrible, you can be behind the wall and still get shot, the aiming animations are a disaster, and you cant even hit 60 FpS if you dont have a powerful computer. If you want to become a pro in this game rather than in CsGo or other MUCH better shooter games, then, download this game, i personally don´t recommend this game"", ""positive_topics"": [], ""negative_topics"": [""difficulty_balance"", ""multiplayer"", ""network_server"", ""graphics"", ""performance""], ""score"": 0.4983}, {""review"": ""Game is a great Idea the Graphics are pretty Polished but because of how new it is, it is very Dead Server Wise, so I recommend you have friends to play with, because I didn't, 8/10 might buy it again later on"", ""positive_topics"": [""graphics""], ""negative_topics"": [""multiplayer""], ""score"": 0.4953}, {""review"": ""The game is WAAAAY to dark. Really strains my eyes. There isn't much to do besides from going from one point of interest to another... no aliens stalking the player, no creepy caves... Combat is what you would expect from a third person shooter BUT there is no dodge mechanic no abilities... just Run and Gun. ( Granted I only played less than 1 h ). I wanted to like it and even buy it for a friend but I guess it's not for me."", ""positive_topics"": [], ""negative_topics"": [""graphics"", ""gameplay"", ""content""], ""score"": 0.4865}]",True,matched_target_labels_only,True,
172141112,206500,neg__network_server,neg__network_server,Horrible. Cannot have a party play a game together. SetError No common servers found,[],"[""multiplayer"", ""network_server""]",True,,gemma3:27b,pseudo_topics_rag_v3_embedding,"[{""review"": ""Waste of time. Probably the most unintuitive game I've ever purchased. Multiplayer options only, and just about every server rejected my request to join. Thankfully, Steam accepted my request for a refund."", ""positive_topics"": [], ""negative_topics"": [""ui_ux"", ""network_server"", ""value""], ""score"": 0.4679}, {""review"": ""have never been able to play any of these scenarios no refund issued BAD BAD BAD"", ""positive_topics"": [], ""negative_topics"": [""bugs"", ""value""], ""score"": 0.403}, {""review"": ""This game no longer works, QR Code & web-link used to join games on your phone is no longer functioning"", ""positive_topics"": [], ""negative_topics"": [""bugs"", ""network_server""], ""score"": 0.3977}]",True,matched_target_labels_only,True,
202024281,686810,neg__network_server,neg__network_server,"if your a new player it aint worth it, almost no official servers and even then they have 2 people in them, and if your a new player 90% of the servers insta kick you or have enough lag wheres it unplayable",[],"[""multiplayer"", ""network_server"", ""performance""]",True,,gemma3:27b,pseudo_topics_rag_v3_embedding,"[{""review"": ""You'll prolly have to join a Discord or play with friends for consistent matches but it's a good game with the majority if not all of the cast being usable if not just actually good. Plus it's the 2.X version which wasn't originally released on consoles"", ""positive_topics"": [""gameplay""], ""negative_topics"": [""multiplayer""], ""score"": 0.58}, {""review"": ""Game is a great Idea the Graphics are pretty Polished but because of how new it is, it is very Dead Server Wise, so I recommend you have friends to play with, because I didn't, 8/10 might buy it again later on"", ""positive_topics"": [""graphics""], ""negative_topics"": [""multiplayer""], ""score"": 0.5345}, {""review"": ""Waste of time. Probably the most unintuitive game I've ever purchased. Multiplayer options only, and just about every server rejected my request to join. Thankfully, Steam accepted my request for a refund."", ""positive_topics"": [], ""negative_topics"": [""ui_ux"", ""network_server"", ""value""], ""score"": 0.4908}]",True,matched_target_labels_only,True,
201390819,2344520,neg__network_server,neg__network_server,"Diablo 4 Beta Review Rating: 8/10 After spending several hours playing the Diablo 4 beta, I can share my thoughts on what Blizzard is preparing for the full release. Overall, the beta gave a good preview of what the game will offer, with plenty of positive aspects but also a few issues that need attention before the final launch. Positives: Environment and Graphics: There’s no denying that the world of Sanctuary looks stunning. The dark and detailed atmosphere truly immerses you in the game. The lighting, the intricate cityscapes, and the dungeons, along with how the environment interacts with weather effects, are all impressive. It’s a living, breathing world that adds another layer of immersion. Combat and Gameplay: The combat system is dynamic and very satisfying. The fluidity of animations and quick response of controls make battles visceral and engaging. I played as both the Barbarian and the Sorcerer, and both classes are a lot of fun, with distinct abilities and build possibilities that encourage experimentation. The feeling of power when wiping out hordes of enemies is something the franchise has always nailed, and it’s no different here. Progression and Customization: Character progression is one of the standout features. The skill system offers deep customization, allowing players to create unique builds. The fact that every skill has a meaningful impact on gameplay ensures that players feel a constant sense of evolution, with rewards at each new level. Open World and Multiplayer: The option to play in a shared, open world with other players is one of the most interesting innovations in Diablo 4. Dynamic events, like monster invasions and boss fights, make exploration more engaging. And of course, interacting with other players, even in a non-forced way, adds an extra layer of fun. Negatives: Server Issues (Beta): As expected, the beta wasn’t free from server issues. There were times when wait times to enter the game were long, and lag hindered the experience. While these issues are common in beta phases, they still impacted the flow of gameplay and caused some frustration. Content Repetition: Although the story hooked me, I felt that some quests and side activities started to feel repetitive after a few hours. The main story quests are interesting, but the side missions often don’t offer much variety in objectives, which can become tiring for more dedicated players. Limited Beta Content: The beta, while giving a solid idea of what to expect, also left a sense of incompleteness. Some features and areas of the game were locked, meaning we couldn't experience the game in its entirety. It left me with the feeling that the core of the game will only truly shine once the full version is released. Monetization and Microtransactions (Concerns): While the beta didn’t directly showcase this, the question of microtransactions and monetization still looms large. It wasn’t clear how Blizzard will balance this aspect, especially in a game that has the potential to be a massive hit among RPG and ARPG fans. I just hope the experience isn’t negatively impacted by excessive monetization practices. Conclusion: The Diablo 4 beta at the time in 2023 left me excited for the full release. Blizzard has nailed several aspects, like combat, character progression, and creating a dynamic open world. However, some server issues and content repetition still need to be addressed. In summary, Diablo 4 has the potential to be one of the franchise’s best titles, but a few tweaks are needed to perfect it. For long-time fans of the series, it’s definitely worth keeping an eye on the official release, and I hope Blizzard can deliver a polished, varied experience.","[""graphics"", ""gameplay"", ""replayability"", ""ui_ux""]","[""network_server"", ""content"", ""monetization""]",True,,gemma3:27b,pseudo_topics_rag_v3_embedding,"[{""review"": ""this game is like a cheaply done diablo clone, but not in a bad way. the gameplay is a little fast, but i like it."", ""positive_topics"": [""gameplay""], ""negative_topics"": [], ""score"": 0.5998}, {""review"": ""A very nice, very stylish, creative roguelite bullet-heaven game. The game isn't super long, took me about 6 hours to finish, would probably take about 30 more minutes for 100% of the achievements. The game has full controller support and nice accessibility options for modulating difficulty, not to mention the ability to pick your difficulty less directly within runs as well. The art is great (gives me Cowboy Bebop vibes, can't quite put my finger on why), the music is great, the story (surprised me that there was any!) is basic but touching, the gameplay is somewhat innovative (mixing Necrodancer-style rhythm-combat mechanics with Vampire Survivors-like top-down bullet-heaven combat) and is pretty fun, although it gets a little bit repetitive by the end. I hope there is a bit more exploration of unsteady rhythms if the devs ever make a next entry, there is a lot of leniency in getting 'perfect's here and after a while the consistent rhythm gets pretty second-nature, so it might be nice to see that shaken up. The game lacks polish, but not in any way that truly breaks the experience. It's mostly observed in some unintended behaviours¹, incorrect tooltips, etc. The main thing that diminishes the experience in my opinion is the lack of visual clarity on some levels and with some builds (looking at you, 'Chain projectiles'). I also think it would benefit from some more clarity on how its basic mechanics work (tagging weapons with their damage types, an option to show values in skill descriptions, etc.), the 15 tips on pause help but don't really explain everything (although with how short the experience is and with how not-that-difficult even the later stages are, you won't play for long enough for this lack of knowledge to sour your experience like it probably would in a 100+ hour game). Ah, also, for whatever reason, achievements aren't working at all for me (they don't even show up on the game's page in my library), although that might be Steam's fault. Overall, I'd recommend the game, and also wish the best for the devs in their future endeavours! ¹ = Restarting a run will start you with a random character, including ones that you have not unlocked yet (including the secret 13th, happened on my first death lol). Sometimes the solo that gets activated seems to be random if you have 3 instruments and all have full meter. Using a solo sometimes allows enemies to fire projectiles after all the existing projectiles are cleared, meaning you can get locked into getting hit since you can't move during the solo animation (died to that once :'D). You can actually move during the solo animation, as well as the post-battle \""Kill the music\"" transition, if you were ending a dodge while entering those states. On controller, pausing on the item upgrade screen will pick whatever upgrade you were hovering when the game is unpaused."", ""positive_topics"": [""gameplay"", ""graphics"", ""audio"", ""story"", ""controls"", ""accessibility""], ""negative_topics"": [""gameplay"", ""ui_ux"", ""bugs""], ""score"": 0.5843}, {""review"": ""I think they are headed in the right direction but in my opinion, it's not really playable and enjoyable yet. The user interface is clunky as best. The Single Player save game mechanics make ZERO sense. Whatever happened to saving a game, giving it a name, and then hitting save? Current interface doesn't make any sense. Map3, the beta map is SO dark inside buildings, even with the brightness turned all the way up. Melee weapons durability is ABYSMAL. Kill 4 zombies and your steel spear is ready to break. Base building is unnecessarily intricate and quite frankly, you darn near have to be a builder to figure it out. 10 minutes in to a game and they throw bandits at you that are, in my opinion way over powered so it becomes a dying simulator and then because the save game mechanics suck, you are are starting fresh with nothing. I see very little developer work in this but a lot of Unreal magic. Houses and building are not even close to scale. It's well on it's way to being another DayZ clone, which is fine, but I would not recommend paying for it TODAY. Wait a year and check back."", ""positive_topics"": [""other""], ""negative_topics"": [""ui_ux"", ""graphics"", ""difficulty_balance"", ""gameplay"", ""value""], ""score"": 0.5585}]",True,matched_target_labels_only,True,
194168142,3515240,neg__network_server,neg__network_server,"In short, the game is cool. But there is a fat disadvantage - there are few servers with online access. Well, if there is a server with a lot of online access, then now we will talk about those servers from which my life burned out. So, welcome to the Clean Racing server. And so I have a little question for the creators of these servers: What are you, fucking scum? Seriously, you are a game where you have to race for survival, create servers with a clean rating. You fucking faggots, go to your Grand Huizmo and play, why the fuck did you come here???","[""gameplay""]","[""multiplayer"", ""network_server""]",True,,gemma3:27b,pseudo_topics_rag_v3_embedding,"[{""review"": ""Game is a great Idea the Graphics are pretty Polished but because of how new it is, it is very Dead Server Wise, so I recommend you have friends to play with, because I didn't, 8/10 might buy it again later on"", ""positive_topics"": [""graphics""], ""negative_topics"": [""multiplayer""], ""score"": 0.5132}, {""review"": ""This Game, THIS... game, you can only enjoy it if you spend 12 hours a day playing it and become a pro, if not, like me, and like every other normal person, this game is pure trash, it's full of hackers, they are not afraid to show it, the d-sync is terrible, you can be behind the wall and still get shot, the aiming animations are a disaster, and you cant even hit 60 FpS if you dont have a powerful computer. If you want to become a pro in this game rather than in CsGo or other MUCH better shooter games, then, download this game, i personally don´t recommend this game"", ""positive_topics"": [], ""negative_topics"": [""difficulty_balance"", ""multiplayer"", ""network_server"", ""graphics"", ""performance""], ""score"": 0.4804}, {""review"": ""Terrible, terrible game. It is horrendously imbalanced. Every random encounter is a life-or-death situation because all your characters are always very low on health. There's nowhere to heal and virtually no items to use to heal yourself with. I bought this game despite some of the bad reviews because it was only $0.80. Don't make the same mistake I did. Take that $0.80 and swallow it. You'll get a lot more enjoyment out of passing coins the following day than you will by playing this game."", ""positive_topics"": [], ""negative_topics"": [""difficulty_balance"", ""content"", ""value""], ""score"": 0.4682}]",True,matched_target_labels_only,True,
201852369,2012320,neg__network_server,neg__network_server,"Although talking to NPCs with my Other Player was a little buggy sometimes (possibly due to high ping between us), this game was incredibly fun to play and the puzzles were a blast to solve, alongside the secret hunting. An amazing entry to the series & makes me really hope there's more to come for these two detectives! I got it on sale, but it had more than enough content to be worth full price as well.","[""gameplay"", ""content""]","[""bugs"", ""network_server""]",True,,gemma3:27b,pseudo_topics_rag_v3_embedding,"[{""review"": ""If you like puzzle mystery games with a dark story line, this is the game for you! One of my favorites, actually. I've completed it more than once!"", ""positive_topics"": [""gameplay"", ""story"", ""replayability""], ""negative_topics"": [], ""score"": 0.623}, {""review"": ""I enjoyed how you piece all the characters lives together to discover the story. Its an enjoyable and relaxing game."", ""positive_topics"": [""story"", ""gameplay""], ""negative_topics"": [], ""score"": 0.5497}, {""review"": ""I bought this game a while a go it was on sale. And honestly I just found it very boring. I will never play it again. It just wasn't fun in my opinion."", ""positive_topics"": [], ""negative_topics"": [""gameplay""], ""score"": 0.5254}]",True,matched_target_labels_only,True,
201506158,627270,neg__network_server,neg__network_server,"This game's mulitplayer does not function on the current version of Windows 11. It is a known issue with no fix besides downpatching Windows. If you attempt to play multiplayer on Windows 11, you will disconnect due to desynch within seconds of game start every single game.",[],"[""network_server"", ""multiplayer""]",True,,gemma3:27b,pseudo_topics_rag_v3_embedding,"[{""review"": ""At the time of this review the game is not functioning at all. Freezes dead when loading in the main menu. Current Setup: CPU - Ryzen 7 7800X3D RAM - 64GB GPU - XFX RX6900 XTX OS - Win 11 Pro."", ""positive_topics"": [], ""negative_topics"": [""bugs""], ""score"": 0.4532}, {""review"": ""this game sucks. Played it for 11 min and I never wanna play again that's for sure"", ""positive_topics"": [], ""negative_topics"": [""other""], ""score"": 0.3962}, {""review"": ""This game no longer works, QR Code & web-link used to join games on your phone is no longer functioning"", ""positive_topics"": [], ""negative_topics"": [""bugs"", ""network_server""], ""score"": 0.3867}]",True,matched_target_labels_only,True,
203136018,233270,neg__network_server,neg__network_server,"Classic over the top fun! All things got better names than IKEA furniture, humor that is flatter than my *****, simple gameplay loop and many explosions. A real endorphin rush [hr][/hr] Review Most important things said at the top. In my opinion the best Far Cry DLC/Spin Off. Don't expect to much, its a short little game with excessive everything, but when you just want to shoot some things while hearing the best jokes the 80 got to give, this will do fine. Think my love for Synthwave even came from this game.. Played it back then when released on the Ubi launcher and now on Steam to finish the 100%. Cons A real simple gameplay loop. Like in the original Far Cry 3 but shorter. Doesn't have to bad, but really fast getting repetitive, especially after playing the original. If you are after achievements, from time to time the sync from Ubi to Steam may not work. Normally you just wait and hope its working again. Since the online services were shut down, you have to wait for the game to timeout on server requests when starting and occasionally when opening the menu. When you have a little bit of patience left, nothing to really worry about but really Ubisoft, couldn't you just patch out the online functions when shutting down the servers? When started playing the Steam version now in mid 2025, it seemed to have some freezes now and then. Didn't happened too often but don't remember the game did this before Steam. When you don't like the CRT filter, you will have a bad time since you can't deactivate it (as far as i know). But you gotta admit that this has to be in the game. Fits the setting and lets you forget about the old graphics. So if you're not bothered by these things, this is a must play. Maybe wait for a discount, it gets discounted very often by 75%. [hr][/hr] Tech PC: i9900K, RTX 2060 Super and 32GB Memory Windows: worked good, occasionally freezes, but not often. Read it from others too, so i think its more game related CachyOS: worked perfect OOTB","[""gameplay"", ""audio""]","[""performance"", ""ui_ux"", ""network_server""]",True,,gemma3:27b,pseudo_topics_rag_v3_embedding,"[{""review"": ""A very nice, very stylish, creative roguelite bullet-heaven game. The game isn't super long, took me about 6 hours to finish, would probably take about 30 more minutes for 100% of the achievements. The game has full controller support and nice accessibility options for modulating difficulty, not to mention the ability to pick your difficulty less directly within runs as well. The art is great (gives me Cowboy Bebop vibes, can't quite put my finger on why), the music is great, the story (surprised me that there was any!) is basic but touching, the gameplay is somewhat innovative (mixing Necrodancer-style rhythm-combat mechanics with Vampire Survivors-like top-down bullet-heaven combat) and is pretty fun, although it gets a little bit repetitive by the end. I hope there is a bit more exploration of unsteady rhythms if the devs ever make a next entry, there is a lot of leniency in getting 'perfect's here and after a while the consistent rhythm gets pretty second-nature, so it might be nice to see that shaken up. The game lacks polish, but not in any way that truly breaks the experience. It's mostly observed in some unintended behaviours¹, incorrect tooltips, etc. The main thing that diminishes the experience in my opinion is the lack of visual clarity on some levels and with some builds (looking at you, 'Chain projectiles'). I also think it would benefit from some more clarity on how its basic mechanics work (tagging weapons with their damage types, an option to show values in skill descriptions, etc.), the 15 tips on pause help but don't really explain everything (although with how short the experience is and with how not-that-difficult even the later stages are, you won't play for long enough for this lack of knowledge to sour your experience like it probably would in a 100+ hour game). Ah, also, for whatever reason, achievements aren't working at all for me (they don't even show up on the game's page in my library), although that might be Steam's fault. Overall, I'd recommend the game, and also wish the best for the devs in their future endeavours! ¹ = Restarting a run will start you with a random character, including ones that you have not unlocked yet (including the secret 13th, happened on my first death lol). Sometimes the solo that gets activated seems to be random if you have 3 instruments and all have full meter. Using a solo sometimes allows enemies to fire projectiles after all the existing projectiles are cleared, meaning you can get locked into getting hit since you can't move during the solo animation (died to that once :'D). You can actually move during the solo animation, as well as the post-battle \""Kill the music\"" transition, if you were ending a dodge while entering those states. On controller, pausing on the item upgrade screen will pick whatever upgrade you were hovering when the game is unpaused."", ""positive_topics"": [""gameplay"", ""graphics"", ""audio"", ""story"", ""controls"", ""accessibility""], ""negative_topics"": [""gameplay"", ""ui_ux"", ""bugs""], ""score"": 0.4265}, {""review"": ""boring, bland, unintuitive The only good thing about this \""game\"" is the awesome music, but that's only because Aweswan didn't make it themselves (the very first track is by TSFH). The camera control sucks. It scrolls suuuuper slow ... ... also, the map isn't a globe. That means the US is on the far left end and Japan on the far right end. If you wanna try to recreate WW2 and nuke Japan, you don't just cross the Pacific - you have to scroll aaaaall the way over there over the Atlantic, Europe, and Asia in slomo . I swear, the stupid plane carrying the Hiroshima bomb arrived faster in Japan than my mouse cursor did... Rest of the controls suck, too: The \""game\"" has no shortcut keys, you have to do fu cking everything with the mouse. Graphics suck: The map is most probably from Google Images and there are no animations worth a damn. The attacks are \""animated\"" with a few colored lines and the simplest of explosion gifs; but none of the catastrophes are animated... I mean, how cool (and easy to animate) would it have been to see an asteroid crash into the simplistic map? Speaking of the simplistic map: The game looks just plain boring. The sun's reflection in the ocean is the only good thing I remember about this lazy graphics. Wonder where Aweswan stole that from?... It's definitely not their own work. The \""game\"" has a bajillion of cringeworthy typos. It would be somewhat forgivable, if the devs from Aweswan had another language than English, but since the devs apparently and fortunately no longer exist I couldn't find that out, so let's leave it with \""learn to spell, you swanheads\"". Also, its mechanics make no sense. US and Russia start with no nukes? But the country I choose to start in has always 4 nukes, even if I start as Czechia, Congo, or Bhutan? And a few in-game years later literally everyone has nukes, even Tibetian monks!... Ridiculous. Imagine being afraid of nuking Liechtenstein or Andorra, because they might send some nukes back at you... -,- Also, while playing the game told me that Austria lost 120 million civilians. Last time I checked it had only about 9 million, though!?! And that RL number included civilians and military personell. Also, in my very first game Spain got immediately in turn 1 invaded and taken over by Andorra which evidently in the real world has no armed forces and is under Spain's protection... All that stupid stuff would've been okay, if it had been about some no-name fantasy countries in a fantasy world. Was it really that hard to come up with a fantasy world instead of this unrealistic immersion-breaking BS?..."", ""positive_topics"": [""audio""], ""negative_topics"": [""gameplay"", ""graphics"", ""controls"", ""localization""], ""score"": 0.4199}, {""review"": ""This game is deceptively simple to play and has an amazing amount of depth whether its game play, story, art, colors and effects. The amount of bops in the soundtrack is INSANE, its hard not to like all of them. I have seriously considered buying the music from steam. if you are a fan of anime you will adore this game. The voice acting is top notch as well. Also if you are paying attention to the conversations you'll realize there is an incredible amount of foreshadowing in this short game. There are only 3 VERY MINOR things I didn't like in the game. 1. The UI in the home base menu is not really intuitive in my opinion, especially some navigation bits. 2. There are times where I'd like a certain someone to be quiet while I navigate the menu 3. Cant choose tracks to listen to in-game and if multiple muses activate, you cant click on one to play their theme in battle 4th and smallest thing, i just wish the game was longer story wise. Also be warned this game is not a game that you play quickly. each battle is like a mini puzzle that you want to take your time with to end in as little turns as possible. The game is simple but It can be confusing to understand how to actually play cards properly on top of navigation in dungeons. basically as with other roguelites, you are suppose to repeat dungeons until you build enough level to tackle harder ones, but the hidden gem is that you aren't just leveling up or acquiring new cards , you are leveling up your knowledge base of the mechanics which is not quantifiable in game but is absolutely a stat you're increasing. Its a nice game for your brain to be honest. Overall, A+ across the board for me. Play this game if you like anime girls, card games and colors"", ""positive_topics"": [""gameplay"", ""story"", ""graphics"", ""audio""], ""negative_topics"": [""ui_ux"", ""content""], ""score"": 0.4192}]",True,matched_target_labels_only,True,
2655575,45302,neg__network_server,neg__network_server,"STAY AWAY FROM THIS STEAMING PILE OF SHIT. While the gameplay itself is actually pretty good, the multiplayer is utter garbage. The activation process is a form of slow torture thanks to the required yu(can't)Play client that must be running for activation (which is coded by 8 year old monkies), but unfortunately, when you try to activate the game (and any DLCs), the game 'locks' as it waits for the client to pop up the activation window, which can't come to the foreground because the game is locked because it is waiting for the client. Don't bother trying to contact support, I'm pretty sure it doesn't exist except as a mailbox that no one actually looks at. Also, browsing the multiplayer server list brings up an empty page. Which means either the game is not retrieving server information, or there are actually no games taking place (likely due to the client being utter feces). Either way, there is effectively no multiplayer in this game due to garbage code. Save your money.","[""gameplay""]","[""multiplayer"", ""network_server"", ""ui_ux"", ""value""]",True,,gemma3:27b,pseudo_topics_rag_v3_embedding,"[{""review"": ""Waste of time. Probably the most unintuitive game I've ever purchased. Multiplayer options only, and just about every server rejected my request to join. Thankfully, Steam accepted my request for a refund."", ""positive_topics"": [], ""negative_topics"": [""ui_ux"", ""network_server"", ""value""], ""score"": 0.4481}, {""review"": ""So, You want to buy RoboCritters? -Do you have a local group of 8 friends? -Do you have up to 8 Controllers? -Do you like paying money for a game that has \""online,\"" (but not really?) Then RoboCritters, Is the game for you! I purchased 2 copies of this game, and will be requesting a refund for both games. The \""online play,\"" doesn't work. For those of you who argue, \""The online clearly says BETA.\"" That's true. Although i have the feeling the \""BETA\"" tag is to save the devs any kind of scrutiny when their product doesn't work. Don't advertise your came can play online if it can't. Maybe if the devs actually make their game work ill buy it again. 0/10 - couldn't even mess around by myself locally. meaning i can't even judge the gameplay."", ""positive_topics"": [], ""negative_topics"": [""network_server"", ""multiplayer""], ""score"": 0.4059}, {""review"": ""Love this game! However, I accepted a pet order, and have it in it's pen so its taking up a spot, but it isn't in the list of clients. No matter how much I train it, it isn't being picked up. How do I get rid of this glitch?"", ""positive_topics"": [""other""], ""negative_topics"": [""bugs""], ""score"": 0.3577}]",True,matched_target_labels_only,True,
97882653,35500,neg__network_server,neg__network_server,"dont buy this game, you need to register the game to load it but their servers are offline so you cant play the game",[],"[""network_server"", ""value""]",True,,gemma3:27b,pseudo_topics_rag_v3_embedding,"[{""review"": ""it looks cool but the manual does not work and the game does not open it is a scam"", ""positive_topics"": [""graphics""], ""negative_topics"": [""bugs"", ""value""], ""score"": 0.5807}, {""review"": ""This Game, THIS... game, you can only enjoy it if you spend 12 hours a day playing it and become a pro, if not, like me, and like every other normal person, this game is pure trash, it's full of hackers, they are not afraid to show it, the d-sync is terrible, you can be behind the wall and still get shot, the aiming animations are a disaster, and you cant even hit 60 FpS if you dont have a powerful computer. If you want to become a pro in this game rather than in CsGo or other MUCH better shooter games, then, download this game, i personally don´t recommend this game"", ""positive_topics"": [], ""negative_topics"": [""difficulty_balance"", ""multiplayer"", ""network_server"", ""graphics"", ""performance""], ""score"": 0.5683}, {""review"": ""Waste of time. Probably the most unintuitive game I've ever purchased. Multiplayer options only, and just about every server rejected my request to join. Thankfully, Steam accepted my request for a refund."", ""positive_topics"": [], ""negative_topics"": [""ui_ux"", ""network_server"", ""value""], ""score"": 0.5556}]",True,matched_target_labels_only,True,
28081441,208491,neg__network_server,neg__network_server,"DO NOT BUY THIS DLC. Like others said, it's not possible to activate the DLC because it always says the Uplay servers are down. I should have listened....",[],"[""network_server"", ""value""]",True,,gemma3:27b,pseudo_topics_rag_v3_embedding,"[{""review"": ""Did not say it requires the other DLC to function. Will wait for a sale on that one to play this I suppose."", ""positive_topics"": [], ""negative_topics"": [""monetization""], ""score"": 0.6412}, {""review"": ""I feel the DLC is overpriced but the kayak update brought me back to the game."", ""positive_topics"": [""updates_support""], ""negative_topics"": [""value""], ""score"": 0.4852}, {""review"": ""I'll purely recommend this on the basis that it adds some extra flavor and content but unlike games from total war and paradox this dlc is not absurdly priced and or have game breaking mechanics added only with the dlc as well. 9 dollars for this dlc is more than fine for some new cultures and events"", ""positive_topics"": [""content"", ""value"", ""monetization""], ""negative_topics"": [], ""score"": 0.4697}]",True,matched_target_labels_only,True,
35325335,580890,neg__network_server,neg__network_server,"This is a really fun game, I have to admit, but I never connect to a server when I try to, please fix this.","[""gameplay""]","[""network_server""]",True,,gemma3:27b,pseudo_topics_rag_v3_embedding,"[{""review"": ""Waste of time. Probably the most unintuitive game I've ever purchased. Multiplayer options only, and just about every server rejected my request to join. Thankfully, Steam accepted my request for a refund."", ""positive_topics"": [], ""negative_topics"": [""ui_ux"", ""network_server"", ""value""], ""score"": 0.518}, {""review"": ""This game no longer works, QR Code & web-link used to join games on your phone is no longer functioning"", ""positive_topics"": [], ""negative_topics"": [""bugs"", ""network_server""], ""score"": 0.4678}, {""review"": ""this game sucks. Played it for 11 min and I never wanna play again that's for sure"", ""positive_topics"": [], ""negative_topics"": [""other""], ""score"": 0.4382}]",True,matched_target_labels_only,True,
201890673,812560,neg__localization,neg__localization,"Good, but the translation is terrible",[],"[""localization""]",True,,gemma3:27b,pseudo_topics_rag_v3_embedding,"[{""review"": ""Pretty decent board game! Fairly simple mechanics that let you have some strategy but also allows for some RNG stuff that can give you a boost. The biggest problem I had with this game was the translation was pretty broken English but I also understand that this is a super small Japanese developer who probably didn't have a lot of money for that to happen professionally. The English is still something that you can parse, it just takes a tad bit of effort sometimes. Still, minor quibble. There is something neat with this game and this dev deserved to finally have a positive review on Steam after a couple years without a single one. I like your game. Thank you."", ""positive_topics"": [""gameplay""], ""negative_topics"": [""localization""], ""score"": 0.32}, {""review"": ""This game is definitely worth a playthrough! The art is handcrafted and BEAUTIFUL, and the localization allows the Chilean flavor of the game to come through in English without any awkwardness. The action is sharp and engaging. There's an option for two player co-op (and even couch co-op, which is sorely lacking these days!). The difficulty is real, but the combat and upgrade system does allow for building some seriously powerful combos. Especially if the game is on sale, pick it up!"", ""positive_topics"": [""graphics"", ""localization"", ""gameplay"", ""multiplayer"", ""difficulty_balance"", ""value""], ""negative_topics"": [], ""score"": 0.3188}, {""review"": ""I have no ide why this have a positive review, this not the game, at best it is prolog to a game. I t is hard to say there is a story here when all story is sumurise to your borthere is gone go here end. It is not even well made."", ""positive_topics"": [], ""negative_topics"": [""story"", ""content""], ""score"": 0.3174}]",True,matched_target_labels_only,True,
101344214,935610,neg__localization,neg__localization,"One of the levels is busted, it starts up in French which isn't clarified anywhere, the ""Spanish"" version is only tooltips with everything else in English, the Discord link is busted, and the ""report bugs"" Google form link is also busted. I've only got so much time in it because what's there is just barely functional and hard to find in other ""genetics-y"" games. Also, satire requires a function? Like, you have to be poking fun at something, not just doing the thing and calling it satire. There's rampant typos, like the ""exit"" button being called ""Settings"" and having a stereotypical gear icon which should be settings and not exit. Finally... Black + White = Vitiligo is a literal game mechanic.",[],"[""localization"", ""bugs"", ""ui_ux"", ""other""]",True,,gemma3:27b,pseudo_topics_rag_v3_embedding,"[{""review"": ""I enjoyed the game for a bit, but there are numerous issues that made me stop playing: -Obvious bugs like menu items being incorrect or not working. Most of these are pre-existing bugs from many years ago that were ignored and never fixed. -Translation is actually worse than it used to be. Some item names actually don't make sense anymore. -Some alchemy recipes are listed incorrectly in-game (they take different materials than are listed in the in-game recipe). -Autobattle is too poorly implemented. -There are 2 audio sliders: BGM and VFX. Neither of these affect the voiceover volume which cannot be adjusted or silenced. -The original game came with a strategy guide which listed necessary information for playing the game (like stat requirements for classes.) There is no digital strategy guide, so if you want to play advanced classes you have to use google to look up the requirements. TLDR; Nothing was improved besides the graphics. All bugs and broken behaviors from the original are still there with no fixes."", ""positive_topics"": [""graphics""], ""negative_topics"": [""bugs"", ""localization"", ""gameplay"", ""audio"", ""ui_ux"", ""updates_support""], ""score"": 0.4581}, {""review"": ""It looks really good, but feels annoying to play when I need to find where are all the keys, as my keyboard layout (Spanish) is not among the options in the menu. Please add more keyboard layouts and I'll give it another try."", ""positive_topics"": [""graphics""], ""negative_topics"": [""controls"", ""ui_ux""], ""score"": 0.4285}, {""review"": ""Its bugged! Because of the script bugs you cant complete the game. Most of the main plot things dont appear in the game because of the glitches."", ""positive_topics"": [], ""negative_topics"": [""bugs""], ""score"": 0.4238}]",True,matched_target_labels_only,True,
47966361,935190,neg__localization,neg__localization,"Ok lets get this out of the way, the story is short (getting all 2 romantic endings & other options took me less than 2 hours) and the translation is awful. I arn't english myself but this translation is just lazy. Some of the sentences were even forgotten and still stand in russian! The story itself is also too short to really have any meaning or inpact on the reader. Still, after all that the artwork is surprisingly beautiful and well done (and without any censoring). Not something you would expect from such a game. Combine this with a very low price and I would say this is passable, though barely.","[""graphics"", ""value""]","[""story"", ""localization""]",True,,gemma3:27b,pseudo_topics_rag_v3_embedding,"[{""review"": ""This game is definitely worth a playthrough! The art is handcrafted and BEAUTIFUL, and the localization allows the Chilean flavor of the game to come through in English without any awkwardness. The action is sharp and engaging. There's an option for two player co-op (and even couch co-op, which is sorely lacking these days!). The difficulty is real, but the combat and upgrade system does allow for building some seriously powerful combos. Especially if the game is on sale, pick it up!"", ""positive_topics"": [""graphics"", ""localization"", ""gameplay"", ""multiplayer"", ""difficulty_balance"", ""value""], ""negative_topics"": [], ""score"": 0.5273}, {""review"": ""The story, in my opinion, is too simple, but the gameplay makes a good impression. For such a small price, I recommend it."", ""positive_topics"": [""gameplay"", ""value""], ""negative_topics"": [""story""], ""score"": 0.5156}, {""review"": ""I have no ide why this have a positive review, this not the game, at best it is prolog to a game. I t is hard to say there is a story here when all story is sumurise to your borthere is gone go here end. It is not even well made."", ""positive_topics"": [], ""negative_topics"": [""story"", ""content""], ""score"": 0.498}]",True,matched_target_labels_only,True,
75347096,878090,neg__localization,neg__localization,"Dragons' Twilight 2 is a short and sweet sequel to Dragons' Twilight 1. The art is beautiful, the music is wonderful, and the gameplay is intuitive and fast-paced (hold down the A button on your controller to zoom through random battles!). I finished the first game in this series, so I appreciated seeing the old heroes back in action alongside some new faces. The only thing I found wrong with this game is the typos/spelling errors, but they do not detract overmuch from the experience. The fact that I finished all the quests (the in-game achievement said so!) proves how much I enjoyed playing.","[""graphics"", ""audio"", ""gameplay"", ""content""]","[""localization""]",True,,gemma3:27b,pseudo_topics_rag_v3_embedding,"[{""review"": ""I really enjoyed this chapter. This is probably my favourite chapter so far, though it has some things holding it back from beating chapter 3, the best chapter. Positives: Best story of the entire series Looks great visually in some areas The new characters are awesome Interesting puzzles Great gameplay mechanics new and old Negatives: Bugs. There were so many at release and some still exists (like one to do with the Doctor's eye on the tv's). The improved story means that there is unskippable dialogue. A marketed character is unutilized and a major character can be a bit disappointing to some. Though great visually at times, it is a downgrade compared to chapter 3. Conclusion: its a great game with flaws. Its not as good as the previous chapter, but better than the first 2. 7.5-8/10"", ""positive_topics"": [""story"", ""graphics"", ""gameplay""], ""negative_topics"": [""bugs"", ""story"", ""graphics""], ""score"": 0.537}, {""review"": ""Overall the DLC is great. I like the unique characters and that the wolf character has a masked and un-masked head. The only thing is that when playing split-screen you may have to play one round for players two, three, and four to be able to use the new character types."", ""positive_topics"": [""content""], ""negative_topics"": [""bugs""], ""score"": 0.4942}, {""review"": ""A very nice, very stylish, creative roguelite bullet-heaven game. The game isn't super long, took me about 6 hours to finish, would probably take about 30 more minutes for 100% of the achievements. The game has full controller support and nice accessibility options for modulating difficulty, not to mention the ability to pick your difficulty less directly within runs as well. The art is great (gives me Cowboy Bebop vibes, can't quite put my finger on why), the music is great, the story (surprised me that there was any!) is basic but touching, the gameplay is somewhat innovative (mixing Necrodancer-style rhythm-combat mechanics with Vampire Survivors-like top-down bullet-heaven combat) and is pretty fun, although it gets a little bit repetitive by the end. I hope there is a bit more exploration of unsteady rhythms if the devs ever make a next entry, there is a lot of leniency in getting 'perfect's here and after a while the consistent rhythm gets pretty second-nature, so it might be nice to see that shaken up. The game lacks polish, but not in any way that truly breaks the experience. It's mostly observed in some unintended behaviours¹, incorrect tooltips, etc. The main thing that diminishes the experience in my opinion is the lack of visual clarity on some levels and with some builds (looking at you, 'Chain projectiles'). I also think it would benefit from some more clarity on how its basic mechanics work (tagging weapons with their damage types, an option to show values in skill descriptions, etc.), the 15 tips on pause help but don't really explain everything (although with how short the experience is and with how not-that-difficult even the later stages are, you won't play for long enough for this lack of knowledge to sour your experience like it probably would in a 100+ hour game). Ah, also, for whatever reason, achievements aren't working at all for me (they don't even show up on the game's page in my library), although that might be Steam's fault. Overall, I'd recommend the game, and also wish the best for the devs in their future endeavours! ¹ = Restarting a run will start you with a random character, including ones that you have not unlocked yet (including the secret 13th, happened on my first death lol). Sometimes the solo that gets activated seems to be random if you have 3 instruments and all have full meter. Using a solo sometimes allows enemies to fire projectiles after all the existing projectiles are cleared, meaning you can get locked into getting hit since you can't move during the solo animation (died to that once :'D). You can actually move during the solo animation, as well as the post-battle \""Kill the music\"" transition, if you were ending a dodge while entering those states. On controller, pausing on the item upgrade screen will pick whatever upgrade you were hovering when the game is unpaused."", ""positive_topics"": [""gameplay"", ""graphics"", ""audio"", ""story"", ""controls"", ""accessibility""], ""negative_topics"": [""gameplay"", ""ui_ux"", ""bugs""], ""score"": 0.4811}]",True,matched_target_labels_only,True,
79716291,1145460,neg__localization,neg__localization,"It’s a cute game, but I fully admit that I don’t have any strong feelings about it one way or the other. Again, it’s sweet, but nothing to write home about, and I don’t know if I will be replaying any time soon. Quality wise, the art is nice, and the music can be a bit overbearing at times, but it did match the theme well enough. There were a few snippets of text here and there that confused me a bit, some were small spelling errors and there were a few that I’m not quite sure if they were typos or just figures of speech that I had never heard before, but it was nothing major and I wouldn’t say that they detracted from my overall enjoyment of the game. Really my biggest issue with the game was the progression of the story, which went WAAYY to fast for my liking. These two dudes have just met this girl and suddenly it’s all “Hey let’s date!” I mean, it even sorta gets acknowledged in game how quickly things are progressing. But again, for a $5 otome game, I wasn’t expecting an Idea Factory narrative. In conclusion: It’s a short game you can finish in less than a day, it has it’s cute moments, and the art is pretty, so go ahead and buy it if you like the beach and shirtless mermen. It's only $5 after all. On a side note: there was a scene near the beginning of the game that was unintentionally funny? It was a pan up of Crylis (The merman’s) sprite, and for some reason this merman sprite descending from the heavens was just the funniest thing to me. Don’t ask me why; it was late, I was kinda tired, and I have a terrible sense of humor.","[""graphics"", ""audio"", ""value""]","[""story"", ""replayability"", ""localization""]",True,,gemma3:27b,pseudo_topics_rag_v3_embedding,"[{""review"": ""Game is really good i give it an AdventNEON thumbs up! It was really fun dashing around as fast as I could, and the boss fights really made me feel like I was in a flash Sonic animation. Sound track is also good, aside from maybe one or two tracks. Didn't really get to listen too much of it in the game because I was too busy trying to dash as fast as I could. A few minor negatives though. Nothing too crazy that spoil the game for me, though It would be nice to have them fixed or ironed out in a potential sequel. -The story itself is alright, nothing too crazy. The game is mostly focused on being, you know, a game. -Sprite are did feel a bit inconsistent, especially when some were drawn at a perspective instead of flat. -There are a couple moments that break the immersion of the game. (Characters moving stiffly on a set path, bullets being shot not lining up with the barrel, sound effect when kicking up specifically stopped playing sometimes, stuff like that.) -Some parts can feel a bit jack to play. I can't remember what specifically, but there were some minor annoyances. (I'm looking at you, gears that I get stuck in during the time stop segments.) -Would've like some of the mechanics to be explained or introduced better as most of the time you are just thrown into them. I was able to catch of pretty easily, but sometimes it took a bit to understand them. -The game is TOO SHORT I WANT TO RUN AROUND MORE. All in all, extremely impressive for a solo dev. I hope we get to see Neon more in the future. Kachow. Also I remember there being some sort of fanart thing where fanart was going to be put in the game unless I'm misremembering things. If it is I would like to redraw mine it's been 4 years. Thanks."", ""positive_topics"": [""gameplay"", ""audio"", ""story"", ""graphics""], ""negative_topics"": [""graphics"", ""audio"", ""gameplay"", ""ui_ux"", ""content""], ""score"": 0.6114}, {""review"": ""This game is deceptively simple to play and has an amazing amount of depth whether its game play, story, art, colors and effects. The amount of bops in the soundtrack is INSANE, its hard not to like all of them. I have seriously considered buying the music from steam. if you are a fan of anime you will adore this game. The voice acting is top notch as well. Also if you are paying attention to the conversations you'll realize there is an incredible amount of foreshadowing in this short game. There are only 3 VERY MINOR things I didn't like in the game. 1. The UI in the home base menu is not really intuitive in my opinion, especially some navigation bits. 2. There are times where I'd like a certain someone to be quiet while I navigate the menu 3. Cant choose tracks to listen to in-game and if multiple muses activate, you cant click on one to play their theme in battle 4th and smallest thing, i just wish the game was longer story wise. Also be warned this game is not a game that you play quickly. each battle is like a mini puzzle that you want to take your time with to end in as little turns as possible. The game is simple but It can be confusing to understand how to actually play cards properly on top of navigation in dungeons. basically as with other roguelites, you are suppose to repeat dungeons until you build enough level to tackle harder ones, but the hidden gem is that you aren't just leveling up or acquiring new cards , you are leveling up your knowledge base of the mechanics which is not quantifiable in game but is absolutely a stat you're increasing. Its a nice game for your brain to be honest. Overall, A+ across the board for me. Play this game if you like anime girls, card games and colors"", ""positive_topics"": [""gameplay"", ""story"", ""graphics"", ""audio""], ""negative_topics"": [""ui_ux"", ""content""], ""score"": 0.5807}, {""review"": ""I actively dislike this game. Two hours in and I'm bored to death, waiting for something intersting to happen. But it never does. What is this game about? The plot makes no sense. The characters are boring. Combat is tedious and unrewarding. I have nothing good to say about this game. Don't waste your time and money. I'd ask for a refund if I could."", ""positive_topics"": [], ""negative_topics"": [""story"", ""gameplay"", ""value""], ""score"": 0.5546}]",True,matched_target_labels_only,True,
119867246,1675910,neg__localization,neg__localization,"There are typos in the prompt material in the software. (i.e. ""od"" instead of ""of"", ""s"" instead of ""is"") which causes a break in typing and cause the actual typing speed of the user to plummet when speed typing. I've gone from averaging 80s per lesson to 34 because of these typos on the typing material on each lessen. I cannot in good faith recommend buying this until it is fixed.",[],"[""localization"", ""performance""]",True,,gemma3:27b,pseudo_topics_rag_v3_embedding,"[{""review"": ""Constant issues with the writing took me out of things, and the auto-text (which is automatically on) then sped on by before I could adjust. No save function and the instructions aren't clear."", ""positive_topics"": [], ""negative_topics"": [""story"", ""ui_ux""], ""score"": 0.4688}, {""review"": ""Lack of tutorial made me feel completely lost. I couldn't navigate well and had a hard time figuring out the controls. Poor graphics and sound design is very obvious and gets boring very fast. Seems like not a lot of work was put into the game. Overall very unsatisfied."", ""positive_topics"": [], ""negative_topics"": [""ui_ux"", ""controls"", ""graphics"", ""audio""], ""score"": 0.3747}, {""review"": ""I enjoyed the game for a bit, but there are numerous issues that made me stop playing: -Obvious bugs like menu items being incorrect or not working. Most of these are pre-existing bugs from many years ago that were ignored and never fixed. -Translation is actually worse than it used to be. Some item names actually don't make sense anymore. -Some alchemy recipes are listed incorrectly in-game (they take different materials than are listed in the in-game recipe). -Autobattle is too poorly implemented. -There are 2 audio sliders: BGM and VFX. Neither of these affect the voiceover volume which cannot be adjusted or silenced. -The original game came with a strategy guide which listed necessary information for playing the game (like stat requirements for classes.) There is no digital strategy guide, so if you want to play advanced classes you have to use google to look up the requirements. TLDR; Nothing was improved besides the graphics. All bugs and broken behaviors from the original are still there with no fixes."", ""positive_topics"": [""graphics""], ""negative_topics"": [""bugs"", ""localization"", ""gameplay"", ""audio"", ""ui_ux"", ""updates_support""], ""score"": 0.3549}]",True,matched_target_labels_only,True,
46802067,931540,neg__localization,neg__localization,2.5 hrs to finish. Bad localization. Teleport only. The 3d audio for the zombies is off a fair amount. They sound like they are coming from the wrong direction. The puzzles were ok. Only buy on sale.,"[""story""]","[""localization"", ""audio"", ""value""]",True,,gemma3:27b,pseudo_topics_rag_v3_embedding,"[{""review"": ""Much like the global part of ABC Islands, this is Logistical as an idle game, where towns don't consume deliveries so you're free to do them as quickly or slowly as you like. There's still some strategy to the game though, and figuring out the puzzles was fun. A different take on Logistical, that I would recommend to fans of the base game and idle games."", ""positive_topics"": [""gameplay""], ""negative_topics"": [], ""score"": 0.5007}, {""review"": ""I WANTED to like this game. I spent over a year following it, waiting through multiple delayed release dates, and I kept looking forward to finally getting to play it. Unfortunately, once I was actually able to, I found it unplayable due to bugs - the game freezes at a specific point, and while you can go into the menu and save and such, it won't progress any further, and this has happened in all four routes that I tried. Now, I liked most of the characters, and the storyline seemed interesting (at least, what I could see of it). If the bugs were fixed, my opinion of the game might go up. But as far as I'm aware, the devs haven't even acknowledged the bugs, let alone made any attempt to fix them, so my recommendation is to not bother with this game. I regret wasting the money on it."", ""positive_topics"": [""story""], ""negative_topics"": [""bugs"", ""updates_support"", ""value""], ""score"": 0.4463}, {""review"": ""Bought it entirely for having a unique art style and I simply had not played anything like this before. I cursed at getting stuck in Hex tiles a few times, but altering mouse sensitivity a few times lead to an interesting adventure. Completed in under two hours, but plan to go many rounds in my little forest when I need a break from the headache of 3D atmospheres. My green little heart beats."", ""positive_topics"": [""graphics"", ""gameplay"", ""replayability""], ""negative_topics"": [""controls""], ""score"": 0.438}]",True,matched_target_labels_only,True,
196143877,1286380,neg__localization,neg__localization,"Multi-path stories sim Using various types of stat values in each story, the player can manipulate how the story goes. Ruin the character’s life or make it as best as it can be. Praises • Emma’s story path gives some insight into the type of bullsh*t women put up with in a male-dominated workplace. • Paul’s story path demonstrates how ridiculously corrupt and hypocritical politicians are. • There is a decent amount of diversity among all the characters of the game. • The game made me chuckle a couple of times. Complaints • Lots of typos. A few sections of text left untranslated from French. Some awkward translations to English. • Imbalanced elements in gameplay. • Jenny’s story path is boring. I had so little motivation to finish it because there was nothing interesting about it. It seems like it was supposed to be about bullying and dealing with college, except bullying is rare in college; that’s more of a k-12 thing. Regardless, the point of it was just so poorly-written and weak. • (Possible Bug) During Jenny’s story path, it is not even remotely obvious how you’re supposed to inform Hamim about Mika’s internship. There are no options for it anywhere, then the two friends get upset because the event never occurs. • (Bug) During Jenny’s path, it seems like there isn’t a way to stop Mika from committing the prank, even though on the branch map, it insinuates there is. • (Bug) On Jenny’s path, the revision notes do not refresh for a new playthrough, making it impossible to know how many the player actually has for that playthrough. They do not stack through playthroughs. • While Paul’s story path addresses the importance of environmentalism, it does the typical mistake of putting the responsibility mostly on general individuals rather than the billionaires whose industries are almost entirely responsible for climate change. Furthermore, the socialist politician character in his story would’ve made that point by arguing that eliminating capitalism would absolutely lead to better environmentalism and she unrealistically makes no such argument. (I am not suggesting people should stop individually doing things that help the environment. I am just pointing out that if you want to stop the planet from burning up in a few generations, the only way to do that is to stop the billionaires and their industries. There is no other way, because it is literally them killing the planet with their industries.) • (Bug) Jordan’s story path seems entirely messed up because in order for him to confess that he’s gay to people, he needs enough morale, but he never has enough for what is required and there is seemingly no way to increase the max amount of morale. It’s just 3. I can’t tell if the bug is that there are suppose to be more or that the method of increasing the max morale is not presenting itself. But yeah, it’s impossible to confess to anyone. Considering the game was released in 2021 and there are several improvements that need to be made, I can’t recommend the game. It’s a cool concept, but executed poorly. It is seemingly impossible to get a lot of the achievements.","[""story"", ""content""]","[""bugs"", ""localization"", ""difficulty_balance"", ""gameplay""]",True,,gemma3:27b,pseudo_topics_rag_v3_embedding,"[{""review"": ""I have no ide why this have a positive review, this not the game, at best it is prolog to a game. I t is hard to say there is a story here when all story is sumurise to your borthere is gone go here end. It is not even well made."", ""positive_topics"": [], ""negative_topics"": [""story"", ""content""], ""score"": 0.4624}, {""review"": ""Edit: The developer has read this review and made changes to improve upon the issues noted here. Please read more current reviews for an updated take on the current state of the game. This game starts off promising! It looks and sounds great. Unfortunately, after the first 15 minutes the game makes some very frustrating design decisions and it becomes very tedious. Here is the game play loop: Walk for 10 minutes while being chased, stumble upon a puzzle that you won't understand, die, wait 30 seconds before you can try again, walk for another 7 minutes because now you know the way, stumble upon the puzzle, pray that you don't die, die, and you keep doing that until you figure it out. There is a sprint mechanic in this game but it is removed from certain levels for inexplicable reasons. Eventually it became too much of a chore so I decided not to punish myself anymore. Sorry Dev, I really wanted to enjoy this one. If you'd like to see my experience, you can check it out here: [URL]"", ""positive_topics"": [""graphics"", ""audio""], ""negative_topics"": [""gameplay"", ""controls""], ""score"": 0.4296}, {""review"": ""Interesting story line and side story lines. I am enjoying my experience with this game. :)"", ""positive_topics"": [""story""], ""negative_topics"": [], ""score"": 0.424}]",True,matched_target_labels_only,True,
41900308,841210,neg__localization,neg__localization,"Where do I begin? So I was lookin' through Steam on my laptop because I'm on the can and Lois is riding me about the garbage or something, and I seen this game pop up, it looked alright enough I could maybe fire off some knuckle children to some primo animu babes, since usually it costs me a lot more money I figured I'd treat myself and bought this on sale. The game itself? It's like someone took Unreal Engine and slapped some really rad anime assets and just painted in a small little Island. You can kinda tell they just painted on half heartedly all the ground work as I seen an area where they tested several tiles after clipping through a hill to the other side. A child and 5 minutes could produce the same scene from the editor i'd imagine, even Stewie could manage that much and he's like 1. .. Or is he 17? I can't remember. The models are hot, bodies with hour glass figures, large chests and big butts. My intent for buying the game was a success if you gotta know the facts. You basically run around looking for these other chicks with different hair, then talk to them, and you get an achievement for it. There is some Xbox controller support, but you can't jump or nothing, if you fall, you're screwed, start over until you find the broads. Oh, the game doesn't have no english, but that don't matter to little peter. If you're like me, it's worth messing with, maybe the 3 dollars will encourage the devs to do more than paint in 2 hours worth of land.","[""graphics"", ""value""]","[""bugs"", ""controls"", ""content"", ""localization""]",True,,gemma3:27b,pseudo_topics_rag_v3_embedding,"[{""review"": ""Robogal is a blend of various puzzles and VN, and all sprinkled with hentai fanservice. An attractive mix (to me) at a budget price. Worth trying, or should you skip it? You play as an unnamed robot constructor, taking orders from clients. Your work requires you to build robot girls based on real women. In order to collect data, you need to locate and interact with target models. Seven women, to be precise. You find them on a city map, where you can click on their pictures. Clicking initiates a VN-style conversation, followed by a puzzle. Puzzles vary a bit. You could be swapping tiles to complete a picture, searching the black screen with a camera to locate your model, mixing colours in a specific order, etc. None of the puzzles pose a real challenge, and the majority can be done in less than 2–3 minutes. After several scenes, you can assemble the bio-robot and move on to another order. There is nothing innovative or creative, but at least there is some variety. Also, after assembling, you can 'test' your creation. Since this is a budget title, my expectations were low. Still, while the puzzles were ok, the English translation sucks. It is better than machine translation, but not by much. Also, the 'testing' option is rather bland. To be honest, for the price asked, the overall quality is acceptable. I was neither satisfied nor disappointed. Just mid. The character art was simply recycled from other games form this dev. I am familiar with most, if not all, of the characters you encounter. Maybe one or two character poses are new; that's it. Moreover, the 'testing' part, i.e., an interactive hentai scene, feels rather lacking. There are a very limited number of very short animation loops. While the quality is fine, I sure expected more. All are uncensored, at least. As for the backgrounds and the UI design, all are fairly good. Similarly to art, the music was also familiar to me. All tracks were present in the other games of this dev. Cost-cutting approach, but the track choices are ok. Nothing catchy or memorable, but they serve their role as background fillers well enough. For the asked price - acceptable. No bugs encountered. To conclude, this game is a low-cost mix of puzzles and badly translated stories. Art and music are fine, but the hentai part is lacking. For a budget price, you get budget entertainment. Only with low expectations is it possible to have fun playing: 4.7/10"", ""positive_topics"": [""gameplay"", ""graphics"", ""audio"", ""ui_ux"", ""value""], ""negative_topics"": [""difficulty_balance"", ""content"", ""localization""], ""score"": 0.546}, {""review"": ""Quite possibly the worst adult game on steam. Stay far away. You're welcome. Literally the game is looking at pictures and reading text boxes with weird porn sounds that don't match, bad music, and text that doesn't match the scene."", ""positive_topics"": [], ""negative_topics"": [""audio"", ""story"", ""gameplay""], ""score"": 0.5113}, {""review"": ""at first look this game is quite dark and grim, plus pixataled, I am personaly not a fan of that graphic style, but the gameplay mechanics turned out to be quite fun, sometimes it really tests you reflexes, I like the challenge when there are many enemies in a row"", ""positive_topics"": [""gameplay""], ""negative_topics"": [""graphics""], ""score"": 0.4965}]",True,matched_target_labels_only,True,
137684255,856310,neg__localization,neg__localization,"A very interesting, chilling concept. I have played just some of it for now, but I'll surely come back to it soon. Apart from it being very enjoyable in most aspects, there are some typos and sentence structures that pulled me out of the story. I'm just currently a bit tired, but with more energy in me I'll play more and have an easier time understanding what I'm reading (as a non-native).","[""story"", ""gameplay""]","[""localization""]",True,,gemma3:27b,pseudo_topics_rag_v3_embedding,"[{""review"": ""I enjoyed how you piece all the characters lives together to discover the story. Its an enjoyable and relaxing game."", ""positive_topics"": [""story"", ""gameplay""], ""negative_topics"": [], ""score"": 0.63}, {""review"": ""The game is so chill and relaxing, I really like the art and the music in this game."", ""positive_topics"": [""graphics"", ""audio""], ""negative_topics"": [], ""score"": 0.6135}, {""review"": ""Game is really good i give it an AdventNEON thumbs up! It was really fun dashing around as fast as I could, and the boss fights really made me feel like I was in a flash Sonic animation. Sound track is also good, aside from maybe one or two tracks. Didn't really get to listen too much of it in the game because I was too busy trying to dash as fast as I could. A few minor negatives though. Nothing too crazy that spoil the game for me, though It would be nice to have them fixed or ironed out in a potential sequel. -The story itself is alright, nothing too crazy. The game is mostly focused on being, you know, a game. -Sprite are did feel a bit inconsistent, especially when some were drawn at a perspective instead of flat. -There are a couple moments that break the immersion of the game. (Characters moving stiffly on a set path, bullets being shot not lining up with the barrel, sound effect when kicking up specifically stopped playing sometimes, stuff like that.) -Some parts can feel a bit jack to play. I can't remember what specifically, but there were some minor annoyances. (I'm looking at you, gears that I get stuck in during the time stop segments.) -Would've like some of the mechanics to be explained or introduced better as most of the time you are just thrown into them. I was able to catch of pretty easily, but sometimes it took a bit to understand them. -The game is TOO SHORT I WANT TO RUN AROUND MORE. All in all, extremely impressive for a solo dev. I hope we get to see Neon more in the future. Kachow. Also I remember there being some sort of fanart thing where fanart was going to be put in the game unless I'm misremembering things. If it is I would like to redraw mine it's been 4 years. Thanks."", ""positive_topics"": [""gameplay"", ""audio"", ""story"", ""graphics""], ""negative_topics"": [""graphics"", ""audio"", ""gameplay"", ""ui_ux"", ""content""], ""score"": 0.5564}]",True,matched_target_labels_only,True,
22800715,454690,neg__localization,neg__localization,"Broken english simulator 2016. This is an eclectic, off the beaten path kind of game - if you dont mind reading A LOT, and have the patience, this is pretty interesting; if only for its efforts to be something new. Think - goosebumps choose your own adventure with late 80's PC graphics and broken english.","[""gameplay"", ""story""]","[""localization"", ""graphics""]",True,,gemma3:27b,pseudo_topics_rag_v3_embedding,"[{""review"": ""Pretty decent board game! Fairly simple mechanics that let you have some strategy but also allows for some RNG stuff that can give you a boost. The biggest problem I had with this game was the translation was pretty broken English but I also understand that this is a super small Japanese developer who probably didn't have a lot of money for that to happen professionally. The English is still something that you can parse, it just takes a tad bit of effort sometimes. Still, minor quibble. There is something neat with this game and this dev deserved to finally have a positive review on Steam after a couple years without a single one. I like your game. Thank you."", ""positive_topics"": [""gameplay""], ""negative_topics"": [""localization""], ""score"": 0.4567}, {""review"": ""A neat little liminal game/walking simulator. Except for other liminal games such as POOLS, this most reminds me of LSD: Dream Emulator for the PSOne (grab and play that too if you can find it!). PROS: Great atmosphere, runs very well on Steam Deck despite not being verified, tight controls. CONS: Too expensive for the content on offer, a little janky in places."", ""positive_topics"": [""graphics"", ""performance"", ""controls""], ""negative_topics"": [""value"", ""bugs"", ""content""], ""score"": 0.4405}, {""review"": ""If you're looking for a fun Stationary VR game this is a good one. It is a tower defence game, anyone who has played one knows the deal, each one has its own flavor. Haven't gotten deep into it yet and its early access, But already shows alot of promise."", ""positive_topics"": [""gameplay""], ""negative_topics"": [], ""score"": 0.4322}]",True,matched_target_labels_only,True,
103355279,1772070,neg__localization,neg__localization,"A good but short game. Mostly in visual novel format with a few staged fights per chapter. Enjoyable characters with a few typos here and there. The only real complaint I have about the game is the save feature does not work correctly, which for a short 4 hour story line is not the biggest deal breaker.","[""story"", ""content""]","[""bugs"", ""localization""]",True,,gemma3:27b,pseudo_topics_rag_v3_embedding,"[{""review"": ""A nice little game, story oriented... Well it is a Visual Novel, so not really a \""game\"" tbh, more of an \""interactive story\"" where you can change the ending. Visuals are pretty nice and the soundtrack is really cool and chill, i really liked it ! It will take about 30min to 1hours to complete, and have Multiple endings. For its price tag, honestly, it is worth !"", ""positive_topics"": [""story"", ""graphics"", ""audio"", ""content"", ""replayability"", ""value""], ""negative_topics"": [], ""score"": 0.7083}, {""review"": ""The game is really great. I was playing to pass the time and soon I became addicted. The game is very fluid, and the features unlocked before the game starts and between waves add extra fun to the game. Also, the game is extremely cheap, I recommend it to everyone."", ""positive_topics"": [""gameplay"", ""value""], ""negative_topics"": [], ""score"": 0.6453}, {""review"": ""Great game! Especially good for those who like close range combat. Do save frequently, as you can get stuck in the environment sometimes. Also, if you roll a lot in combat to evade (you should), make sure to take a couple of steps towards your target before attacking, otherwise you will frequently attack in the wrong direction. Game has wonderful visuals and an exciting story. Game uses the rather unique SILK engine."", ""positive_topics"": [""gameplay"", ""graphics"", ""story""], ""negative_topics"": [""bugs"", ""controls""], ""score"": 0.6399}]",True,matched_target_labels_only,True,
51056052,755350,neg__localization,neg__localization,"I honestly don't think anyone should pay money for this game. It's around ~30 minutes of gameplay and you get all the achievements (17) in one play through. That being said- the second 'episode' looks way more interesting but this was lackluster. It's about this man with a mysterious illness who stops taking his medication and starts seeing things. The idea seemed super interesting but the actual experience brought absolutely nothing to the table except lazy writing . The ending wasn't even a good cliffhanger or anything- it just feels like they stopped it midway. So I cannot, in good name, recommend this to anyone. Feels unfinished. Pros -Interesting concept -Visually appealing -Quick achievements Cons -Not enough gameplay for your money -Really short -The words got all messed up in translation -Poor translation -Repetitive story telling -Basic characters and art -The track just kept repeating over and over again -Horrible ending (no seriously it makes 0 sense and there's NO room for interpretation) 3/10 but only because of achievements","[""graphics"", ""content""]","[""value"", ""story"", ""localization"", ""audio"", ""gameplay""]",True,,gemma3:27b,pseudo_topics_rag_v3_embedding,"[{""review"": ""I really enjoyed this chapter. This is probably my favourite chapter so far, though it has some things holding it back from beating chapter 3, the best chapter. Positives: Best story of the entire series Looks great visually in some areas The new characters are awesome Interesting puzzles Great gameplay mechanics new and old Negatives: Bugs. There were so many at release and some still exists (like one to do with the Doctor's eye on the tv's). The improved story means that there is unskippable dialogue. A marketed character is unutilized and a major character can be a bit disappointing to some. Though great visually at times, it is a downgrade compared to chapter 3. Conclusion: its a great game with flaws. Its not as good as the previous chapter, but better than the first 2. 7.5-8/10"", ""positive_topics"": [""story"", ""graphics"", ""gameplay""], ""negative_topics"": [""bugs"", ""story"", ""graphics""], ""score"": 0.6059}, {""review"": ""A nice little game, story oriented... Well it is a Visual Novel, so not really a \""game\"" tbh, more of an \""interactive story\"" where you can change the ending. Visuals are pretty nice and the soundtrack is really cool and chill, i really liked it ! It will take about 30min to 1hours to complete, and have Multiple endings. For its price tag, honestly, it is worth !"", ""positive_topics"": [""story"", ""graphics"", ""audio"", ""content"", ""replayability"", ""value""], ""negative_topics"": [], ""score"": 0.5867}, {""review"": ""A very nice, very stylish, creative roguelite bullet-heaven game. The game isn't super long, took me about 6 hours to finish, would probably take about 30 more minutes for 100% of the achievements. The game has full controller support and nice accessibility options for modulating difficulty, not to mention the ability to pick your difficulty less directly within runs as well. The art is great (gives me Cowboy Bebop vibes, can't quite put my finger on why), the music is great, the story (surprised me that there was any!) is basic but touching, the gameplay is somewhat innovative (mixing Necrodancer-style rhythm-combat mechanics with Vampire Survivors-like top-down bullet-heaven combat) and is pretty fun, although it gets a little bit repetitive by the end. I hope there is a bit more exploration of unsteady rhythms if the devs ever make a next entry, there is a lot of leniency in getting 'perfect's here and after a while the consistent rhythm gets pretty second-nature, so it might be nice to see that shaken up. The game lacks polish, but not in any way that truly breaks the experience. It's mostly observed in some unintended behaviours¹, incorrect tooltips, etc. The main thing that diminishes the experience in my opinion is the lack of visual clarity on some levels and with some builds (looking at you, 'Chain projectiles'). I also think it would benefit from some more clarity on how its basic mechanics work (tagging weapons with their damage types, an option to show values in skill descriptions, etc.), the 15 tips on pause help but don't really explain everything (although with how short the experience is and with how not-that-difficult even the later stages are, you won't play for long enough for this lack of knowledge to sour your experience like it probably would in a 100+ hour game). Ah, also, for whatever reason, achievements aren't working at all for me (they don't even show up on the game's page in my library), although that might be Steam's fault. Overall, I'd recommend the game, and also wish the best for the devs in their future endeavours! ¹ = Restarting a run will start you with a random character, including ones that you have not unlocked yet (including the secret 13th, happened on my first death lol). Sometimes the solo that gets activated seems to be random if you have 3 instruments and all have full meter. Using a solo sometimes allows enemies to fire projectiles after all the existing projectiles are cleared, meaning you can get locked into getting hit since you can't move during the solo animation (died to that once :'D). You can actually move during the solo animation, as well as the post-battle \""Kill the music\"" transition, if you were ending a dodge while entering those states. On controller, pausing on the item upgrade screen will pick whatever upgrade you were hovering when the game is unpaused."", ""positive_topics"": [""gameplay"", ""graphics"", ""audio"", ""story"", ""controls"", ""accessibility""], ""negative_topics"": [""gameplay"", ""ui_ux"", ""bugs""], ""score"": 0.5632}]",True,matched_target_labels_only,True,
158939311,2632490,neg__localization,neg__localization,"Charming and cozy, very casual cooking game with a cute story. The typos and misspellings are absolutely everywhere, but it really doesn't hurt the story at all. None of the misspellings are so egregious that any of the story is truly lost. A few other bugs at the time of this review, though: Upon opening the game a 2nd time, some tutorial segments popped up again but it was easily dispatched so not a huge deal. Sometimes, also, the last dialogue from the previous customer will be there as the opening dialogue for the next customer... bit weird but again, not game-breaking by any means. Sometimes music and sound settings do not save between sessions, and sometimes mouse clicks do not register until a few extra clicks have been mashed into whatever button I'm trying to click. So far, I've only noticed this when recalling the foragers I've sent out. All somewhat small bugs, honestly. The game works fine, looks fine, and plays fine in spite of all I've mentioned; it might just need an update for polishing up and it'll be golden. If you love Redwall, these minor things are truly very minor indeed, and you'll enjoy this little gem.","[""story"", ""gameplay""]","[""bugs"", ""audio"", ""controls"", ""localization"", ""updates_support""]",True,,gemma3:27b,pseudo_topics_rag_v3_embedding,"[{""review"": ""I enjoyed the game for a bit, but there are numerous issues that made me stop playing: -Obvious bugs like menu items being incorrect or not working. Most of these are pre-existing bugs from many years ago that were ignored and never fixed. -Translation is actually worse than it used to be. Some item names actually don't make sense anymore. -Some alchemy recipes are listed incorrectly in-game (they take different materials than are listed in the in-game recipe). -Autobattle is too poorly implemented. -There are 2 audio sliders: BGM and VFX. Neither of these affect the voiceover volume which cannot be adjusted or silenced. -The original game came with a strategy guide which listed necessary information for playing the game (like stat requirements for classes.) There is no digital strategy guide, so if you want to play advanced classes you have to use google to look up the requirements. TLDR; Nothing was improved besides the graphics. All bugs and broken behaviors from the original are still there with no fixes."", ""positive_topics"": [""graphics""], ""negative_topics"": [""bugs"", ""localization"", ""gameplay"", ""audio"", ""ui_ux"", ""updates_support""], ""score"": 0.5048}, {""review"": ""I WANTED to like this game. I spent over a year following it, waiting through multiple delayed release dates, and I kept looking forward to finally getting to play it. Unfortunately, once I was actually able to, I found it unplayable due to bugs - the game freezes at a specific point, and while you can go into the menu and save and such, it won't progress any further, and this has happened in all four routes that I tried. Now, I liked most of the characters, and the storyline seemed interesting (at least, what I could see of it). If the bugs were fixed, my opinion of the game might go up. But as far as I'm aware, the devs haven't even acknowledged the bugs, let alone made any attempt to fix them, so my recommendation is to not bother with this game. I regret wasting the money on it."", ""positive_topics"": [""story""], ""negative_topics"": [""bugs"", ""updates_support"", ""value""], ""score"": 0.4619}, {""review"": ""Love this game! However, I accepted a pet order, and have it in it's pen so its taking up a spot, but it isn't in the list of clients. No matter how much I train it, it isn't being picked up. How do I get rid of this glitch?"", ""positive_topics"": [""other""], ""negative_topics"": [""bugs""], ""score"": 0.4519}]",True,matched_target_labels_only,True,
105280446,1821910,neg__localization,neg__localization,"This game comes off as a home brew learning project that should not be published. I noted that the game has no reviews so I grabbed it to yell FIRST. The following are the issues I have with the game from start to quit: The main menu title doesn't fit, has white background, play has black shadow, load button and the other button are missing... Also the music should be a bit softer or faded. Once ingame, escape and go to the settings to turn down that obnoxious ambient noise and axe the music. The slide bars for these settings is extremely thin despite the style they are using for the UI. No confirmation inquiry when you click the main menu button. I accidently clicked it and got yeeted to the main menu which is a bit annoying and probably resets the game on the player. I also note that the game loads the music before it loads the user's settings which results in like half of a second of a loud beep before the music gets nerfed. E or R opens your UI which honestly has a decent trim style but the text fields are lacking an alpha background which results in a opaque box behind the text. Kinda poor form to not have this fixed while developing it.. The game has a really pretty grenade model and a total trash ""rifle"" model. Rifle is apparently a shotgun with crap pellets and massive recoil. At least it comes with 1k shots... Also, what the fuck was that sfx when the mantis thingy died? While I find it hillarious, it is grossly inappropriate for a survival game, lmfao. The Geologist dialogue typos aside, this fucker says something along the lines of ""we need to go find some shit at the old base"" and then ""goodluck!""... bastard. Lol. I note that this game has the default Game Guru icon. This needed fixed before a price tag was put on it... Found some ""gold"", not sure if it was the liquid or the rock in the middle of it but apparently I traded my stamina for gold? I have no clue as the menu disappeared quickly and provided no feedback other than whatever stamina % I was at went to zero. Giant scorpion didn't react to me shooting it to death within kicking distance... It walks around but is lacking any other AI it seems. Another red flag... Walked up to a praying mantis to see if it had an AI. It makes sure to face you, turning at like 15 degree angles instantaneously. It walks MEGA slow and if you walk up to it to give it a hug, it donks you, you fall over with your screen going red and you respawn. Okay... trash mob oneshots. Another red flag. After dying, I respawned with my screen red notifying me that I am thirsty for water... bad respawn design... Also instead of drinking water, apparently I am refilling it. Lol. I then went and exchanged my stamina for gold again and lost 2/3 of my hp instantly because I became ""hungry"". It ordered me to go back to the pod for food. I decided that meant alt+F4, review and refund. I'm not going to debug and proof a game for someone that hasn't even put in the minimum effort to do it once over themselves. This should not be shelved.","[""graphics""]","[""bugs"", ""audio"", ""ui_ux"", ""controls"", ""gameplay"", ""performance"", ""localization""]",True,,gemma3:27b,pseudo_topics_rag_v3_embedding,"[{""review"": ""This game is deceptively simple to play and has an amazing amount of depth whether its game play, story, art, colors and effects. The amount of bops in the soundtrack is INSANE, its hard not to like all of them. I have seriously considered buying the music from steam. if you are a fan of anime you will adore this game. The voice acting is top notch as well. Also if you are paying attention to the conversations you'll realize there is an incredible amount of foreshadowing in this short game. There are only 3 VERY MINOR things I didn't like in the game. 1. The UI in the home base menu is not really intuitive in my opinion, especially some navigation bits. 2. There are times where I'd like a certain someone to be quiet while I navigate the menu 3. Cant choose tracks to listen to in-game and if multiple muses activate, you cant click on one to play their theme in battle 4th and smallest thing, i just wish the game was longer story wise. Also be warned this game is not a game that you play quickly. each battle is like a mini puzzle that you want to take your time with to end in as little turns as possible. The game is simple but It can be confusing to understand how to actually play cards properly on top of navigation in dungeons. basically as with other roguelites, you are suppose to repeat dungeons until you build enough level to tackle harder ones, but the hidden gem is that you aren't just leveling up or acquiring new cards , you are leveling up your knowledge base of the mechanics which is not quantifiable in game but is absolutely a stat you're increasing. Its a nice game for your brain to be honest. Overall, A+ across the board for me. Play this game if you like anime girls, card games and colors"", ""positive_topics"": [""gameplay"", ""story"", ""graphics"", ""audio""], ""negative_topics"": [""ui_ux"", ""content""], ""score"": 0.631}, {""review"": ""Developer: Fix your game! I couldn't even navigate in the menu because the amount of lag. The loading time was awful and the game froze just from me to trying to put the settings LOWER. How would you expect me to start the game and actually try to play this if the menu doesn't even work? Can't recommend this to anybody."", ""positive_topics"": [], ""negative_topics"": [""ui_ux"", ""performance"", ""bugs""], ""score"": 0.6288}, {""review"": ""I enjoyed the game for a bit, but there are numerous issues that made me stop playing: -Obvious bugs like menu items being incorrect or not working. Most of these are pre-existing bugs from many years ago that were ignored and never fixed. -Translation is actually worse than it used to be. Some item names actually don't make sense anymore. -Some alchemy recipes are listed incorrectly in-game (they take different materials than are listed in the in-game recipe). -Autobattle is too poorly implemented. -There are 2 audio sliders: BGM and VFX. Neither of these affect the voiceover volume which cannot be adjusted or silenced. -The original game came with a strategy guide which listed necessary information for playing the game (like stat requirements for classes.) There is no digital strategy guide, so if you want to play advanced classes you have to use google to look up the requirements. TLDR; Nothing was improved besides the graphics. All bugs and broken behaviors from the original are still there with no fixes."", ""positive_topics"": [""graphics""], ""negative_topics"": [""bugs"", ""localization"", ""gameplay"", ""audio"", ""ui_ux"", ""updates_support""], ""score"": 0.5727}]",True,matched_target_labels_only,True,
36454165,630170,neg__localization,neg__localization,"This would be a decent short point and click adventure title were it not so… slapdash. The English translation is pretty engrish, though the voice acting isn't that bad. Some locations have two music tracks accidentally playing on top of another and the game characters have entirely different design and looks during in-game and cutscenes. (The protagonist alternates between having a black three-day stubble and a shaved face with silver moustache – and gains about 20 years of age!) Puzzles can be roughly divided into two categories – there's item-using puzzles that fit the world, and random bouts of sudoku and tic-tac-toe that seem there just for filler. And I had the tic-tac-toe glitch on me. It's just so half-hearted and I'm willing to give historical adventure titles quite a bit of leeway. I suppose the best thing about this game is that the journal in the inventory works as a walkthrough if you get stuck. (Oh yeah, I left the game on for an entire day by accident so that's why the long duration. It's not that long.)","[""audio""]","[""localization"", ""graphics"", ""gameplay"", ""bugs""]",True,,gemma3:27b,pseudo_topics_rag_v3_embedding,"[{""review"": ""the puzzles are easy and fun to figure out but the game itself looks like ass. a very short puzzle game that has good puzzles but looks terrible"", ""positive_topics"": [""gameplay""], ""negative_topics"": [""graphics""], ""score"": 0.5579}, {""review"": ""This game is deceptively simple to play and has an amazing amount of depth whether its game play, story, art, colors and effects. The amount of bops in the soundtrack is INSANE, its hard not to like all of them. I have seriously considered buying the music from steam. if you are a fan of anime you will adore this game. The voice acting is top notch as well. Also if you are paying attention to the conversations you'll realize there is an incredible amount of foreshadowing in this short game. There are only 3 VERY MINOR things I didn't like in the game. 1. The UI in the home base menu is not really intuitive in my opinion, especially some navigation bits. 2. There are times where I'd like a certain someone to be quiet while I navigate the menu 3. Cant choose tracks to listen to in-game and if multiple muses activate, you cant click on one to play their theme in battle 4th and smallest thing, i just wish the game was longer story wise. Also be warned this game is not a game that you play quickly. each battle is like a mini puzzle that you want to take your time with to end in as little turns as possible. The game is simple but It can be confusing to understand how to actually play cards properly on top of navigation in dungeons. basically as with other roguelites, you are suppose to repeat dungeons until you build enough level to tackle harder ones, but the hidden gem is that you aren't just leveling up or acquiring new cards , you are leveling up your knowledge base of the mechanics which is not quantifiable in game but is absolutely a stat you're increasing. Its a nice game for your brain to be honest. Overall, A+ across the board for me. Play this game if you like anime girls, card games and colors"", ""positive_topics"": [""gameplay"", ""story"", ""graphics"", ""audio""], ""negative_topics"": [""ui_ux"", ""content""], ""score"": 0.5371}, {""review"": ""If you like puzzle mystery games with a dark story line, this is the game for you! One of my favorites, actually. I've completed it more than once!"", ""positive_topics"": [""gameplay"", ""story"", ""replayability""], ""negative_topics"": [], ""score"": 0.5335}]",True,matched_target_labels_only,True,
131547960,1978490,neg__localization,neg__localization,"I have high tolerance for crappy Picross clones but my god this one is BAD. - Game is in Chinese and/or extremely broken English - Sound options are ignored - Grid and fonts look bad - Achievement names are messed up But the worst factor is that CLICKS DON'T REGISTER HALF THE TIME. Putting an X mark creates this invisible ""barrier"" around it that prevents from clicking nearby cells normally and it is frustrating beyond any reason. The game is THIS close to being called legitimately unplayable. AVOID.",[],"[""controls"", ""graphics"", ""ui_ux"", ""localization"", ""bugs""]",True,,gemma3:27b,pseudo_topics_rag_v3_embedding,"[{""review"": ""Fun game but unplayable and exttremely frustrating when the hands stop working out of nowhere. Sometimes it's just one hand and somethimes both. I have no idea what could trigger it. Seems to just happen out of nowhere. I play on a HTC Vive and I would not recommend this game until the bug is fixed."", ""positive_topics"": [""gameplay""], ""negative_topics"": [""bugs"", ""controls""], ""score"": 0.4596}, {""review"": ""awful, please do a shortcut button...its unplayable."", ""positive_topics"": [], ""negative_topics"": [""controls""], ""score"": 0.4181}, {""review"": ""This game is a delight. I did have a few issues, in that the enemy placement fells a bit overwhelming and the movable blocks feel a bit hard to interact with, but the game has a really fun sound track and the character is adorable. Edit- I messed up and clicked the button for received for free instead of allow comments, pity my brain for not working"", ""positive_topics"": [""audio"", ""graphics""], ""negative_topics"": [""difficulty_balance"", ""controls""], ""score"": 0.3948}]",True,matched_target_labels_only,True,
55737647,1093320,neg__localization,neg__localization,"This game is pretty good. There are a few issues that can be sorted out with some extra time, but for the most part it's enjoyable and solid. Will list pros and cons below. I will say, many people say the game is too easy, but I feel that they must have only played the first initial playthrough based on time spent and my own experience of how the difficulty definitely gets up there. Can recommend for anyone who enjoys a card drafting game, roguelike gameplay, and the like. PROS ~Polished and unique art style ~Very nice soundtrack ~Cards seem decently balanced so far ~Board game-esque exploration is visually pleasing and entertaining ~Mechanics are solid and easy to learn ~10 hours in and still finding new combos, and have only played 1/3 of the initial roster ~Interesting legacy system with currency to boost a struggling run (not microtransaction, earned in-game) CONS ~Poorly translated at times (easily patched but worth noting) ~Similar to StS, the game feels like its over right when i'm getting a good deck going. Needs longer modes. ~Some mechanics are confusing until tried. For example, keywords like ""Transform"" discards the card and makes a token during combat, but changes a card into something else permanently out of combat. ~Typos on certain things like ""sepll"" instead of ""spell"" (again, easily patched but worth noting) ~Asks for online server choice even though the game is entirely offline, so you must have internet to play. (Why?) All in all, with some polishing this game could be one of my go-to's. As it stands I will keep playing it for probably another 20 hours or so, unless something really keeps my attention. ~~Current Rating~~ 8/10","[""gameplay"", ""graphics"", ""audio"", ""value""]","[""localization"", ""ui_ux"", ""content"", ""bugs""]",True,,gemma3:27b,pseudo_topics_rag_v3_embedding,"[{""review"": ""A very nice, very stylish, creative roguelite bullet-heaven game. The game isn't super long, took me about 6 hours to finish, would probably take about 30 more minutes for 100% of the achievements. The game has full controller support and nice accessibility options for modulating difficulty, not to mention the ability to pick your difficulty less directly within runs as well. The art is great (gives me Cowboy Bebop vibes, can't quite put my finger on why), the music is great, the story (surprised me that there was any!) is basic but touching, the gameplay is somewhat innovative (mixing Necrodancer-style rhythm-combat mechanics with Vampire Survivors-like top-down bullet-heaven combat) and is pretty fun, although it gets a little bit repetitive by the end. I hope there is a bit more exploration of unsteady rhythms if the devs ever make a next entry, there is a lot of leniency in getting 'perfect's here and after a while the consistent rhythm gets pretty second-nature, so it might be nice to see that shaken up. The game lacks polish, but not in any way that truly breaks the experience. It's mostly observed in some unintended behaviours¹, incorrect tooltips, etc. The main thing that diminishes the experience in my opinion is the lack of visual clarity on some levels and with some builds (looking at you, 'Chain projectiles'). I also think it would benefit from some more clarity on how its basic mechanics work (tagging weapons with their damage types, an option to show values in skill descriptions, etc.), the 15 tips on pause help but don't really explain everything (although with how short the experience is and with how not-that-difficult even the later stages are, you won't play for long enough for this lack of knowledge to sour your experience like it probably would in a 100+ hour game). Ah, also, for whatever reason, achievements aren't working at all for me (they don't even show up on the game's page in my library), although that might be Steam's fault. Overall, I'd recommend the game, and also wish the best for the devs in their future endeavours! ¹ = Restarting a run will start you with a random character, including ones that you have not unlocked yet (including the secret 13th, happened on my first death lol). Sometimes the solo that gets activated seems to be random if you have 3 instruments and all have full meter. Using a solo sometimes allows enemies to fire projectiles after all the existing projectiles are cleared, meaning you can get locked into getting hit since you can't move during the solo animation (died to that once :'D). You can actually move during the solo animation, as well as the post-battle \""Kill the music\"" transition, if you were ending a dodge while entering those states. On controller, pausing on the item upgrade screen will pick whatever upgrade you were hovering when the game is unpaused."", ""positive_topics"": [""gameplay"", ""graphics"", ""audio"", ""story"", ""controls"", ""accessibility""], ""negative_topics"": [""gameplay"", ""ui_ux"", ""bugs""], ""score"": 0.675}, {""review"": ""Game is really good i give it an AdventNEON thumbs up! It was really fun dashing around as fast as I could, and the boss fights really made me feel like I was in a flash Sonic animation. Sound track is also good, aside from maybe one or two tracks. Didn't really get to listen too much of it in the game because I was too busy trying to dash as fast as I could. A few minor negatives though. Nothing too crazy that spoil the game for me, though It would be nice to have them fixed or ironed out in a potential sequel. -The story itself is alright, nothing too crazy. The game is mostly focused on being, you know, a game. -Sprite are did feel a bit inconsistent, especially when some were drawn at a perspective instead of flat. -There are a couple moments that break the immersion of the game. (Characters moving stiffly on a set path, bullets being shot not lining up with the barrel, sound effect when kicking up specifically stopped playing sometimes, stuff like that.) -Some parts can feel a bit jack to play. I can't remember what specifically, but there were some minor annoyances. (I'm looking at you, gears that I get stuck in during the time stop segments.) -Would've like some of the mechanics to be explained or introduced better as most of the time you are just thrown into them. I was able to catch of pretty easily, but sometimes it took a bit to understand them. -The game is TOO SHORT I WANT TO RUN AROUND MORE. All in all, extremely impressive for a solo dev. I hope we get to see Neon more in the future. Kachow. Also I remember there being some sort of fanart thing where fanart was going to be put in the game unless I'm misremembering things. If it is I would like to redraw mine it's been 4 years. Thanks."", ""positive_topics"": [""gameplay"", ""audio"", ""story"", ""graphics""], ""negative_topics"": [""graphics"", ""audio"", ""gameplay"", ""ui_ux"", ""content""], ""score"": 0.6192}, {""review"": ""Pretty decent board game! Fairly simple mechanics that let you have some strategy but also allows for some RNG stuff that can give you a boost. The biggest problem I had with this game was the translation was pretty broken English but I also understand that this is a super small Japanese developer who probably didn't have a lot of money for that to happen professionally. The English is still something that you can parse, it just takes a tad bit of effort sometimes. Still, minor quibble. There is something neat with this game and this dev deserved to finally have a positive review on Steam after a couple years without a single one. I like your game. Thank you."", ""positive_topics"": [""gameplay""], ""negative_topics"": [""localization""], ""score"": 0.6053}]",True,matched_target_labels_only,True,
202869138,1618230,neg__localization,neg__localization,"Usually I keep my games in english for screenshots and easier translation for most but this game has pretty bad translation, like look at this line: EN: ""I'm not going to take your advice at face value, but we don't want everyone here"" JP: (also translated from Mandarin) ""Let me be clear: I have no intention of accepting Section Chief Ishida's proposal. And not just anyone can come here"" How can it be THAT different? Even Google translate wouldn't deform it THAT much. It's missing a lot of information just in this text. The english translation is also translated like a textbook and felt cringe to read. It almost emphasize on every status, like sister, mister, subordinate, senior, etc. Other than the terrible english translation, although the Japanese one's fine, the story's not good so far. Nothing's captivating/stimulating, nothing's fun or interesting. They just keep yapping with no actual progress in any way. For now it's a 2/10 but we'll see if it get's better down the line, although I'm not hopeful with that introduction to the story. Edit after skipping the story for achievements: WAIT WTF, THE STORY AND ACHIEVEMENTS ARE LOCKED BEHIND A PAYWALL (DLC). Although it's inexpansive, it's still a low blow. (Ends at Chapter 7, half way through the story)",[],"[""localization"", ""story"", ""monetization""]",True,,gemma3:27b,pseudo_topics_rag_v3_embedding,"[{""review"": ""Pretty decent board game! Fairly simple mechanics that let you have some strategy but also allows for some RNG stuff that can give you a boost. The biggest problem I had with this game was the translation was pretty broken English but I also understand that this is a super small Japanese developer who probably didn't have a lot of money for that to happen professionally. The English is still something that you can parse, it just takes a tad bit of effort sometimes. Still, minor quibble. There is something neat with this game and this dev deserved to finally have a positive review on Steam after a couple years without a single one. I like your game. Thank you."", ""positive_topics"": [""gameplay""], ""negative_topics"": [""localization""], ""score"": 0.4705}, {""review"": ""Could not get past first 15 minutes. I could cope with awful introduction (it is a snoozefest), but this game running so poorly with the way it looks is an instant refund. Don't get the appeal, likely never will."", ""positive_topics"": [], ""negative_topics"": [""story"", ""performance"", ""value""], ""score"": 0.3841}, {""review"": ""boring, bland, unintuitive The only good thing about this \""game\"" is the awesome music, but that's only because Aweswan didn't make it themselves (the very first track is by TSFH). The camera control sucks. It scrolls suuuuper slow ... ... also, the map isn't a globe. That means the US is on the far left end and Japan on the far right end. If you wanna try to recreate WW2 and nuke Japan, you don't just cross the Pacific - you have to scroll aaaaall the way over there over the Atlantic, Europe, and Asia in slomo . I swear, the stupid plane carrying the Hiroshima bomb arrived faster in Japan than my mouse cursor did... Rest of the controls suck, too: The \""game\"" has no shortcut keys, you have to do fu cking everything with the mouse. Graphics suck: The map is most probably from Google Images and there are no animations worth a damn. The attacks are \""animated\"" with a few colored lines and the simplest of explosion gifs; but none of the catastrophes are animated... I mean, how cool (and easy to animate) would it have been to see an asteroid crash into the simplistic map? Speaking of the simplistic map: The game looks just plain boring. The sun's reflection in the ocean is the only good thing I remember about this lazy graphics. Wonder where Aweswan stole that from?... It's definitely not their own work. The \""game\"" has a bajillion of cringeworthy typos. It would be somewhat forgivable, if the devs from Aweswan had another language than English, but since the devs apparently and fortunately no longer exist I couldn't find that out, so let's leave it with \""learn to spell, you swanheads\"". Also, its mechanics make no sense. US and Russia start with no nukes? But the country I choose to start in has always 4 nukes, even if I start as Czechia, Congo, or Bhutan? And a few in-game years later literally everyone has nukes, even Tibetian monks!... Ridiculous. Imagine being afraid of nuking Liechtenstein or Andorra, because they might send some nukes back at you... -,- Also, while playing the game told me that Austria lost 120 million civilians. Last time I checked it had only about 9 million, though!?! And that RL number included civilians and military personell. Also, in my very first game Spain got immediately in turn 1 invaded and taken over by Andorra which evidently in the real world has no armed forces and is under Spain's protection... All that stupid stuff would've been okay, if it had been about some no-name fantasy countries in a fantasy world. Was it really that hard to come up with a fantasy world instead of this unrealistic immersion-breaking BS?..."", ""positive_topics"": [""audio""], ""negative_topics"": [""gameplay"", ""graphics"", ""controls"", ""localization""], ""score"": 0.3822}]",True,matched_target_labels_only,True,
98544169,1188430,neg__localization,neg__localization,"It's hard, it's a little sparse, and it's maybe not supported any more, but Deep In The Forest isn't bad. Graphically, it looks very polished. The art is lovely and has its own strong sense of style. But the game is made by a tiny team, so don't expect something as expansive as Slay The Spire. Instead, Deep is a relatively small-deck, combo-focused deckbuilding game. Mana accumulates rapidly, and you can mulch a card each turn to increase your mana gain, so the restriction on most of your turns is hand size. Beyond that, Slay The Spire is a pretty close comparison. You try to dps your enemies down before your turn ends and they damage you, and you have an inventory into which you can load passives to help you in fights. Unlike Slay, Deep has hard progression. Your deck and your level carry over from run to run, and I suspect you may need to grind them both to get past the first boss. This also means you can maybe accidentally build a garbage deck and have to reset your campaign, as combo synergy is *really* important in deep. Deep has an open map, and allows backtracks, but it tries to dissuade players from leveling up too much by causing all enemy damage values to go up the longer you take. This...doesn't interact perfectly with the leveling up system, but I guess it makes hard mode more exciting. I'll update this review if gameplay changes significantly as I continue, but as-is it's kind of a good time-kill. I don't feel the ""just one more run"" effect I get from Spire, and that's kind of a good thing. I can grind a bit, lose, and go back to what I was working on before I decided to take a break, rather than dumping a whole afternoon into a game. Edit: You have to grind for like an hour out of the gate, but after that the game gets pretty flexible and fun. There's room to explore a few different strategies, and later enemies have fairly complex behaviors (do X after you play two cards, do Y after you attack twice, do Z after you heal,) but you'll need to unlock some cards and gain a few levels to get to the good bits. If you get this, push past the three hour mark. It's much more rewarding than I expected. 2nd Edit: There are some weaknesses in the writing. Typos and strange grammar in a few places. They don't interfere with understanding the game mechanically (for the most part,) but the dialog after each boss is supposed to feel significant and dramatic, and the writing sometimes spoils that effect.","[""graphics"", ""gameplay""]","[""difficulty_balance"", ""content"", ""localization""]",True,,gemma3:27b,pseudo_topics_rag_v3_embedding,"[{""review"": ""A nice and simple tower defense game. Good variety of towers and enemies, challenging, flexible tower placement differentiates it from other games. Could have a few more maps, but the main issue is the grind: by killing bosses you unlock very minor stackable bonuses... that are all but essential to win, especially on the harder maps."", ""positive_topics"": [""gameplay"", ""content"", ""difficulty_balance""], ""negative_topics"": [""content"", ""difficulty_balance""], ""score"": 0.4554}, {""review"": ""Super basic game. 10 levels, The same 3 types of towers used in all 10 levels. Wonky placement controls on the towers. Some of the enemies don't follow the path marked in some levels. Doesn't offer Steam Profile Showcase progress. Even for a dollar, this game is like someones day project that was dropped into the steam store. No screenshots, no guides, a single review in over a year. If you've already bought it, and looking for a guide- buy 2 destroyers and place them on the left side. Buy a slow tower for the left side. Buy a Destroyer for the right side. Slow tower right. Destroyer. Upgrade Destroyers. Spam towers. Congrats you've won all 10 levels this way. Don't use Lightning because it goes up in price everytime you use lightning or claws. Claws stays the same price all game. Just use claws on grouped up enemies. Good luck in your games."", ""positive_topics"": [], ""negative_topics"": [""controls"", ""bugs"", ""content"", ""gameplay"", ""value""], ""score"": 0.448}, {""review"": ""Mythical city is a very standard auto-RTS style game. You have a deck of cards that starts very simple, and every time you gain a level you can add new cards to your deck or upgrade your current ones. A genre that I mostly enjoy, the problems I have are the following: 1) The game does absolutely nothing new or exciting in any way, just the most basic forms of the genre 2) The UI is questionable at best, so you are often forced to guess at what potential upgrades might do 3) The resources you use to play cards accumulates so fast that you are just always playing all of your cards all the time, as fast as you can, which removes a lot of the strategy and also means: 4) you are trying to play your \""cards\"" so fast that there is never any time to observe what is happening. If I got to a later level and lost I would have no idea why, because I am spending all my attention trying to play cards faster 5) the game starts at you summoning 1-2 units/second and scales up quickly from there, so your outbound army is just an oozing mass of units that occupies the entire screen Overall not *bad* per se, perhaps a 4 or 5 out of 10, but there is absolutely nothing I see that is actively positive"", ""positive_topics"": [], ""negative_topics"": [""gameplay"", ""ui_ux""], ""score"": 0.4193}]",True,matched_target_labels_only,True,
202214341,2913040,neg__localization,neg__localization,"Back is a Chinese FMV visual novel with pretty Asian girls, a bad English translation, and almost non-existent gameplay. First, I have to say a few good things about this “game” — the girls are genuinely cute, there are one or two decent jumpscare moments, and the few practical effects do the job. For a small indie studio — kudos. But the story is dull, many of the choices (which either are correct and let you progress, or wrong and force you to replay the scene) come without any explanation, or the explanation is completely lost in the incredibly poor translation. Gameplay elements are practically absent — after several minutes of watching videos, you get to choose between two or three options, of which only one is correct. No mysteries, no puzzles, nothing. Overall, a pretty disappointing product that I’m not even sure I can call a “game.” Video: [URL]","[""graphics""]","[""localization"", ""gameplay"", ""story""]",True,,gemma3:27b,pseudo_topics_rag_v3_embedding,"[{""review"": ""Pretty decent board game! Fairly simple mechanics that let you have some strategy but also allows for some RNG stuff that can give you a boost. The biggest problem I had with this game was the translation was pretty broken English but I also understand that this is a super small Japanese developer who probably didn't have a lot of money for that to happen professionally. The English is still something that you can parse, it just takes a tad bit of effort sometimes. Still, minor quibble. There is something neat with this game and this dev deserved to finally have a positive review on Steam after a couple years without a single one. I like your game. Thank you."", ""positive_topics"": [""gameplay""], ""negative_topics"": [""localization""], ""score"": 0.5138}, {""review"": ""This game is definitely worth a playthrough! The art is handcrafted and BEAUTIFUL, and the localization allows the Chilean flavor of the game to come through in English without any awkwardness. The action is sharp and engaging. There's an option for two player co-op (and even couch co-op, which is sorely lacking these days!). The difficulty is real, but the combat and upgrade system does allow for building some seriously powerful combos. Especially if the game is on sale, pick it up!"", ""positive_topics"": [""graphics"", ""localization"", ""gameplay"", ""multiplayer"", ""difficulty_balance"", ""value""], ""negative_topics"": [], ""score"": 0.4775}, {""review"": ""This game is deceptively simple to play and has an amazing amount of depth whether its game play, story, art, colors and effects. The amount of bops in the soundtrack is INSANE, its hard not to like all of them. I have seriously considered buying the music from steam. if you are a fan of anime you will adore this game. The voice acting is top notch as well. Also if you are paying attention to the conversations you'll realize there is an incredible amount of foreshadowing in this short game. There are only 3 VERY MINOR things I didn't like in the game. 1. The UI in the home base menu is not really intuitive in my opinion, especially some navigation bits. 2. There are times where I'd like a certain someone to be quiet while I navigate the menu 3. Cant choose tracks to listen to in-game and if multiple muses activate, you cant click on one to play their theme in battle 4th and smallest thing, i just wish the game was longer story wise. Also be warned this game is not a game that you play quickly. each battle is like a mini puzzle that you want to take your time with to end in as little turns as possible. The game is simple but It can be confusing to understand how to actually play cards properly on top of navigation in dungeons. basically as with other roguelites, you are suppose to repeat dungeons until you build enough level to tackle harder ones, but the hidden gem is that you aren't just leveling up or acquiring new cards , you are leveling up your knowledge base of the mechanics which is not quantifiable in game but is absolutely a stat you're increasing. Its a nice game for your brain to be honest. Overall, A+ across the board for me. Play this game if you like anime girls, card games and colors"", ""positive_topics"": [""gameplay"", ""story"", ""graphics"", ""audio""], ""negative_topics"": [""ui_ux"", ""content""], ""score"": 0.4632}]",True,matched_target_labels_only,True,
16973343,259720,neg__localization,neg__localization,"Fading Hearts is not one of those games which will really win an award for spelling, nor will its story win an Oscar by any means. Fading Hearts as a VN game is confident, but that comes with some spelling errors. So if you’re a grammar N…Z or an English teacher, it’s not advisable to pickup and play this game. It could possibly drive you insane by the spelling mistakes in this game. Also if by chance you’re picky on fictional settings and places not fitting in the logic of the real world then don’t pick this game up. But if you’re old enough to remember the ridiculous plots and plot holes of older Japanese VN games from the 80’s. Then you might have an idea what to expect as a back story plays out. In Fading Hearts Y2K led to a disaster which only affected one small nation in the whole world. That small nation is where our main catalog of characters in this game live. This leaves our main protagonist and his friends without parents because of the disaster which had befallen the small country of Sorayama. Personally, I had to stop playing for a bit because I was laughing for a while after reading it. But after getting my composure back I found out that I enjoyed Fading Hearts as a whole game. With all that said, technically the game does everything VN games have done in the past and doesn’t really break that mold. That is not really a bad thing as VN games were always about how you discovered the world around you, but also the people you interacted with. That in itself, is what Fading Hearts does right, it gives you the ability to choose how you want to pursue your relationship with those characters’. As well as how your choices will affect the final ending of the game itself. So if you’re a relaxed person whom happens not to get too stuck up on a few spelling errors and an off the wall notion of the world Ryou lives in, give this game at least a shot.","[""story"", ""gameplay""]","[""localization""]",True,,gemma3:27b,pseudo_topics_rag_v3_embedding,"[{""review"": ""Pretty decent board game! Fairly simple mechanics that let you have some strategy but also allows for some RNG stuff that can give you a boost. The biggest problem I had with this game was the translation was pretty broken English but I also understand that this is a super small Japanese developer who probably didn't have a lot of money for that to happen professionally. The English is still something that you can parse, it just takes a tad bit of effort sometimes. Still, minor quibble. There is something neat with this game and this dev deserved to finally have a positive review on Steam after a couple years without a single one. I like your game. Thank you."", ""positive_topics"": [""gameplay""], ""negative_topics"": [""localization""], ""score"": 0.4258}, {""review"": ""Decent word game with a superfluous timer. Feels juicy to play. The control scheme for the game is fun, and so is having the same controls in the menu. Also, the rosettes were pretty. Slight misgivings: ESC cancels out of the entire three-stage level, so you have to do it again; and the game absolutely hates alt-tab. And the game features some offputting play-forever achievements."", ""positive_topics"": [""gameplay"", ""controls"", ""graphics""], ""negative_topics"": [""controls"", ""bugs""], ""score"": 0.4068}, {""review"": ""I bought this game a while a go it was on sale. And honestly I just found it very boring. I will never play it again. It just wasn't fun in my opinion."", ""positive_topics"": [], ""negative_topics"": [""gameplay""], ""score"": 0.4049}]",True,matched_target_labels_only,True,
107922883,1140130,neg__localization,neg__localization,"Boring. I thought this is some kind of hybrid between Factorio and Terraria, but controls are clunky and unpolished, quests require you to wait like 10 minutes just.... I don't know... wondering, drilling through monotonous terrain. Tried it for like half an hour and refunded. May be it shines somewhere later, but my Steam account is full of games waiting me to try them. Why spend my time? BTW Russian translation is awful. Guys, you need something more than Google Translate + a schoolboy polishing it's results to make a good localization.",[],"[""controls"", ""content"", ""value"", ""localization""]",True,,gemma3:27b,pseudo_topics_rag_v3_embedding,"[{""review"": ""This game is definitely worth a playthrough! The art is handcrafted and BEAUTIFUL, and the localization allows the Chilean flavor of the game to come through in English without any awkwardness. The action is sharp and engaging. There's an option for two player co-op (and even couch co-op, which is sorely lacking these days!). The difficulty is real, but the combat and upgrade system does allow for building some seriously powerful combos. Especially if the game is on sale, pick it up!"", ""positive_topics"": [""graphics"", ""localization"", ""gameplay"", ""multiplayer"", ""difficulty_balance"", ""value""], ""negative_topics"": [], ""score"": 0.4762}, {""review"": ""Pretty decent board game! Fairly simple mechanics that let you have some strategy but also allows for some RNG stuff that can give you a boost. The biggest problem I had with this game was the translation was pretty broken English but I also understand that this is a super small Japanese developer who probably didn't have a lot of money for that to happen professionally. The English is still something that you can parse, it just takes a tad bit of effort sometimes. Still, minor quibble. There is something neat with this game and this dev deserved to finally have a positive review on Steam after a couple years without a single one. I like your game. Thank you."", ""positive_topics"": [""gameplay""], ""negative_topics"": [""localization""], ""score"": 0.4715}, {""review"": ""A good RPG with a Cube World Alpha vibe ( procedurally generated worlds and quests ), nice OST, beautifull graphics and an active developper who cares about the community. I absolutely recommend you to try it !"", ""positive_topics"": [""content"", ""audio"", ""graphics"", ""updates_support""], ""negative_topics"": [], ""score"": 0.4333}]",True,matched_target_labels_only,True,
29600518,574860,neg__localization,neg__localization,"[URL] Pale Moon Crisis is a horrendously pathetic attempt at a PC Game offering. The Dev's listed ""Required"" and ""Recommended"" 1024x576 graphics are actually what graphics the game plays at. No fullscreen option or even a resolution option that fits standard PC resolutions, which is completely and utterly baffling for a title that is being sold for PC. In addition to that, there is absolutely no mouse support whatsoever. As if all of that wasn't insulting enough to those foolish or insane enough to consider wasting $5 on this ""game"", it has still more drawbacks. Voice acting is not in english, text dialogue is in broken english showing that the Devs were too bloody lazy to hire an english interpreter and decided to instead rely on Google translate because hey, it's cheap right? Also, I played through the game in approximately 13 minutes. And that was extended due to my recording a First Impressions video. In short, this isn't a game, it is an insult. I would not even recommend this crap if it were free. 2/10. It avoided a 1 only because it didn't crash.",[],"[""graphics"", ""controls"", ""localization"", ""content"", ""value""]",True,,gemma3:27b,pseudo_topics_rag_v3_embedding,"[{""review"": ""tbh te game is already dead this is a cash grab they just took the vr version and gave it pc controls it should be free and even then it would suck"", ""positive_topics"": [], ""negative_topics"": [""value"", ""monetization""], ""score"": 0.5231}, {""review"": ""This game has been a mess since I've owned it. Tried playing again recently on Oculus and it refuses to work. If it hasn't been fixed by now.. then it's of no interest to me. Its too bad because there aren't any VR games like this that I can think of. It doesn't matter how much the game is.. or if it was completely free of charge.. if it crashes and doesn't work then what's the point?"", ""positive_topics"": [], ""negative_topics"": [""bugs"", ""value""], ""score"": 0.4815}, {""review"": ""Overall: THIS GAME IS A SCAM. They re-release the same game over and over every time it gets too many negitive reviews. My review: I LOVE everything about the *idea* of this game... It is exactly the sort of game I could play for hours. The graphics are cute, there are fun critters to play with, and you get a bit of a simulation game that can develop to be more customly complex as you play more. It however does not live up to that and it has a dark, greedy secret: This is a remastered version of a game that is being given out to people for free who had the old version. You may wonder why it is being given out for free instead of just updating the old one... this is so that they can HIDE the previous bad reviews talking about how buggy the original was! Those bugs have NOT gone away! ...it is incredibly laggy with other bugs such as not launching (see the forums,) with no replies from the maker at all. IT GETS WORSE! This is at minimum, their FOURTH time releasing this game with little to no improvements (definately 0 bug fixes) each and every time! Previous re-releases went under the names: Fayre Trade: Cookery and Caravans - see the DLC for it, it's the exact same game Moonstone Tavern - Same game with some minor changes, still buggy The original Fortune's Tavern the \""bug fixes\"" for the pervious releases of this game do not work... for the previous four releases, or this release. I will check back on this game in a few months HOPING that this shady SCAM OF A GAME has been apologized for and that the bugs are fixed... it would be so much fun to play if it worked and wasn't atrociously hiding bad reviews to make money off of an already reported broken product. In the meantime I have reported this scam to Steam so they can look into the shady actions of this developer. I have never done that before, but this time it is the right thing to do :("", ""positive_topics"": [""graphics"", ""content""], ""negative_topics"": [""value"", ""bugs"", ""performance"", ""updates_support"", ""monetization""], ""score"": 0.479}]",True,matched_target_labels_only,True,
77336489,647650,neg__localization,neg__localization,"After several hours in this game, I have come mainly to one conclusion. I feel bad for the money I spent. The game is basically a mediocre shooter with mobile style controls (you autoaim nonstop with almost no control over where to aim) and there is a horrible grind to it. The graphics are servicable, the sound is servicable, nothing breathtaking. It's not technically *bad*. It just makes you wonder after paying 15 bucks what you paid for. The writing in the game contains errors after you switch to english, typos or even words leftover in french. There are no mouse controls but the game has buttons...? Why? Furthermore, the biggest challenge in the game is either being overwhelmed by enemies because you didn't grind enough to get better weapons, of which there are only 3 main weapons locked to shiptypes, minus the skills you use, OR the fact that some enemies can simply outright murder you without you having any chance to fight back. Some basic enemies can oneshot you with insanely fast missiles and they don't fire a single one, no, they fire several. Also they can and will fire from offscreen and they fly faster than anything else in this game, making dodging impossible. So you die randomly. Then you grind so you don't die. And even after that you still die. <- this is the non fun part The grind consists of running the same missions over and over again on easy mode, because there is literally no point in going for medium or hard since you get the same payout. And then you make like... in the beginning about 300 stars maybe? Middle game 700? depends where you grind and how good you are. And then you have upgrades that give you tiny advantages that cost you like 3000+ stars. Grind. Die. Repeat. Eventually you progress, which is not something you can really enjoy because all the game does is throw more enemies at you. I rarely had a moment where I can say ""I got here because of skill, not luck"". This is what pains me. The bossfights are decent, those are actually fun. They are not random. The bosses don't use unreasonable weapons to artificially make the game hard. The rest of the game is just a slog. For 12,49€... yeah, I should have gotten something better. The quality is not there and the game is ultimately not motivating.","[""gameplay""]","[""controls"", ""difficulty_balance"", ""content"", ""value"", ""localization"", ""performance""]",True,,gemma3:27b,pseudo_topics_rag_v3_embedding,"[{""review"": ""Game is really good i give it an AdventNEON thumbs up! It was really fun dashing around as fast as I could, and the boss fights really made me feel like I was in a flash Sonic animation. Sound track is also good, aside from maybe one or two tracks. Didn't really get to listen too much of it in the game because I was too busy trying to dash as fast as I could. A few minor negatives though. Nothing too crazy that spoil the game for me, though It would be nice to have them fixed or ironed out in a potential sequel. -The story itself is alright, nothing too crazy. The game is mostly focused on being, you know, a game. -Sprite are did feel a bit inconsistent, especially when some were drawn at a perspective instead of flat. -There are a couple moments that break the immersion of the game. (Characters moving stiffly on a set path, bullets being shot not lining up with the barrel, sound effect when kicking up specifically stopped playing sometimes, stuff like that.) -Some parts can feel a bit jack to play. I can't remember what specifically, but there were some minor annoyances. (I'm looking at you, gears that I get stuck in during the time stop segments.) -Would've like some of the mechanics to be explained or introduced better as most of the time you are just thrown into them. I was able to catch of pretty easily, but sometimes it took a bit to understand them. -The game is TOO SHORT I WANT TO RUN AROUND MORE. All in all, extremely impressive for a solo dev. I hope we get to see Neon more in the future. Kachow. Also I remember there being some sort of fanart thing where fanart was going to be put in the game unless I'm misremembering things. If it is I would like to redraw mine it's been 4 years. Thanks."", ""positive_topics"": [""gameplay"", ""audio"", ""story"", ""graphics""], ""negative_topics"": [""graphics"", ""audio"", ""gameplay"", ""ui_ux"", ""content""], ""score"": 0.6201}, {""review"": ""Lack of tutorial made me feel completely lost. I couldn't navigate well and had a hard time figuring out the controls. Poor graphics and sound design is very obvious and gets boring very fast. Seems like not a lot of work was put into the game. Overall very unsatisfied."", ""positive_topics"": [], ""negative_topics"": [""ui_ux"", ""controls"", ""graphics"", ""audio""], ""score"": 0.6104}, {""review"": ""This game is deceptively simple to play and has an amazing amount of depth whether its game play, story, art, colors and effects. The amount of bops in the soundtrack is INSANE, its hard not to like all of them. I have seriously considered buying the music from steam. if you are a fan of anime you will adore this game. The voice acting is top notch as well. Also if you are paying attention to the conversations you'll realize there is an incredible amount of foreshadowing in this short game. There are only 3 VERY MINOR things I didn't like in the game. 1. The UI in the home base menu is not really intuitive in my opinion, especially some navigation bits. 2. There are times where I'd like a certain someone to be quiet while I navigate the menu 3. Cant choose tracks to listen to in-game and if multiple muses activate, you cant click on one to play their theme in battle 4th and smallest thing, i just wish the game was longer story wise. Also be warned this game is not a game that you play quickly. each battle is like a mini puzzle that you want to take your time with to end in as little turns as possible. The game is simple but It can be confusing to understand how to actually play cards properly on top of navigation in dungeons. basically as with other roguelites, you are suppose to repeat dungeons until you build enough level to tackle harder ones, but the hidden gem is that you aren't just leveling up or acquiring new cards , you are leveling up your knowledge base of the mechanics which is not quantifiable in game but is absolutely a stat you're increasing. Its a nice game for your brain to be honest. Overall, A+ across the board for me. Play this game if you like anime girls, card games and colors"", ""positive_topics"": [""gameplay"", ""story"", ""graphics"", ""audio""], ""negative_topics"": [""ui_ux"", ""content""], ""score"": 0.6019}]",True,matched_target_labels_only,True,
109428315,1624160,neg__localization,neg__localization,"The Translation's Power Level is Too Low Story If you judge the game based on the title, you're probably assuming that this is going to be similar to Final Fantasy IV. In reality, this game is an over-the-top Shonen anime power fantasy. While there is some overlap between JRPGs and the Shonen anime genre, this game has more Shonen tropes than the average JRPG. The protagonists are constantly in search of powerups to overcome the current unbeatable foe, only to overwhelm the boss once they get those powerups, and this repeats until the protagonists and enemies are god-tier. Many of the important duels and boss battles end with the main character getting knocked to low HP, only to get a scripted finishing move while spewing hammy lines, which I find oddly satisfying. If you enjoy Shonen anime, this is the game for you. If not, then I don't know what to say. For the most part, the plot is nothing too groundbreaking. You control a knight-turned-paladin who has to go around the world in order to stop a conspiracy of Extra Gems and Miasma. That said, the main characters are charming in their own ways, making the story enjoyable despite the clicheness. As for the villains, I enjoyed Red Rose, the second duel opponent, and the final chapter villain for their morally gray aspects. However, I think some major villains, such as Berienstahl and the Chapter 3 main antagonist, need more depth. That said, the plot point where we lose the first healer and the party gets framed is really contrived, since there's no effort to show fabricated evidence and therefore the healer should have no reason to believe in the party's guilt. Unfortunately, the current translation is terrible and pretty much reads like a barely edited machine translation, to the point where there are even untranslated lines. Worse yet, not everything is translated consistently, such as how the Flotsam is also called the Soaring Stone and how the dictionary uses both ""Alec"" and ""Alex"" as the name of the rival character. While the translation can be unintentionally funny at times, it can be very annoying for parts of the game where you have to make choices based on dialogue. It's a real shame, since I feel like the game would be a great Shonen power fantasy otherwise. Gameplay Yes, the Shonen tropes carry over into gameplay. The equipment system is set up so that the player can only change ornaments and skill gems while everything else is determined by the story. This allows the story to maintain relative power levels between the characters, since stats from equipment matter more than stats from leveling. Fortunately, the skill gem system is designed so that it's possible to make even low-tier characters effective as support casters for stronger characters, so it's still balanced in a way. Speaking of relative power balance, the Paladin class is designed to be overpowered, since it has very high stats and constantly learns new skills, making it a Super Swiss Army Knife. Normally, it's not good for one single character to carry all of the game's buff skills, but this is balanced by a mechanic that allows Nade to share his Paladin skills with other characters. This will make it easier to apply the Paladin's powerful buffs quicker, since the Paladin's skillset can be divided among five party members. One of my favorite features is the formation system, since it allows the player to cast an instant buff on the party and control how much enemy aggro the party members get. It reminds me of both the formation system from Nocturne: Rebirth and the Brave Order system of Trails of Cold Steel III/IV . That said, the game does throw a lot of miasma using enemies at the player in the endgame, meaning the Sword of Paladin formation ends up the only viable option for long battles. This is balanced by the Commander gem, which gives access to other formations' buffs. The game has a duel system that works similarly to Suikoden . Melee allows Nade to guard against a ranged attack before striking back, ranged attacks can safely damage a countering enemy, and counterattack allows Nade to negate a melee attack before striking back. This requires the player to memorize the enemy's dialogue to figure out which action they're going to do, though later battles also require the player to memorize facial expressions. Sadly, this system has two major pitfalls. One is that melee vs ranged still results in damage to the melee user, which is bad for the player on hard mode because they'll still take more damage to their total percentage of health than the enemy. The other flaw is that the bad translation can make it hard to discern the enemy's intention. As for the game's difficulty, I played most of the game on hard mode. It's fairly balanced, but the difficulty can fluctuate a lot due to the story-enforced power levels. Once Nade gets his Paladin abilities, he's very powerful compared to even bosses and shouldn't have much trouble at all. However, when the game forces the player to control a party of lower-tier characters, the difficulty skyrockets, though it's still possible to win all the mandatory battles with some effort. Verdict 7/10, this game is the embodiment of the meme, ""I have the power of God and anime on my side!"" The game has a decent story and is well-balanced for the most part. However, the translation doesn't do the game justice at all. I really hope the game will get a better retranslation in the future so that it'll be easier to appreciate its sheer Shonen anime energy.","[""story"", ""gameplay""]","[""localization""]",True,,gemma3:27b,pseudo_topics_rag_v3_embedding,"[{""review"": ""Game is really good i give it an AdventNEON thumbs up! It was really fun dashing around as fast as I could, and the boss fights really made me feel like I was in a flash Sonic animation. Sound track is also good, aside from maybe one or two tracks. Didn't really get to listen too much of it in the game because I was too busy trying to dash as fast as I could. A few minor negatives though. Nothing too crazy that spoil the game for me, though It would be nice to have them fixed or ironed out in a potential sequel. -The story itself is alright, nothing too crazy. The game is mostly focused on being, you know, a game. -Sprite are did feel a bit inconsistent, especially when some were drawn at a perspective instead of flat. -There are a couple moments that break the immersion of the game. (Characters moving stiffly on a set path, bullets being shot not lining up with the barrel, sound effect when kicking up specifically stopped playing sometimes, stuff like that.) -Some parts can feel a bit jack to play. I can't remember what specifically, but there were some minor annoyances. (I'm looking at you, gears that I get stuck in during the time stop segments.) -Would've like some of the mechanics to be explained or introduced better as most of the time you are just thrown into them. I was able to catch of pretty easily, but sometimes it took a bit to understand them. -The game is TOO SHORT I WANT TO RUN AROUND MORE. All in all, extremely impressive for a solo dev. I hope we get to see Neon more in the future. Kachow. Also I remember there being some sort of fanart thing where fanart was going to be put in the game unless I'm misremembering things. If it is I would like to redraw mine it's been 4 years. Thanks."", ""positive_topics"": [""gameplay"", ""audio"", ""story"", ""graphics""], ""negative_topics"": [""graphics"", ""audio"", ""gameplay"", ""ui_ux"", ""content""], ""score"": 0.4342}, {""review"": ""Concept is good, art is great, music is good, story is pretty good.... but .... the gameplay is not very interesting. I did finish the game so it was not horrible but it did not really feel rewarding. The monster development was most disapointing, because it was really slim and basically just increasing stats. At start I tried to develop some monsters to see where the game would take me, but it did not take me anywhere. The skills and abilities of monsters were all there to see, there was no \""evolving\"" or \""upgrading\"" of any kind and there were generally too few skills so that the monsters did not feel different enough. Then there were some legendary monsters which made the regular monsters pretty much obsolete. Which mostly had to do with the staring level of legendaries, so they did not require any grinding. Once I started to get some more interesting monsters (legendaries) the game gave me so many in so short period of time, I did not feel like testing everything. Partly beacuse I did not have real challenges in the battles middle of game. Long story short, this game is a prime example of a game where developer knows what he wants to do, has a strong vision, enjoys making the game, but in the end does not have enough time and recources (or knowledge) to finish the game properly."", ""positive_topics"": [""graphics"", ""audio"", ""story""], ""negative_topics"": [""gameplay"", ""difficulty_balance"", ""content""], ""score"": 0.4283}, {""review"": ""at first look this game is quite dark and grim, plus pixataled, I am personaly not a fan of that graphic style, but the gameplay mechanics turned out to be quite fun, sometimes it really tests you reflexes, I like the challenge when there are many enemies in a row"", ""positive_topics"": [""gameplay""], ""negative_topics"": [""graphics""], ""score"": 0.4114}]",True,matched_target_labels_only,True,
78423103,1372310,neg__localization,neg__localization,"It's a short (2 routes in less than an hour), and cheap (0.69 USD on sale right now) mystery visual novel. The artwork was nice and the voice acting seemed well done (granted it was in Chinese, so I understood none of it). I'm giving it a thumbs up for these reasons, but on the down side, the translation was lacking. Some mistranslated (not a lot), with a lot of smaller grammatical errors that made it a bit of a rough read. Still, an hour of entertainment for the cost of a can of soda is a pretty good deal.","[""graphics"", ""value""]","[""localization""]",True,,gemma3:27b,pseudo_topics_rag_v3_embedding,"[{""review"": ""This is a disgusting gem of a short movie. The visuals are horrifically unsettling and the delivery is hilarious. It makes for a unique viewing experience. Purchased on sale for .99 and I believe it was completely worth it. It is a bit on the short side, but did we really want this movie to be longer? well, maybe just a bit. I would recommend for sure! Off to go make some milk now"", ""positive_topics"": [""graphics"", ""audio"", ""value""], ""negative_topics"": [], ""score"": 0.5085}, {""review"": ""The story, in my opinion, is too simple, but the gameplay makes a good impression. For such a small price, I recommend it."", ""positive_topics"": [""gameplay"", ""value""], ""negative_topics"": [""story""], ""score"": 0.5}, {""review"": ""This game is definitely worth a playthrough! The art is handcrafted and BEAUTIFUL, and the localization allows the Chilean flavor of the game to come through in English without any awkwardness. The action is sharp and engaging. There's an option for two player co-op (and even couch co-op, which is sorely lacking these days!). The difficulty is real, but the combat and upgrade system does allow for building some seriously powerful combos. Especially if the game is on sale, pick it up!"", ""positive_topics"": [""graphics"", ""localization"", ""gameplay"", ""multiplayer"", ""difficulty_balance"", ""value""], ""negative_topics"": [], ""score"": 0.4985}]",True,matched_target_labels_only,True,
176411604,1040740,neg__localization,neg__localization,"This game is tons of fun. I don’t remember the last time a game made me laugh so much. I bought it because I wanted a classic turn-based RPG game with nice art and good story. It has all that and more. So, here are the good points. The art is great. The Celestials are the best-looking characters ever. The story is great and shines even through the bad translation. Lots of humor. The MC and other human warriors are the “brawn no brain” type and that leads to hilarious dialogues. Celestials are on a different level, they crack jokes intentionally. I loved Ishbel’s insolent sarcasm and Siegfried’s morbid jokes. Unfortunately, we only get about 40% of it, the rest is lost in the translation and the only way you could guess there was a joke is because the dialogue looks particularly awkward. Still, enough come through to make you laugh. Characters. Again, they are on two different levels. Humans are very cliché, nothing to say about them. Celestials are intriguing, they have complex past stories and relationships that the main story only hints on. Wish I could know more. Autobattler! It’s epic. It starts as a standard plot with the kids as main characters, but before you even get to the mid-game, you start recruiting the godlike Tetrarchs into your party. Next thing you know, you play with demi-god characters with abilities on par with their high stats. Yeah, I know, it’s all balanced and the enemies can thwart their efforts, but I don’t care, I just love to see Siegfrid use that insta-kill spell. Not intentionally, translation bloopers make it hilarious. So do the outrageous stats. After they reached level 25, I found myself saying “my attack stat is WHAT now?” a lot. Really, when do you see your attack going over a thousand? It gets better, you have an achievement to do 3,000 in one blow. Once you do that, there is 10,000. Then 30,000. And yes, you can do all that. I couldn’t help laughing when I did it, it’s just so unusual, yet, so appropriate for having demi-gods in your party. Well, there are cons. The translation is very uneven and seems to be done by at least two different people, if not more. The worst part is the skill descriptions. The person who translated it had no idea what increase and decrease mean. Do not trust the descriptions, just try the skill out and see what it really does. It’s simple enough to figure out. It’s easy to learn and easy to play. Some people may see it as not enough challenge. I love to tinker with the party composition and equipment, so I loved it, but that’s your primary challenge. If you are looking for something else, you may be disappointed. In conclusion, yes, do buy this.","[""gameplay"", ""story"", ""graphics""]","[""localization""]",True,,gemma3:27b,pseudo_topics_rag_v3_embedding,"[{""review"": ""I am convinced this is the best mission in the game. I can't stop laughing while I play it."", ""positive_topics"": [""gameplay""], ""negative_topics"": [], ""score"": 0.5295}, {""review"": ""Game is really good i give it an AdventNEON thumbs up! It was really fun dashing around as fast as I could, and the boss fights really made me feel like I was in a flash Sonic animation. Sound track is also good, aside from maybe one or two tracks. Didn't really get to listen too much of it in the game because I was too busy trying to dash as fast as I could. A few minor negatives though. Nothing too crazy that spoil the game for me, though It would be nice to have them fixed or ironed out in a potential sequel. -The story itself is alright, nothing too crazy. The game is mostly focused on being, you know, a game. -Sprite are did feel a bit inconsistent, especially when some were drawn at a perspective instead of flat. -There are a couple moments that break the immersion of the game. (Characters moving stiffly on a set path, bullets being shot not lining up with the barrel, sound effect when kicking up specifically stopped playing sometimes, stuff like that.) -Some parts can feel a bit jack to play. I can't remember what specifically, but there were some minor annoyances. (I'm looking at you, gears that I get stuck in during the time stop segments.) -Would've like some of the mechanics to be explained or introduced better as most of the time you are just thrown into them. I was able to catch of pretty easily, but sometimes it took a bit to understand them. -The game is TOO SHORT I WANT TO RUN AROUND MORE. All in all, extremely impressive for a solo dev. I hope we get to see Neon more in the future. Kachow. Also I remember there being some sort of fanart thing where fanart was going to be put in the game unless I'm misremembering things. If it is I would like to redraw mine it's been 4 years. Thanks."", ""positive_topics"": [""gameplay"", ""audio"", ""story"", ""graphics""], ""negative_topics"": [""graphics"", ""audio"", ""gameplay"", ""ui_ux"", ""content""], ""score"": 0.5256}, {""review"": ""I actively dislike this game. Two hours in and I'm bored to death, waiting for something intersting to happen. But it never does. What is this game about? The plot makes no sense. The characters are boring. Combat is tedious and unrewarding. I have nothing good to say about this game. Don't waste your time and money. I'd ask for a refund if I could."", ""positive_topics"": [], ""negative_topics"": [""story"", ""gameplay"", ""value""], ""score"": 0.5142}]",True,matched_target_labels_only,True,
20456229,400200,neg__localization,neg__localization,"Positives Plot: I thought the plot and premise was quite good. I don't know why but I kept thinking of a game called The Dig whilst playing this, got a similar vibe for some reason. I'll comment later on in the review how this was let down in some ways but otherwise it's one of the more interesting hidden object games on Steam. Aesthetics: Some locations look a bit too similar IMO but that doesn't stop the game looking pretty. The music was also quite atmospheric which is always nice in a HOG. The UI is okay but getting the inventory bar out of the way got a bit annoying sometimes ;) Achievements: While some might see this as a negative it was a nice break to play a HOG without any punishing achievements! Depending on the difficulty level you play through, you can also get them all in one run which may appeal to some people :) Value for money: I got just over 3 hours of play time out of this game and for once it wasn't one I'd leave running in the background while I wandered off to do something else. That was one full run through then a short play through just to get one of the achievements I'd missed, so to me this game has paid for itself in game time. There are games on Steam for more money than this that offer less content! Hints: I was getting butt mad and was going to review this game differently until I realised it was my own fault I was struggling! Use the little mobile PC in the bottom left of the screen, it contains a lot of information that will help you. I assumed it would just be like the typical HOG diary and log what you had done but it actually gives you some nice little hints ;) Puzzles: The puzzles in this game are a lot easier than other HOGs on Steam IMO but I didn't see this as a bad thing, the game more than makes up for it with the hidden object puzzles, of which there are a-plenty ;) Negatives Backpedalling: Maybe it's just me but I get bored quite quickly with hidden object games that require a lot of clicking back and forth between screens to trigger events. There isn't too much of it in this game, but there are times where you will be looking around for ages trying to figure out where to go and it's because the screen you were on ten minutes ago has an event but because you didn't go back to it immediately after leaving that screen. Cut scenes: Don't hate me but I can be super impatient, so waiting for an oiler to oil four seperate pieces of machinery really slowly just sets me off haha! I wish some of the actions and cut scenes were a bit faster, purely because I want to get back to the game. Just personal preference though ;D Text: The only thing I really disliked with any depth was the text in this game. I think the vibe the developers were going for was great, but it was ruined by multiple typos and poor translations. This isn't the only HOG on Steam to have this problem, and it doesn't make me think any less of the game but I think it's selling the game and all the hard work put into it short. TLDR: A nice take plot wise, two seperate teams were an interesting concept. Marred by some poor translations/typos and occasional backpedal frenzies but otherwise a well thought out HOG that is definitely every bit a HOG! Lots of hidden object puzzles that are challenging at times. If you're looking for a relaxed game that is easy to 100% then Mystery of a Lost Planet is a bargain :)","[""story"", ""graphics"", ""audio"", ""ui_ux"", ""value"", ""content""]","[""localization"", ""controls"", ""gameplay""]",True,,gemma3:27b,pseudo_topics_rag_v3_embedding,"[{""review"": ""Game is really good i give it an AdventNEON thumbs up! It was really fun dashing around as fast as I could, and the boss fights really made me feel like I was in a flash Sonic animation. Sound track is also good, aside from maybe one or two tracks. Didn't really get to listen too much of it in the game because I was too busy trying to dash as fast as I could. A few minor negatives though. Nothing too crazy that spoil the game for me, though It would be nice to have them fixed or ironed out in a potential sequel. -The story itself is alright, nothing too crazy. The game is mostly focused on being, you know, a game. -Sprite are did feel a bit inconsistent, especially when some were drawn at a perspective instead of flat. -There are a couple moments that break the immersion of the game. (Characters moving stiffly on a set path, bullets being shot not lining up with the barrel, sound effect when kicking up specifically stopped playing sometimes, stuff like that.) -Some parts can feel a bit jack to play. I can't remember what specifically, but there were some minor annoyances. (I'm looking at you, gears that I get stuck in during the time stop segments.) -Would've like some of the mechanics to be explained or introduced better as most of the time you are just thrown into them. I was able to catch of pretty easily, but sometimes it took a bit to understand them. -The game is TOO SHORT I WANT TO RUN AROUND MORE. All in all, extremely impressive for a solo dev. I hope we get to see Neon more in the future. Kachow. Also I remember there being some sort of fanart thing where fanart was going to be put in the game unless I'm misremembering things. If it is I would like to redraw mine it's been 4 years. Thanks."", ""positive_topics"": [""gameplay"", ""audio"", ""story"", ""graphics""], ""negative_topics"": [""graphics"", ""audio"", ""gameplay"", ""ui_ux"", ""content""], ""score"": 0.5757}, {""review"": ""A very nice, very stylish, creative roguelite bullet-heaven game. The game isn't super long, took me about 6 hours to finish, would probably take about 30 more minutes for 100% of the achievements. The game has full controller support and nice accessibility options for modulating difficulty, not to mention the ability to pick your difficulty less directly within runs as well. The art is great (gives me Cowboy Bebop vibes, can't quite put my finger on why), the music is great, the story (surprised me that there was any!) is basic but touching, the gameplay is somewhat innovative (mixing Necrodancer-style rhythm-combat mechanics with Vampire Survivors-like top-down bullet-heaven combat) and is pretty fun, although it gets a little bit repetitive by the end. I hope there is a bit more exploration of unsteady rhythms if the devs ever make a next entry, there is a lot of leniency in getting 'perfect's here and after a while the consistent rhythm gets pretty second-nature, so it might be nice to see that shaken up. The game lacks polish, but not in any way that truly breaks the experience. It's mostly observed in some unintended behaviours¹, incorrect tooltips, etc. The main thing that diminishes the experience in my opinion is the lack of visual clarity on some levels and with some builds (looking at you, 'Chain projectiles'). I also think it would benefit from some more clarity on how its basic mechanics work (tagging weapons with their damage types, an option to show values in skill descriptions, etc.), the 15 tips on pause help but don't really explain everything (although with how short the experience is and with how not-that-difficult even the later stages are, you won't play for long enough for this lack of knowledge to sour your experience like it probably would in a 100+ hour game). Ah, also, for whatever reason, achievements aren't working at all for me (they don't even show up on the game's page in my library), although that might be Steam's fault. Overall, I'd recommend the game, and also wish the best for the devs in their future endeavours! ¹ = Restarting a run will start you with a random character, including ones that you have not unlocked yet (including the secret 13th, happened on my first death lol). Sometimes the solo that gets activated seems to be random if you have 3 instruments and all have full meter. Using a solo sometimes allows enemies to fire projectiles after all the existing projectiles are cleared, meaning you can get locked into getting hit since you can't move during the solo animation (died to that once :'D). You can actually move during the solo animation, as well as the post-battle \""Kill the music\"" transition, if you were ending a dodge while entering those states. On controller, pausing on the item upgrade screen will pick whatever upgrade you were hovering when the game is unpaused."", ""positive_topics"": [""gameplay"", ""graphics"", ""audio"", ""story"", ""controls"", ""accessibility""], ""negative_topics"": [""gameplay"", ""ui_ux"", ""bugs""], ""score"": 0.5457}, {""review"": ""The gameplay is level based and monotonous. its too easy to kite enemys, combat does not feel enjoyable and stealth just doesnt matter, theres very little to craft and half the things you can craft don't seem to do anything worthwhile. the visuals are alright, probably not to most peoples tastes though. I expected something a little darker and a bit gritty, but theres constantly stock music playing in the backround thats reminiscent of android shovelware. theres a few mechanics that seem to do nothing such as bagging corpses and the rage meter, which is basically a stamina bar. tho i have had negative rage before and nothing happened. Even though i only played the first 3 levels I dont wanna play anymore, first impressions are important and this left a sour taste in my mouth. Even though i will be refunding this game I wish the devs better luck on their next one."", ""positive_topics"": [""graphics""], ""negative_topics"": [""gameplay"", ""audio"", ""content"", ""bugs""], ""score"": 0.4955}]",True,matched_target_labels_only,True,
112786184,1301860,neg__localization,neg__localization,"I'm very, very disappointed in this game. I like the idea but the execution is miserable. Spelling errors, poor tutorial, bad controls, boring combat, poor UI, barely passable graphics. If this is someone's first attempt at a game I'd say it was a good try but it doesn't really measure up to basic ""tolerable"" standards and on top of all that it's just not fun. 3/10. Uninstalled and refunded.",[],"[""controls"", ""gameplay"", ""graphics"", ""ui_ux"", ""localization""]",True,,gemma3:27b,pseudo_topics_rag_v3_embedding,"[{""review"": ""Lack of tutorial made me feel completely lost. I couldn't navigate well and had a hard time figuring out the controls. Poor graphics and sound design is very obvious and gets boring very fast. Seems like not a lot of work was put into the game. Overall very unsatisfied."", ""positive_topics"": [], ""negative_topics"": [""ui_ux"", ""controls"", ""graphics"", ""audio""], ""score"": 0.6474}, {""review"": ""I really enjoyed this chapter. This is probably my favourite chapter so far, though it has some things holding it back from beating chapter 3, the best chapter. Positives: Best story of the entire series Looks great visually in some areas The new characters are awesome Interesting puzzles Great gameplay mechanics new and old Negatives: Bugs. There were so many at release and some still exists (like one to do with the Doctor's eye on the tv's). The improved story means that there is unskippable dialogue. A marketed character is unutilized and a major character can be a bit disappointing to some. Though great visually at times, it is a downgrade compared to chapter 3. Conclusion: its a great game with flaws. Its not as good as the previous chapter, but better than the first 2. 7.5-8/10"", ""positive_topics"": [""story"", ""graphics"", ""gameplay""], ""negative_topics"": [""bugs"", ""story"", ""graphics""], ""score"": 0.622}, {""review"": ""It runs terribly and looks awful. For a solo development, it is pretty cool but as a game that I paid $$ for, it is a failure. Take this over to itch.io for some help and feedback. [URL]"", ""positive_topics"": [], ""negative_topics"": [""performance"", ""graphics"", ""value""], ""score"": 0.6211}]",True,matched_target_labels_only,True,
44403653,497300,neg__localization,neg__localization,"I can't make head nor tail of this. The instructions are gibberish - possible a bad translation and everything is so much more complicated than it needs to be. If a simple game is going to have controls as somplex as this, then the DEVS need to give some really clear instructions on how to play.",[],"[""localization"", ""controls"", ""ui_ux""]",True,,gemma3:27b,pseudo_topics_rag_v3_embedding,"[{""review"": ""Lack of tutorial made me feel completely lost. I couldn't navigate well and had a hard time figuring out the controls. Poor graphics and sound design is very obvious and gets boring very fast. Seems like not a lot of work was put into the game. Overall very unsatisfied."", ""positive_topics"": [], ""negative_topics"": [""ui_ux"", ""controls"", ""graphics"", ""audio""], ""score"": 0.6258}, {""review"": ""Tutorial doesnt tell you how to play besides the same thing, i mashed buttons and still couldnt play anything else, its very confusing"", ""positive_topics"": [], ""negative_topics"": [""ui_ux"", ""controls""], ""score"": 0.546}, {""review"": ""It's a shame that a game with such promising potential is hampered by its current inactivity, clunky mechanics and being so bare bones. Even the tutorial is more of a showcase than a tutorial."", ""positive_topics"": [], ""negative_topics"": [""gameplay"", ""content"", ""ui_ux"", ""updates_support""], ""score"": 0.5374}]",True,matched_target_labels_only,True,
70042412,1192860,neg__localization,neg__localization,"The best of the bunch, Winter Snow still suffers from bad translation, but the story is a lot deeper. There are choices to be made, mostly about which girl to pursue. But there are always troubles brewing. Get on discount or in the bundle.","[""story""]","[""localization"", ""value""]",True,,gemma3:27b,pseudo_topics_rag_v3_embedding,"[{""review"": ""The story, in my opinion, is too simple, but the gameplay makes a good impression. For such a small price, I recommend it."", ""positive_topics"": [""gameplay"", ""value""], ""negative_topics"": [""story""], ""score"": 0.3905}, {""review"": ""Didn't really meet the expectations. Good for one time read only."", ""positive_topics"": [], ""negative_topics"": [""replayability""], ""score"": 0.3734}, {""review"": ""Slick graphics combine with an ominous atmosphere in an everchanging array of creepy nightmarish scenes as you try to discover the mystery behind missing young girl Amy. Very intelligent use of VR to keep you wondering whatever is coming next??? It's difficult to write this review and not give too much away, but a few minutes in and you'll be hooked! It's a dark and immersive experience that has some well executed white knuckle moments. It's a shame about the load times between scenes despite my beefy setup and depending on your exploration time, for the most part it's quite short, so grab it on sale. Great title for horror fans and to scare the wits out of your friends..."", ""positive_topics"": [""graphics"", ""gameplay"", ""content""], ""negative_topics"": [""performance"", ""value""], ""score"": 0.3244}]",True,matched_target_labels_only,True,
17214309,264060,neg__localization,neg__localization,"Lots of good puzzles. Challenging but rarely frustrating. Got my money's worth and then some. Only thing I didn't like was the occasional typo in the dialogue. Arguably justifiable for computer logs, not so much for speech bubbles. Could have benefitted from one more proofreading sweep.","[""gameplay"", ""value""]","[""localization""]",True,,gemma3:27b,pseudo_topics_rag_v3_embedding,"[{""review"": ""Apart from the beyond fantastic puzzles that captivated me instantly but the story telling is just top-tier. Easily has become one of my favorites."", ""positive_topics"": [""gameplay"", ""story""], ""negative_topics"": [], ""score"": 0.6003}, {""review"": ""the puzzles are easy and fun to figure out but the game itself looks like ass. a very short puzzle game that has good puzzles but looks terrible"", ""positive_topics"": [""gameplay""], ""negative_topics"": [""graphics""], ""score"": 0.5397}, {""review"": ""If you like puzzle mystery games with a dark story line, this is the game for you! One of my favorites, actually. I've completed it more than once!"", ""positive_topics"": [""gameplay"", ""story"", ""replayability""], ""negative_topics"": [], ""score"": 0.5148}]",True,matched_target_labels_only,True,
72120229,560820,neg__localization,neg__localization,"I'm pretty forgiving when it comes to Hidden Object games, but i can't recommend The Saint. Not only does it have the identity issue that a lot of the older HOG's have (the word is the wrong one for the object thanks to a bad translation). But there are also a bunch of mini games with inane trial + error solutions: Unless you are incredibly lucky or incredibly patient then you won't find the answer on your own. Skip this one.",[],"[""localization"", ""difficulty_balance""]",True,,gemma3:27b,pseudo_topics_rag_v3_embedding,"[{""review"": ""Since I was always studying animals as a kid, this was a relatively quick and easy game for me. There were admittedly a few animals that I just couldn't remember the name of, so it wasn't without a little challenge. The game plays as it should and everything is spelled correctly. The main negatives are that you only get 5 coins for each solved and just a one letter clue costs that much and a full solve costs 25 so someone who needs a lot of hints or only knows a few basic animals might find the game is not well balanced in this area. It also doesn't have achievements or any kind of in game reward system aside from the coins which add nothing to the game, so I would mainly recommend this game to someone who, like myself, was just interested in testing knowledge that hasn't been used in a few years and just wants to see how much they remember."", ""positive_topics"": [""gameplay"", ""localization""], ""negative_topics"": [""difficulty_balance"", ""content""], ""score"": 0.5015}, {""review"": ""If you're looking for a fun Stationary VR game this is a good one. It is a tower defence game, anyone who has played one knows the deal, each one has its own flavor. Haven't gotten deep into it yet and its early access, But already shows alot of promise."", ""positive_topics"": [""gameplay""], ""negative_topics"": [], ""score"": 0.4972}, {""review"": ""Very fun minigames, love the tower defense game"", ""positive_topics"": [""gameplay""], ""negative_topics"": [], ""score"": 0.4705}]",True,matched_target_labels_only,True,
47820028,769360,neg__localization,neg__localization,"Bought it on sale, I didn't expect much and still I was disappointed. *First of all, the English translation is REALLY bad, and that breaks immersion very early on the story. *The plot is shallow to say the least. Gameplay feels clunky and the interaction with the environment is not intuitive. *The puzzles are pretty random, with no good reasoning behind them, so solving them is not rewarding, just relieveing. *Ambientation is poor. Game really needs some better sound effects and appropiate music to build tension. *The ""monster"" is badly designed and not even close to being scary. *The dungeon, which is supposed to be the spookiest place, had a pointless QR Code on a wall (which doesn't seem to work) and a picture OF THE DEVELOPERS with the text ""it's just a prank bro ;)"" after a long corridor. I think that's immature and unacceptable in the horror/suspense genre, and just breaks immersion (even more than the broken English). I don't want to be unfair with this game since it was most likely developed by one or two developers with low to no budget, but I wouldn't buy it again. It wasn't fun, it wasn't interesting, wasn't scary or immersive. I played 20 minutes and got bored, with no will to finish it even though I knew it would only take 20 minutes or so more. There's totally free games which are amazing, with hundreds of hours of fun gameplay. Why would anyone pay for 45 minutes of mediocre gameplay? Even if it's 50 cents, it's not worth it.",[],"[""localization"", ""story"", ""gameplay"", ""ui_ux"", ""audio"", ""value""]",True,,gemma3:27b,pseudo_topics_rag_v3_embedding,"[{""review"": ""I WANTED to like this game. I spent over a year following it, waiting through multiple delayed release dates, and I kept looking forward to finally getting to play it. Unfortunately, once I was actually able to, I found it unplayable due to bugs - the game freezes at a specific point, and while you can go into the menu and save and such, it won't progress any further, and this has happened in all four routes that I tried. Now, I liked most of the characters, and the storyline seemed interesting (at least, what I could see of it). If the bugs were fixed, my opinion of the game might go up. But as far as I'm aware, the devs haven't even acknowledged the bugs, let alone made any attempt to fix them, so my recommendation is to not bother with this game. I regret wasting the money on it."", ""positive_topics"": [""story""], ""negative_topics"": [""bugs"", ""updates_support"", ""value""], ""score"": 0.5587}, {""review"": ""I really enjoyed this chapter. This is probably my favourite chapter so far, though it has some things holding it back from beating chapter 3, the best chapter. Positives: Best story of the entire series Looks great visually in some areas The new characters are awesome Interesting puzzles Great gameplay mechanics new and old Negatives: Bugs. There were so many at release and some still exists (like one to do with the Doctor's eye on the tv's). The improved story means that there is unskippable dialogue. A marketed character is unutilized and a major character can be a bit disappointing to some. Though great visually at times, it is a downgrade compared to chapter 3. Conclusion: its a great game with flaws. Its not as good as the previous chapter, but better than the first 2. 7.5-8/10"", ""positive_topics"": [""story"", ""graphics"", ""gameplay""], ""negative_topics"": [""bugs"", ""story"", ""graphics""], ""score"": 0.5556}, {""review"": ""This game is a shitload of fuck! It's a crusty old fossil reanimated by a mad scientist to reveal it was nothing but a coprolite the whole time! No but seriously, the only thing I could think of while playing was that this is the kind of game the AVGN would get mad at. But unlike the nerd, I don't have to wonder what the developer was thinking; I know he intentionally designed the game to be frustrating, obscure and punishing. The game is clearly a sendup of old adventure games with light RPG elements, like a Sierra/Zelda 2 slurry. And man, it is wildly directionless and inscrutable. You're given almost no guidance, and after two hours of fumbling with the thing I'm still not sure where I was ever supposed to go. Combat is a frustrating mash fest that feels purely random whether you can kill an enemy without being hit in return. Healing is scarce and enemies respawn with each screen transition, so the game quickly becomes a dull slog running back to your bedroom to heal. Significant grinding seems almost mandatory with high item costs. The castle area is annoyingly large with few things to find, leading to most of your time being spent in transit. And God help you if you take a careless step: the princess will happily wander off an edge to her death. The front of the castle is surrounding by an instadeath moat that you must carefully path around or your big, triumphant return will become 20 mintues of lost progress in 1 second. It's a wildly frustrating and unsatisfying game, and the only reason I'm not leaving a red review is because this is a solo dev passion project and I can tell it was deliberately designed to be this way. For a masochist or someone seriously nostalgic for Sierra this is probably a great game. For anyone else, stay far away, especially at $20."", ""positive_topics"": [""gameplay""], ""negative_topics"": [""gameplay"", ""difficulty_balance"", ""content"", ""value""], ""score"": 0.5541}]",True,matched_target_labels_only,True,
11593632,314760,neg__localization,neg__localization,"Interesting, kinda fun, rough around the edges, and with some instances of charmingly broken english that made me think of playing old import games from when I was a young kid. Apparently the devs are newish - which makes me feel like this is absolutely a game worth buying to see what they do next. (Hopefully hire a translator and get some GUI assistance in!) Basically? This game is the boardgame 'Battleship' with a little city builder mixed in. Hurl missiles at the enemy's map while defending your own side, while building factories and mines to produce more missiles. Not the most amazing game out there, but certainly a different one, and totally worth the cheap and cheerful price. (PS: Similar in concept to Metal Marines, but a very different feel.)","[""gameplay"", ""value""]","[""localization"", ""ui_ux""]",True,,gemma3:27b,pseudo_topics_rag_v3_embedding,"[{""review"": ""Pretty decent board game! Fairly simple mechanics that let you have some strategy but also allows for some RNG stuff that can give you a boost. The biggest problem I had with this game was the translation was pretty broken English but I also understand that this is a super small Japanese developer who probably didn't have a lot of money for that to happen professionally. The English is still something that you can parse, it just takes a tad bit of effort sometimes. Still, minor quibble. There is something neat with this game and this dev deserved to finally have a positive review on Steam after a couple years without a single one. I like your game. Thank you."", ""positive_topics"": [""gameplay""], ""negative_topics"": [""localization""], ""score"": 0.6471}, {""review"": ""guns Guns and more GUNSSSS lol this game is insane once you start upgrading the ship i absolutely love it only thing tutorial is a little hard and to long an easy way to skip it would be a good add other than that this game amazing well done guys."", ""positive_topics"": [""gameplay""], ""negative_topics"": [""ui_ux""], ""score"": 0.5998}, {""review"": ""Neat little boss fighting game. Quite short and easy, but worth it for the little amount of money. Would be cool if they used this as a demo for a bigger game."", ""positive_topics"": [""gameplay"", ""value""], ""negative_topics"": [""difficulty_balance"", ""content""], ""score"": 0.589}]",True,matched_target_labels_only,True,
34000562,614860,neg__localization,neg__localization,"I think this game have a lot of cool features but THERE IS NO ENGLISH LANGUAGE adding your game on Steam and you have no BASIC english translations not even menus, so devs think : Ok, we will add our game on steam, but with no english it will coats our reputation and new potential players - it's a risk. And we as playes must support devs, they need it, buy this game support them and then we shall see our translation. YES there are a lot of games that not in english but they are not an MMORPG and still from our experience we players can understand how to do things, i did thigs in this game as much as i could and got stuck in quest that i even can't understand how to do it. I personally like the style, mechanics but as a lot of people on steam say : NO ENGLISH? - REFUND! I will pay for this game only because I WANT an english translation, i think WE ALL WANT this to happen as fast as it possible, yes game mechanics are important but they are nothing if you can't understand what i need to do to use a feature, don't you think so? Maby some i can understand, like w + shift = sprint but most of them i don't. All who purchased this game maby thinking about that too. So i RECOMMED for now only buy this game and it's not like you can't play it, i play it as much as i can and maby you will too, but you can just buy, to support devs. Devs has proved to me that we matter, and for this i will call thumb up.","[""gameplay""]","[""localization"", ""ui_ux""]",True,,gemma3:27b,pseudo_topics_rag_v3_embedding,"[{""review"": ""Pretty decent board game! Fairly simple mechanics that let you have some strategy but also allows for some RNG stuff that can give you a boost. The biggest problem I had with this game was the translation was pretty broken English but I also understand that this is a super small Japanese developer who probably didn't have a lot of money for that to happen professionally. The English is still something that you can parse, it just takes a tad bit of effort sometimes. Still, minor quibble. There is something neat with this game and this dev deserved to finally have a positive review on Steam after a couple years without a single one. I like your game. Thank you."", ""positive_topics"": [""gameplay""], ""negative_topics"": [""localization""], ""score"": 0.5466}, {""review"": ""Plays well, fun writing, I like the developer. Also i play it on steam deck just fine. tweaked a couple controls for comfort but great way to play."", ""positive_topics"": [""gameplay"", ""story"", ""controls""], ""negative_topics"": [], ""score"": 0.4725}, {""review"": ""This game is definitely worth a playthrough! The art is handcrafted and BEAUTIFUL, and the localization allows the Chilean flavor of the game to come through in English without any awkwardness. The action is sharp and engaging. There's an option for two player co-op (and even couch co-op, which is sorely lacking these days!). The difficulty is real, but the combat and upgrade system does allow for building some seriously powerful combos. Especially if the game is on sale, pick it up!"", ""positive_topics"": [""graphics"", ""localization"", ""gameplay"", ""multiplayer"", ""difficulty_balance"", ""value""], ""negative_topics"": [], ""score"": 0.4621}]",True,matched_target_labels_only,True,
95736799,950370,neg__localization,neg__localization,"The translation is bad, at some points entirely unintelligible. The game play is decent at best, fairly mediocre for a tactics game. The adult content is mediocre at best. The game falsely advertises: 200 different weapons You can craft 5 or so variants of about 10 categories of weapons (with each variant having about 5 upgrades) = 50 ""types of weapons"" with 5 upgrades each = 250 items There is a couple of unique items you can get though. But I would hardly call this game having 200 actually different weapons. The real reason you should NOT buy this game is that it has an Game-ENDING glitch in Mission 11 (that has been known by the developer since 2019 and still no fix). So in Mission 11 you get a mission that starts out pretty much like the previous 10 missions: Cutscene -> Enemy Placement -> Game Play (Kill all enemy units). In this mission you however get a fairly large number of friendly units and a fairly large amount of enemies. No problem. EXCEPT the fact that one of your friendly units is PLACED ontop of an enemy unit, which glitches this unit out so that the game thinks it is friendly during your and friendly unit's turn, but the glitched enemy can attack you and the friendly units during its turn. So an enemy you can not kill in a battle where you have to kill all enemies. That is GAME-ENDING. And not only can you not kill this glitched enemy, if it attacks one of your friendly units the game will crash, so both Game-ENDING and Game-Crashing. So if this issue was fixed I might consider re-reviewing the game. If you consider this game for its Tactics game-play get Wargroove instead. If you consider this game for its adult content get another game with better quality art and better game play.",[],"[""localization"", ""gameplay"", ""content"", ""bugs""]",True,,gemma3:27b,pseudo_topics_rag_v3_embedding,"[{""review"": ""guns Guns and more GUNSSSS lol this game is insane once you start upgrading the ship i absolutely love it only thing tutorial is a little hard and to long an easy way to skip it would be a good add other than that this game amazing well done guys."", ""positive_topics"": [""gameplay""], ""negative_topics"": [""ui_ux""], ""score"": 0.4933}, {""review"": ""At 80 cents a minute, I would recommend that you look somewhere else. The only interesting this is the inclusion of a full length movie inside the game. Everything else looks like a mish mash of Unity assets from the store with unmodified enemy bodies. The gun play isn't terrible but honestly, I have no idea who this game is for. [URL]"", ""positive_topics"": [""content"", ""gameplay""], ""negative_topics"": [""value"", ""graphics""], ""score"": 0.4576}, {""review"": ""I am convinced this is the best mission in the game. I can't stop laughing while I play it."", ""positive_topics"": [""gameplay""], ""negative_topics"": [], ""score"": 0.4227}]",True,matched_target_labels_only,True,
202082710,3698050,neg__localization,neg__localization,"So I played through this in English and it's a really fantastic story! The twists and turns really kept me engaged and trying to unravel the mysteries. I think my initial reaction was ""Eh, predictable"" but the more I thought about it, the more I found that I really didn't see a lot of it coming. I noticed the English translation has quite a few errors in it. I tried to ignore them the best I could, but for a visual novel, immersion is so important and so many typos can take away from core moments in the game. I do recommend the game but I really hope someone looks at the English translation. However, I still really enjoyed the story and the art was nostalgic and sweet. I really liked it.","[""story"", ""graphics""]","[""localization""]",True,,gemma3:27b,pseudo_topics_rag_v3_embedding,"[{""review"": ""A nice little game, story oriented... Well it is a Visual Novel, so not really a \""game\"" tbh, more of an \""interactive story\"" where you can change the ending. Visuals are pretty nice and the soundtrack is really cool and chill, i really liked it ! It will take about 30min to 1hours to complete, and have Multiple endings. For its price tag, honestly, it is worth !"", ""positive_topics"": [""story"", ""graphics"", ""audio"", ""content"", ""replayability"", ""value""], ""negative_topics"": [], ""score"": 0.5779}, {""review"": ""The story, in my opinion, is too simple, but the gameplay makes a good impression. For such a small price, I recommend it."", ""positive_topics"": [""gameplay"", ""value""], ""negative_topics"": [""story""], ""score"": 0.5756}, {""review"": ""I really enjoyed this chapter. This is probably my favourite chapter so far, though it has some things holding it back from beating chapter 3, the best chapter. Positives: Best story of the entire series Looks great visually in some areas The new characters are awesome Interesting puzzles Great gameplay mechanics new and old Negatives: Bugs. There were so many at release and some still exists (like one to do with the Doctor's eye on the tv's). The improved story means that there is unskippable dialogue. A marketed character is unutilized and a major character can be a bit disappointing to some. Though great visually at times, it is a downgrade compared to chapter 3. Conclusion: its a great game with flaws. Its not as good as the previous chapter, but better than the first 2. 7.5-8/10"", ""positive_topics"": [""story"", ""graphics"", ""gameplay""], ""negative_topics"": [""bugs"", ""story"", ""graphics""], ""score"": 0.5691}]",True,matched_target_labels_only,True,
120591075,2012910,neg__localization,neg__localization,"holy shit where do i begin. this game is just amazing! it has the perfect amount of horror mixed in with storytelling, and an amazing atmosphere. this needs way more appreciation then it has. fix a few spelling errors and you're the next ""Superliminal""","[""story"", ""gameplay""]","[""localization""]",True,,gemma3:27b,pseudo_topics_rag_v3_embedding,"[{""review"": ""Slick graphics combine with an ominous atmosphere in an everchanging array of creepy nightmarish scenes as you try to discover the mystery behind missing young girl Amy. Very intelligent use of VR to keep you wondering whatever is coming next??? It's difficult to write this review and not give too much away, but a few minutes in and you'll be hooked! It's a dark and immersive experience that has some well executed white knuckle moments. It's a shame about the load times between scenes despite my beefy setup and depending on your exploration time, for the most part it's quite short, so grab it on sale. Great title for horror fans and to scare the wits out of your friends..."", ""positive_topics"": [""graphics"", ""gameplay"", ""content""], ""negative_topics"": [""performance"", ""value""], ""score"": 0.5775}, {""review"": ""at first look this game is quite dark and grim, plus pixataled, I am personaly not a fan of that graphic style, but the gameplay mechanics turned out to be quite fun, sometimes it really tests you reflexes, I like the challenge when there are many enemies in a row"", ""positive_topics"": [""gameplay""], ""negative_topics"": [""graphics""], ""score"": 0.5474}, {""review"": ""very interesting mix of a couple other horror titles cant wait try with some friends and to see where it goes"", ""positive_topics"": [""multiplayer""], ""negative_topics"": [], ""score"": 0.5422}]",True,matched_target_labels_only,True,
95221733,1527090,neg__localization,neg__localization,"The English translation is poor and you're essentially making choices at random and then trying to memorize which ones are correct. Based on the tags, I would love this game... except the tags are a bit lofty for what the game actually is. I'm getting a refund.",[],"[""localization"", ""value""]",True,,gemma3:27b,pseudo_topics_rag_v3_embedding,"[{""review"": ""Pretty decent board game! Fairly simple mechanics that let you have some strategy but also allows for some RNG stuff that can give you a boost. The biggest problem I had with this game was the translation was pretty broken English but I also understand that this is a super small Japanese developer who probably didn't have a lot of money for that to happen professionally. The English is still something that you can parse, it just takes a tad bit of effort sometimes. Still, minor quibble. There is something neat with this game and this dev deserved to finally have a positive review on Steam after a couple years without a single one. I like your game. Thank you."", ""positive_topics"": [""gameplay""], ""negative_topics"": [""localization""], ""score"": 0.516}, {""review"": ""This game is definitely worth a playthrough! The art is handcrafted and BEAUTIFUL, and the localization allows the Chilean flavor of the game to come through in English without any awkwardness. The action is sharp and engaging. There's an option for two player co-op (and even couch co-op, which is sorely lacking these days!). The difficulty is real, but the combat and upgrade system does allow for building some seriously powerful combos. Especially if the game is on sale, pick it up!"", ""positive_topics"": [""graphics"", ""localization"", ""gameplay"", ""multiplayer"", ""difficulty_balance"", ""value""], ""negative_topics"": [], ""score"": 0.4361}, {""review"": ""Since I was always studying animals as a kid, this was a relatively quick and easy game for me. There were admittedly a few animals that I just couldn't remember the name of, so it wasn't without a little challenge. The game plays as it should and everything is spelled correctly. The main negatives are that you only get 5 coins for each solved and just a one letter clue costs that much and a full solve costs 25 so someone who needs a lot of hints or only knows a few basic animals might find the game is not well balanced in this area. It also doesn't have achievements or any kind of in game reward system aside from the coins which add nothing to the game, so I would mainly recommend this game to someone who, like myself, was just interested in testing knowledge that hasn't been used in a few years and just wants to see how much they remember."", ""positive_topics"": [""gameplay"", ""localization""], ""negative_topics"": [""difficulty_balance"", ""content""], ""score"": 0.3932}]",True,matched_target_labels_only,True,
26401036,464670,neg__localization,neg__localization,"Great RM title that suffers from some grammar issues but has a solid core and decent story. Includes a free soundtrack, too! Aside from some minor translation errors (improper use of words and spelling mistakes) that are common with most RPG Maker games, this is actually a solid, well-built title. The amount of scripts used in the game (IYKYK) seems daunting, as the more you add to an RM game the more it tends to mess things up, but things gel and work cohesively very well. I've encountered only mild slow-down issues (the game suddenly drops to 5-10FPS) with the Dev having stated they are working on fixing it. A crude workaround is to hit Alt+Enter to make it switch between windowed and fullscreen or vice-versa As for the story, it's actually intriguing. The aforementioned typos are a little off-putting, but it is well crafted and has kept my attention so far. The puzzles are standard, with only one giving me serious pause until I figured out the trick. Then, it was actually rather ingenious in how simply it actually was. Is it worth the price? I got it on sale for around 5 bucks CAD, but I would say it's well worth the full price, and a must-buy on sale if you're a fan of games of this type. For an RM game it has a surprising amount of polish. Also of note: the launcher they included with the game and the extras. I LOVE THEM. It's something I think ALL RM games could benefit from, as it lets you decide if you want to start the game in fullscreen or windowed, and what ratio to make the game screen. It also offers direct links to where they are on your drive (no digging around) to the artbook AND it comes with a full soundtrack which was not mentioned on the Store Page. Bonus!","[""story"", ""value"", ""ui_ux"", ""audio""]","[""localization"", ""performance""]",True,,gemma3:27b,pseudo_topics_rag_v3_embedding,"[{""review"": ""It looks nice I guess, and has a few interesting ideas, but other than that it's pretty bland when it comes to gameplay. The movement system is kinda unresponsive and individual platforming sections are too short to bring that sweet parkour satisfaction. The story and dialogues straight up suck, and there's too much of them. And the game's definitely too expensive for what it has to offer. For me this title, and the fact that it was signed as an exclusive to epic games for the first year, perfectly shows the halfway point in the slow deterioration of the studio. From a passionate Heart Machine that brought the world Hyper Light Drifter, to the greedy dummies who don't even know what their first game got famous for and are now desperately trying to recreate it to no avail."", ""positive_topics"": [""graphics""], ""negative_topics"": [""gameplay"", ""controls"", ""story"", ""content"", ""value""], ""score"": 0.5671}, {""review"": ""This game is deceptively simple to play and has an amazing amount of depth whether its game play, story, art, colors and effects. The amount of bops in the soundtrack is INSANE, its hard not to like all of them. I have seriously considered buying the music from steam. if you are a fan of anime you will adore this game. The voice acting is top notch as well. Also if you are paying attention to the conversations you'll realize there is an incredible amount of foreshadowing in this short game. There are only 3 VERY MINOR things I didn't like in the game. 1. The UI in the home base menu is not really intuitive in my opinion, especially some navigation bits. 2. There are times where I'd like a certain someone to be quiet while I navigate the menu 3. Cant choose tracks to listen to in-game and if multiple muses activate, you cant click on one to play their theme in battle 4th and smallest thing, i just wish the game was longer story wise. Also be warned this game is not a game that you play quickly. each battle is like a mini puzzle that you want to take your time with to end in as little turns as possible. The game is simple but It can be confusing to understand how to actually play cards properly on top of navigation in dungeons. basically as with other roguelites, you are suppose to repeat dungeons until you build enough level to tackle harder ones, but the hidden gem is that you aren't just leveling up or acquiring new cards , you are leveling up your knowledge base of the mechanics which is not quantifiable in game but is absolutely a stat you're increasing. Its a nice game for your brain to be honest. Overall, A+ across the board for me. Play this game if you like anime girls, card games and colors"", ""positive_topics"": [""gameplay"", ""story"", ""graphics"", ""audio""], ""negative_topics"": [""ui_ux"", ""content""], ""score"": 0.5279}, {""review"": ""Overall: THIS GAME IS A SCAM. They re-release the same game over and over every time it gets too many negitive reviews. My review: I LOVE everything about the *idea* of this game... It is exactly the sort of game I could play for hours. The graphics are cute, there are fun critters to play with, and you get a bit of a simulation game that can develop to be more customly complex as you play more. It however does not live up to that and it has a dark, greedy secret: This is a remastered version of a game that is being given out to people for free who had the old version. You may wonder why it is being given out for free instead of just updating the old one... this is so that they can HIDE the previous bad reviews talking about how buggy the original was! Those bugs have NOT gone away! ...it is incredibly laggy with other bugs such as not launching (see the forums,) with no replies from the maker at all. IT GETS WORSE! This is at minimum, their FOURTH time releasing this game with little to no improvements (definately 0 bug fixes) each and every time! Previous re-releases went under the names: Fayre Trade: Cookery and Caravans - see the DLC for it, it's the exact same game Moonstone Tavern - Same game with some minor changes, still buggy The original Fortune's Tavern the \""bug fixes\"" for the pervious releases of this game do not work... for the previous four releases, or this release. I will check back on this game in a few months HOPING that this shady SCAM OF A GAME has been apologized for and that the bugs are fixed... it would be so much fun to play if it worked and wasn't atrociously hiding bad reviews to make money off of an already reported broken product. In the meantime I have reported this scam to Steam so they can look into the shady actions of this developer. I have never done that before, but this time it is the right thing to do :("", ""positive_topics"": [""graphics"", ""content""], ""negative_topics"": [""value"", ""bugs"", ""performance"", ""updates_support"", ""monetization""], ""score"": 0.5149}]",True,matched_target_labels_only,True,
82835667,1345810,neg__localization,neg__localization,I stopped playing and filed for a refund when I saw a word spelling error.,[],"[""localization"", ""value""]",True,,gemma3:27b,pseudo_topics_rag_v3_embedding,"[{""review"": ""have never been able to play any of these scenarios no refund issued BAD BAD BAD"", ""positive_topics"": [], ""negative_topics"": [""bugs"", ""value""], ""score"": 0.4749}, {""review"": ""Ran terribly, combat really floaty. refunded"", ""positive_topics"": [], ""negative_topics"": [""performance"", ""gameplay""], ""score"": 0.4012}, {""review"": ""Game crashed three times while trying to play it. That's as much as I plan to fool with it for a free game I was given in apology over another game. Can't say I got to play it too much because of all the trouble, so take that as you will. [URL] Here's some video of what it looks like played if you're interested, or read the other reviews. Here's the error my Steam now has (going to have to reboot) where it thinks the game is still running but it's not. [URL] It's not a huge thing - I just gotta reboot but it illustrates the issues."", ""positive_topics"": [], ""negative_topics"": [""bugs""], ""score"": 0.3663}]",True,matched_target_labels_only,True,
28957084,323490,neg__localization,neg__localization,"Simply amazing. I have never felt so happy and incentivized to do something before. In a time of depression, this game actually got me, when played in a certain routine, to get up and dream of the stories told, to imagine, to feel. There are a few typos but i am happy either way. Thank you DigitalEZ for publishing this and thank you to everyone who helped make this.","[""story"", ""value""]","[""localization""]",True,,gemma3:27b,pseudo_topics_rag_v3_embedding,"[{""review"": ""I enjoyed how you piece all the characters lives together to discover the story. Its an enjoyable and relaxing game."", ""positive_topics"": [""story"", ""gameplay""], ""negative_topics"": [], ""score"": 0.6012}, {""review"": ""The game is really great. I was playing to pass the time and soon I became addicted. The game is very fluid, and the features unlocked before the game starts and between waves add extra fun to the game. Also, the game is extremely cheap, I recommend it to everyone."", ""positive_topics"": [""gameplay"", ""value""], ""negative_topics"": [], ""score"": 0.5441}, {""review"": ""Played alittle of the story. Pretty fun game dev! I see alot of potential in this. Love the music! Wouldnt mind knowing where it came from. Ill see if i can convince my friends to play as well!"", ""positive_topics"": [""story"", ""audio"", ""multiplayer""], ""negative_topics"": [], ""score"": 0.5395}]",True,matched_target_labels_only,True,
187736980,3292590,neg__localization,neg__localization,"My Goddess's Deck Has No Pathetic Cards Story There isn't much of a story here. Basically, your protagonist, Fatima, is the guardian priestess of a nation, Donerksela, and she must help them manage their resources in order to expand their population and increase her power. Sadly, we don't really get much more dialogue than that. Some of the choices can let you be more lenient when it comes to your citizens' workload, but that's about it. We also never learn what's up with the enemies that show up, but the last guardian apparently failed to defeat them. All we know is that once the final boss is defeated on week 90, your protagonist is able to become a goddess or maybe something worse depending on your alignment. Your alignment stat determines what your character will look like, but I have no idea if going for negative alignment significantly changes the story. It probably doesn't change much, since there's no cutscene for winning the game. Personally, I'd like to see how ascending to goddesshood affects Fatima's relationship with her citizens. Gameplay As implied by the above section, the game is all about the resource management and card gameplay. You get a randomized board to build facilities on, and each tile has a preset type of facility you are allowed to build, but some cards allow you to override that restriction. Each facility also has durability that you have to look out for, though at high levels, you might not have to worry about that durability outside of friendly fire with your offensive cards. You generate a certain amount of resources each week depending on your facilities, so try to strike a balance so that you have every resource you need. However, to ensure you can't do a ton of stuff in one week, you have a set amount of EP that gets refilled each week. But what exactly are you spending resources on? Food is spent to increase your population, wood is spent to increase your population cap, gold is spent on passives in the study menu, fuel is spent on repairs and manipulating your hand of cards, and ore is spent on facility upgrades. Passive skills in the study require almost all types of resources, and the nodes you can upgrade are randomized, though you can spend more resources to change a node to something else. Enemies can inflict debuffs on you to slow down your resource production and they will also take up tiles on the map. Worse yet, they can attack your population, causing a game over if your population is wiped out. Because of this, you may want to store up some offensive cards while lowering the enemy spawn rate in the study menu. However, you still need some enemies to show up if you want to farm money for the shop. As for the bosses, which appear every 30 weeks, they have a lot of HP, clear all your resources, and deal massive population damage, but if you win, you get to pick a powerful relic to add a strong passive for the rest of the run. You can gain EXP and manipulate your alignment score to evolve Fatima into her next form. I'm not sure how this affects gameplay outside of aesthetics though. I think some transformations increase the number of card slots, which can help with stockpiling offensive cards. Evolution also unlocks the game animation speed setting in the options menu, but it feels wrong to hide such a feature behind game progress. Verdict 7/10 Once you get a hang of the mechanics, a casual run is fairly well-balanced, though the beginning of the game will be the hardest due to your lack of EP and card slots. Towards the end, you should have so many resources and passive buffs that you actually will feel like a goddess. Unfortunately, the game doesn't have much of a story and the translation is terrible, which makes it harder to learn from the tutorials and in-game manual. Maybe this would be better as a phone game considering how the gameplay loop works.","[""gameplay""]","[""story"", ""localization"", ""value""]",True,,gemma3:27b,pseudo_topics_rag_v3_embedding,"[{""review"": ""Mythical city is a very standard auto-RTS style game. You have a deck of cards that starts very simple, and every time you gain a level you can add new cards to your deck or upgrade your current ones. A genre that I mostly enjoy, the problems I have are the following: 1) The game does absolutely nothing new or exciting in any way, just the most basic forms of the genre 2) The UI is questionable at best, so you are often forced to guess at what potential upgrades might do 3) The resources you use to play cards accumulates so fast that you are just always playing all of your cards all the time, as fast as you can, which removes a lot of the strategy and also means: 4) you are trying to play your \""cards\"" so fast that there is never any time to observe what is happening. If I got to a later level and lost I would have no idea why, because I am spending all my attention trying to play cards faster 5) the game starts at you summoning 1-2 units/second and scales up quickly from there, so your outbound army is just an oozing mass of units that occupies the entire screen Overall not *bad* per se, perhaps a 4 or 5 out of 10, but there is absolutely nothing I see that is actively positive"", ""positive_topics"": [], ""negative_topics"": [""gameplay"", ""ui_ux""], ""score"": 0.484}, {""review"": ""Concept is good, art is great, music is good, story is pretty good.... but .... the gameplay is not very interesting. I did finish the game so it was not horrible but it did not really feel rewarding. The monster development was most disapointing, because it was really slim and basically just increasing stats. At start I tried to develop some monsters to see where the game would take me, but it did not take me anywhere. The skills and abilities of monsters were all there to see, there was no \""evolving\"" or \""upgrading\"" of any kind and there were generally too few skills so that the monsters did not feel different enough. Then there were some legendary monsters which made the regular monsters pretty much obsolete. Which mostly had to do with the staring level of legendaries, so they did not require any grinding. Once I started to get some more interesting monsters (legendaries) the game gave me so many in so short period of time, I did not feel like testing everything. Partly beacuse I did not have real challenges in the battles middle of game. Long story short, this game is a prime example of a game where developer knows what he wants to do, has a strong vision, enjoys making the game, but in the end does not have enough time and recources (or knowledge) to finish the game properly."", ""positive_topics"": [""graphics"", ""audio"", ""story""], ""negative_topics"": [""gameplay"", ""difficulty_balance"", ""content""], ""score"": 0.4034}, {""review"": ""Game is really good i give it an AdventNEON thumbs up! It was really fun dashing around as fast as I could, and the boss fights really made me feel like I was in a flash Sonic animation. Sound track is also good, aside from maybe one or two tracks. Didn't really get to listen too much of it in the game because I was too busy trying to dash as fast as I could. A few minor negatives though. Nothing too crazy that spoil the game for me, though It would be nice to have them fixed or ironed out in a potential sequel. -The story itself is alright, nothing too crazy. The game is mostly focused on being, you know, a game. -Sprite are did feel a bit inconsistent, especially when some were drawn at a perspective instead of flat. -There are a couple moments that break the immersion of the game. (Characters moving stiffly on a set path, bullets being shot not lining up with the barrel, sound effect when kicking up specifically stopped playing sometimes, stuff like that.) -Some parts can feel a bit jack to play. I can't remember what specifically, but there were some minor annoyances. (I'm looking at you, gears that I get stuck in during the time stop segments.) -Would've like some of the mechanics to be explained or introduced better as most of the time you are just thrown into them. I was able to catch of pretty easily, but sometimes it took a bit to understand them. -The game is TOO SHORT I WANT TO RUN AROUND MORE. All in all, extremely impressive for a solo dev. I hope we get to see Neon more in the future. Kachow. Also I remember there being some sort of fanart thing where fanart was going to be put in the game unless I'm misremembering things. If it is I would like to redraw mine it's been 4 years. Thanks."", ""positive_topics"": [""gameplay"", ""audio"", ""story"", ""graphics""], ""negative_topics"": [""graphics"", ""audio"", ""gameplay"", ""ui_ux"", ""content""], ""score"": 0.3545}]",True,matched_target_labels_only,True,
203224680,895870,neg__localization,neg__localization,"I liked this game a lot. The mechanics, the planes, the achievement that pings when they say the title of the game. It's great. I do kinda wish it used the AC 7 mouse system though, since it would make aiming the nose easier. Overall a great time. If the dev reads this: Please hire me to fix the subtitle typos. ( >_>)","[""gameplay""]","[""controls"", ""localization""]",True,,gemma3:27b,pseudo_topics_rag_v3_embedding,"[{""review"": ""Lack of tutorial made me feel completely lost. I couldn't navigate well and had a hard time figuring out the controls. Poor graphics and sound design is very obvious and gets boring very fast. Seems like not a lot of work was put into the game. Overall very unsatisfied."", ""positive_topics"": [], ""negative_topics"": [""ui_ux"", ""controls"", ""graphics"", ""audio""], ""score"": 0.5448}, {""review"": ""It looks nice I guess, and has a few interesting ideas, but other than that it's pretty bland when it comes to gameplay. The movement system is kinda unresponsive and individual platforming sections are too short to bring that sweet parkour satisfaction. The story and dialogues straight up suck, and there's too much of them. And the game's definitely too expensive for what it has to offer. For me this title, and the fact that it was signed as an exclusive to epic games for the first year, perfectly shows the halfway point in the slow deterioration of the studio. From a passionate Heart Machine that brought the world Hyper Light Drifter, to the greedy dummies who don't even know what their first game got famous for and are now desperately trying to recreate it to no avail."", ""positive_topics"": [""graphics""], ""negative_topics"": [""gameplay"", ""controls"", ""story"", ""content"", ""value""], ""score"": 0.5337}, {""review"": ""This game is a delight. I did have a few issues, in that the enemy placement fells a bit overwhelming and the movable blocks feel a bit hard to interact with, but the game has a really fun sound track and the character is adorable. Edit- I messed up and clicked the button for received for free instead of allow comments, pity my brain for not working"", ""positive_topics"": [""audio"", ""graphics""], ""negative_topics"": [""difficulty_balance"", ""controls""], ""score"": 0.5301}]",True,matched_target_labels_only,True,
117754992,1586920,neg__localization,neg__localization,"What is going on here? Typos galore and a labyrinth full of nonsense, not to mention bugs and softlocks. Nope!",[],"[""bugs"", ""localization"", ""ui_ux""]",True,,gemma3:27b,pseudo_topics_rag_v3_embedding,"[{""review"": ""long story short - nearly all the reviews are pre-update. I haven't noticed any bug until now and the game itself is something between okay and good. The release with the bugs wasn't lucky, but it now seems as the game would be really bad which simply it isn't."", ""positive_topics"": [""bugs"", ""updates_support""], ""negative_topics"": [], ""score"": 0.3561}, {""review"": ""Its bugged! Because of the script bugs you cant complete the game. Most of the main plot things dont appear in the game because of the glitches."", ""positive_topics"": [], ""negative_topics"": [""bugs""], ""score"": 0.3315}, {""review"": ""I WANTED to like this game. I spent over a year following it, waiting through multiple delayed release dates, and I kept looking forward to finally getting to play it. Unfortunately, once I was actually able to, I found it unplayable due to bugs - the game freezes at a specific point, and while you can go into the menu and save and such, it won't progress any further, and this has happened in all four routes that I tried. Now, I liked most of the characters, and the storyline seemed interesting (at least, what I could see of it). If the bugs were fixed, my opinion of the game might go up. But as far as I'm aware, the devs haven't even acknowledged the bugs, let alone made any attempt to fix them, so my recommendation is to not bother with this game. I regret wasting the money on it."", ""positive_topics"": [""story""], ""negative_topics"": [""bugs"", ""updates_support"", ""value""], ""score"": 0.3289}]",True,matched_target_labels_only,True,
69574834,1257440,neg__localization,neg__localization,"It's a little rough around the edges (a few typos here and there), but that's expected for a launch-day title. All told, enjoyable experience. If you are interested in the time period, pick this DLC up.","[""value""]","[""localization""]",True,,gemma3:27b,pseudo_topics_rag_v3_embedding,"[{""review"": ""It looks nice I guess, and has a few interesting ideas, but other than that it's pretty bland when it comes to gameplay. The movement system is kinda unresponsive and individual platforming sections are too short to bring that sweet parkour satisfaction. The story and dialogues straight up suck, and there's too much of them. And the game's definitely too expensive for what it has to offer. For me this title, and the fact that it was signed as an exclusive to epic games for the first year, perfectly shows the halfway point in the slow deterioration of the studio. From a passionate Heart Machine that brought the world Hyper Light Drifter, to the greedy dummies who don't even know what their first game got famous for and are now desperately trying to recreate it to no avail."", ""positive_topics"": [""graphics""], ""negative_topics"": [""gameplay"", ""controls"", ""story"", ""content"", ""value""], ""score"": 0.5498}, {""review"": ""I'll purely recommend this on the basis that it adds some extra flavor and content but unlike games from total war and paradox this dlc is not absurdly priced and or have game breaking mechanics added only with the dlc as well. 9 dollars for this dlc is more than fine for some new cultures and events"", ""positive_topics"": [""content"", ""value"", ""monetization""], ""negative_topics"": [], ""score"": 0.5474}, {""review"": ""While the main Planet felt thought through and rich, this DLC seems rushed out and glitchy all over the place. The layout is really bad, e.g. the multi-layered approach is just not working for the game and its frustrating to navigate. And the amount of graphical errors, floating rocks, broken meshes, mismatching collider vs. graphic meshes and all the navigation problems is so high, it feels like an alpha. (There were already quite some graphic glitches on the main game planet, but this one is REALLY bad..) Also, the amount of changes to the core gameplay is rather small, so no real \""new discovery\"" here.. TL;DR; Not worth the money."", ""positive_topics"": [], ""negative_topics"": [""content"", ""ui_ux"", ""bugs"", ""gameplay"", ""value""], ""score"": 0.5447}]",True,matched_target_labels_only,True,
202807880,2538520,neg__localization,neg__localization,Really nice short visual novel. Has some typos and such and maybe a bit too plainly written sometimes(personal preference) but still overall very nice. Seeing the dogs perspectives is also very cute and fun.,"[""story"", ""gameplay"", ""value""]","[""localization"", ""ui_ux""]",True,,gemma3:27b,pseudo_topics_rag_v3_embedding,"[{""review"": ""A nice little game, story oriented... Well it is a Visual Novel, so not really a \""game\"" tbh, more of an \""interactive story\"" where you can change the ending. Visuals are pretty nice and the soundtrack is really cool and chill, i really liked it ! It will take about 30min to 1hours to complete, and have Multiple endings. For its price tag, honestly, it is worth !"", ""positive_topics"": [""story"", ""graphics"", ""audio"", ""content"", ""replayability"", ""value""], ""negative_topics"": [], ""score"": 0.609}, {""review"": ""I enjoyed how you piece all the characters lives together to discover the story. Its an enjoyable and relaxing game."", ""positive_topics"": [""story"", ""gameplay""], ""negative_topics"": [], ""score"": 0.5304}, {""review"": ""The story, in my opinion, is too simple, but the gameplay makes a good impression. For such a small price, I recommend it."", ""positive_topics"": [""gameplay"", ""value""], ""negative_topics"": [""story""], ""score"": 0.5274}]",True,matched_target_labels_only,True,
49218856,369310,neg__localization,neg__localization,"an excellent tactical game with funny writing, pleasant graphics and music (don't forget to grab the free soundtrack dlc), volume sliders, speed settings, zoom in/out, and plenty of challenges in achievement form if simply completing the 4 campaigns (20 levels each, plus 8 tutorial levels) on their own isn't enough. it's possible that it will be, as there are a few really difficult levels, but no rng, everything's explained, you can see which unit can move where, how much damage they can take and deal, and what will happen at the end of the turn. highly recommended for tactics/puzzle fans, though I wish audio got muted when the game's minimized, and there's an annoying amount of missing apostrophes and other typos all over the place. unfortunately, I haven't been able to complete it yet, I'm stuck on human++ level 19, so 2 levels and the entire monster++ campaign left to do, but since the game's practically unknown, there's not much helpful info around.","[""gameplay"", ""graphics"", ""audio""]","[""localization""]",True,,gemma3:27b,pseudo_topics_rag_v3_embedding,"[{""review"": ""This game is deceptively simple to play and has an amazing amount of depth whether its game play, story, art, colors and effects. The amount of bops in the soundtrack is INSANE, its hard not to like all of them. I have seriously considered buying the music from steam. if you are a fan of anime you will adore this game. The voice acting is top notch as well. Also if you are paying attention to the conversations you'll realize there is an incredible amount of foreshadowing in this short game. There are only 3 VERY MINOR things I didn't like in the game. 1. The UI in the home base menu is not really intuitive in my opinion, especially some navigation bits. 2. There are times where I'd like a certain someone to be quiet while I navigate the menu 3. Cant choose tracks to listen to in-game and if multiple muses activate, you cant click on one to play their theme in battle 4th and smallest thing, i just wish the game was longer story wise. Also be warned this game is not a game that you play quickly. each battle is like a mini puzzle that you want to take your time with to end in as little turns as possible. The game is simple but It can be confusing to understand how to actually play cards properly on top of navigation in dungeons. basically as with other roguelites, you are suppose to repeat dungeons until you build enough level to tackle harder ones, but the hidden gem is that you aren't just leveling up or acquiring new cards , you are leveling up your knowledge base of the mechanics which is not quantifiable in game but is absolutely a stat you're increasing. Its a nice game for your brain to be honest. Overall, A+ across the board for me. Play this game if you like anime girls, card games and colors"", ""positive_topics"": [""gameplay"", ""story"", ""graphics"", ""audio""], ""negative_topics"": [""ui_ux"", ""content""], ""score"": 0.6335}, {""review"": ""I enjoyed the game for a bit, but there are numerous issues that made me stop playing: -Obvious bugs like menu items being incorrect or not working. Most of these are pre-existing bugs from many years ago that were ignored and never fixed. -Translation is actually worse than it used to be. Some item names actually don't make sense anymore. -Some alchemy recipes are listed incorrectly in-game (they take different materials than are listed in the in-game recipe). -Autobattle is too poorly implemented. -There are 2 audio sliders: BGM and VFX. Neither of these affect the voiceover volume which cannot be adjusted or silenced. -The original game came with a strategy guide which listed necessary information for playing the game (like stat requirements for classes.) There is no digital strategy guide, so if you want to play advanced classes you have to use google to look up the requirements. TLDR; Nothing was improved besides the graphics. All bugs and broken behaviors from the original are still there with no fixes."", ""positive_topics"": [""graphics""], ""negative_topics"": [""bugs"", ""localization"", ""gameplay"", ""audio"", ""ui_ux"", ""updates_support""], ""score"": 0.5646}, {""review"": ""The gameplay is level based and monotonous. its too easy to kite enemys, combat does not feel enjoyable and stealth just doesnt matter, theres very little to craft and half the things you can craft don't seem to do anything worthwhile. the visuals are alright, probably not to most peoples tastes though. I expected something a little darker and a bit gritty, but theres constantly stock music playing in the backround thats reminiscent of android shovelware. theres a few mechanics that seem to do nothing such as bagging corpses and the rage meter, which is basically a stamina bar. tho i have had negative rage before and nothing happened. Even though i only played the first 3 levels I dont wanna play anymore, first impressions are important and this left a sour taste in my mouth. Even though i will be refunding this game I wish the devs better luck on their next one."", ""positive_topics"": [""graphics""], ""negative_topics"": [""gameplay"", ""audio"", ""content"", ""bugs""], ""score"": 0.5228}]",True,matched_target_labels_only,True,
